aic,description,spend_eur,resolved,confidence,method,unresolved_category,units,content_per_unit_mg,total_content_mg,source_note
044885046,DARZALEX*SC 1FL 15ML 120MG/ML,26726877.13,True,Validated,parsed:vol_conc,,1,1800.0,1800.0,1FL 15ML 120MG/ML
044386023,KEYTRUDA*INFUS 1FL 4ML 25MG/ML,23504017.5,True,Validated,parsed:vol_conc,,1,100.0,100.0,1FL 4ML 25MG/ML
041663030,VYNDAQEL*30CPS MOLLI 61MG,19351875.69,True,Validated,parsed:direct_strength,,30,61.0,1830.0,30CPS MOLLI 61MG
048984013,KAFTRIO*56CPR RIV 100+50+75MG,17073819.8,True,Candidate,parsed:single_value_assumed_unit,,1,75.0,75.0,75MG
045889019,OCREVUS*INFUS 1FL 300MG 10ML,16972020.03,True,Validated,parsed:direct_strength,,1,300.0,300.0,1FL 300MG
043519053,KALYDECO*28CPR RIV 150MG,15147450.39,True,Validated,parsed:direct_strength,,28,150.0,4200.0,28CPR RIV 150MG
049328014,ENHERTU*INF 1FL POLV 100MG,11645103.97,True,Validated,parsed:direct_strength,,1,100.0,100.0,1FL POLV 100MG
044291033,OPDIVO*INFUS 1FL 24ML 10MG/ML,11627083.57,True,Validated,parsed:vol_conc,,1,240.0,240.0,1FL 24ML 10MG/ML
042868024,XTANDI*112CPR RIV 40MG,10602090.06,True,Validated,parsed:direct_strength,,112,40.0,4480.0,112CPR RIV 40MG
047525011,ERLEADA*112CPR RIV 60MG,9636774.71,True,Validated,parsed:direct_strength,,112,60.0,6720.0,112CPR RIV 60MG
042682017,PERJETA*EV 1F 420MG 30MG/ML,9211601.92,True,Validated,parsed:direct_strength,,1,420.0,420.0,1F 420MG
043873102,COSENTYX*SC SOLUZ 1PEN 300MG,8845672.4,True,Validated,parsed:direct_strength,,1,300.0,300.0,1PEN 300MG
043217025,TECFIDERA*56CPS 240MG,8682314.49,True,Validated,parsed:direct_strength,,56,240.0,13440.0,56CPS 240MG
044863025,TALTZ*SC 2PEN 1ML 80MG,8246352.17,True,Candidate,parsed:single_value_assumed_unit,,1,80.0,80.0,80MG
044729046,TAGRISSO*28CPR RIV 80MG,7942448.08,True,Validated,parsed:direct_strength,,28,80.0,2240.0,28CPR RIV 80MG
041225095,ELIQUIS*60CPR RIV 5MG,7928455.42,True,Validated,parsed:direct_strength,,60,5.0,300.0,60CPR RIV 5MG
038744189,XARELTO*28CPR RIV 20MG,7674048.63,True,Validated,parsed:direct_strength,,28,20.0,560.0,28CPR RIV 20MG
043783075,"TRULICITY*4PEN 1,5MG 0,5ML",7505823.46,True,Validated,parsed:direct_strength,,4,1.5,6.0,"4PEN 1,5MG"
040108033,PROLIA*SC 1SIR 60MG/ML,7355782.85,False,Unresolved,unresolved,other,,,,
044317030,REPATHA*SC 2PEN 140MG 1ML,7126816.57,True,Validated,parsed:direct_strength,,2,140.0,280.0,2PEN 140MG
035275015,FABRAZYME*IV 1FL 35MG,6982633.71,True,Validated,parsed:direct_strength,,1,35.0,35.0,1FL 35MG
038962181,OSSIGENO*CRIOGEN 31LT MOBILE,6877871.07,False,Unresolved,unresolved,oxygen_gas,,,,
039058045,OSSIGENO*CRIOGEN 31LT MOBILE,6794120.61,False,Unresolved,unresolved,oxygen_gas,,,,
043827029,OFEV*60CPS MOLLI 100MG,6645628.83,True,Validated,parsed:direct_strength,,60,100.0,6000.0,60CPS MOLLI 100MG
044315188,LIXIANA*28CPR RIV 60MG,6619134.45,True,Validated,parsed:direct_strength,,28,60.0,1680.0,28CPR RIV 60MG
048719052,RYBELSUS*30CPR 7MG,6529764.47,True,Validated,parsed:direct_strength,,30,7.0,210.0,30CPR 7MG
045676273,DUPIXENT*SC 2PEN 300MG 2ML,6509617.36,True,Validated,parsed:direct_strength,,2,300.0,600.0,2PEN 300MG
046128056,OZEMPIC*1PEN 1MG/D+4AGHI,6503751.51,False,Unresolved,unresolved,multi_active_combo,,,,
043619030,"XULTOPHY*5PEN 100U/ML+3,6MG/ML",6261199.25,False,Unresolved,unresolved,multi_active_combo,,,,
046773014,BIKTARVY*30CPR 50+200+25MG FL,6201259.69,True,Candidate,parsed:single_value_assumed_unit,,1,25.0,25.0,25MG
040949051,"GILENYA*28CPS 0,5MG",6198298.05,True,Validated,parsed:direct_strength,,28,0.5,14.0,"28CPS 0,5MG"
049429032,"KESIMPTA*SC 1PENNA 20MG 0,4ML",6157102.77,True,Validated,parsed:direct_strength,,1,20.0,20.0,1PENNA 20MG
048905020,REBLOZYL*SC 1FL POLV 75MG,6070710.45,True,Validated,parsed:direct_strength,,1,75.0,75.0,1FL POLV 75MG
045772023,TREMFYA*SC 1PEN 100MG/1ML,5976116.37,False,Unresolved,unresolved,single_dose_device_ambiguous,,,,
042494070,FORXIGA*28CPR RIV 10MG,5913448.08,True,Validated,parsed:direct_strength,,28,10.0,280.0,28CPR RIV 10MG
047821020,SKYRIZI*SC 1PEN 150MG 1ML,5716916.07,True,Validated,parsed:direct_strength,,1,150.0,150.0,1PEN 150MG
043827043,OFEV*60CPS MOLLI 150MG,5659555.87,True,Validated,parsed:direct_strength,,60,150.0,9000.0,60CPS MOLLI 150MG
042510014,EYLEA*INIET 1SIR 40MG/ML,5602825.33,False,Unresolved,unresolved,other,,,,
044891048,IDELVION*EV FL 2000UI+FL 5ML,5500257.68,False,Unresolved,unresolved,other,,,,
045198076,VENCLYXTO*112CPR RIV 100MG,5306938.57,True,Validated,parsed:direct_strength,,112,100.0,11200.0,112CPR RIV 100MG
041225032,"ELIQUIS*60CPR RIV 2,5MG",4960950.68,True,Validated,parsed:direct_strength,,60,2.5,150.0,"60CPR RIV 2,5MG"
044315051,LIXIANA*28CPR RIV 30MG,4901630.81,True,Validated,parsed:direct_strength,,28,30.0,840.0,28CPR RIV 30MG
043867023,OTEZLA*56CPR RIV 30MG,4885818.38,True,Validated,parsed:direct_strength,,56,30.0,1680.0,56CPR RIV 30MG
048059036,ULTOMIRIS*EV 1FL 11ML 100MG/ML,4825375.83,True,Validated,parsed:vol_conc,,1,1100.0,1100.0,1FL 11ML 100MG/ML
049288020,PHESGO*SC 1F 10ML 600MG+600MG,4794302.31,True,Candidate,parsed:single_value_assumed_unit,,1,600.0,600.0,600MG
041157138,HIZENTRA*SC 1FL 50ML 200MG/ML,4666687.0,True,Validated,parsed:vol_conc,,1,10000.0,10000.0,1FL 50ML 200MG/ML
044558017,ENTRESTO*28CPR RIV 24MG+26MG,4665903.41,True,Validated,parsed:direct_strength,,28,24.0,672.0,28CPR RIV 24MG
045104041,"INHIXA*10SIR 4000UI 0,4ML",4597291.38,False,Unresolved,unresolved,other,,,,
043143027,ABILIFY MAINTENA*IM FL 400MG+F,4596611.32,True,Candidate,parsed:single_value_assumed_unit,,1,400.0,400.0,400MG
046130047,HEMLIBRA*SC 150MG/ML 1ML,4394678.72,False,Unresolved,unresolved,other,,,,
049274020,"LEQVIO*SC 1SIR 1,5ML284MG+COPR",4252619.62,True,Candidate,parsed:single_value_assumed_unit,,1,284.0,284.0,284MG
043794041,LYNPARZA*56CPR RIV 150MG,4246091.43,True,Validated,parsed:direct_strength,,56,150.0,8400.0,56CPR RIV 150MG
049782016,BRUKINSA*120CPS 80MG FL,4134846.84,True,Validated,parsed:direct_strength,,120,80.0,9600.0,120CPS 80MG
043174022,OPSUMIT*30CPR RIV 10MG,4117657.85,True,Validated,parsed:direct_strength,,30,10.0,300.0,30CPR RIV 10MG
035373012,"REPLAGAL*EV INF 1MG/ML 3,5ML",3960511.58,False,Unresolved,unresolved,other,,,,
045618055,KISQALI*63CPR RIV 200MG,3954951.24,True,Validated,parsed:direct_strength,,63,200.0,12600.0,63CPR RIV 200MG
039472042,ILARIS*SC 1FL 150MG 1ML,3848941.55,True,Validated,parsed:direct_strength,,1,150.0,150.0,1FL 150MG
048070015,LIBTAYO*INFUS 1FL 350MG,3836843.91,True,Validated,parsed:direct_strength,,1,350.0,350.0,1FL 350MG
047089014,IMFINZI*EV 1FL 10ML 50MG/ML,3775452.68,True,Validated,parsed:vol_conc,,1,500.0,500.0,1FL 10ML 50MG/ML
038744138,XARELTO*42CPR RIV 15MG,3711713.65,True,Validated,parsed:direct_strength,,42,15.0,630.0,42CPR RIV 15MG
050291018,"AMVUTTRA*SC SIR 50MG/ML 0,5ML",3692428.3,False,Unresolved,unresolved,other,,,,
044553016,KYPROLIS*INFUS 1FL 60MG,3670548.75,True,Validated,parsed:direct_strength,,1,60.0,60.0,1FL 60MG
038936047,STELARA*SC 1SIR 1ML 90MG,3641491.05,True,Candidate,parsed:single_value_assumed_unit,,1,90.0,90.0,90MG
044268023,"GARDASIL 9*IM 1SIR 0,5ML+2AGHI",3578790.6,False,Unresolved,unresolved,other,,,,
037150012,TYSABRI*IV FL300MG 15ML20MG/ML,3479113.86,True,Candidate,parsed:single_value_assumed_unit,,1,300.0,300.0,300MG
039541014,"SIMPONI*SC 1PEN 50MG 0,5ML",3459425.62,True,Validated,parsed:direct_strength,,1,50.0,50.0,1PEN 50MG
043443136,JARDIANCE*28CPR RIV 10MG,3444609.26,True,Validated,parsed:direct_strength,,28,10.0,280.0,28CPR RIV 10MG
042226151,JAKAVI*56CPR 10MG,3443471.19,True,Validated,parsed:direct_strength,,56,10.0,560.0,56CPR 10MG
036892089,XOLAIR*SC 1SIR 150MG 1ML,3427451.25,True,Validated,parsed:direct_strength,,1,150.0,150.0,1SIR 150MG
038944423,OSSIGENO*CRIOGEN 20000LT FISSO,3412272.87,False,Unresolved,unresolved,oxygen_gas,,,,
048719088,RYBELSUS*30CPR 14MG,3252888.82,True,Validated,parsed:direct_strength,,30,14.0,420.0,30CPR 14MG
044648032,NUCALA*SC 1PEN 100MG/ML 1ML,3249595.22,False,Unresolved,unresolved,other,,,,
044500080,PRALUENT*SC 2PEN 150MG 1ML,3244711.55,True,Validated,parsed:direct_strength,,2,150.0,300.0,2PEN 150MG
049155031,CALQUENCE*56CPR RIV 100MG,3210863.42,True,Validated,parsed:direct_strength,,56,100.0,5600.0,56CPR RIV 100MG
043442019,ENTYVIO*IV 1FL 300MG,3135889.05,True,Validated,parsed:direct_strength,,1,300.0,300.0,1FL 300MG
042658029,TRESIBA*FLEXT 5PEN 3ML 100U/ML,3112263.28,False,Unresolved,unresolved,other,,,,
028581015,AMBISOME LIPOSOM*EV 10FL 50MG,3104256.12,True,Authoritative,aifa_ingredient_authoritative,,,,50.0,AMFOTERICINA B 50milligrammi
043693050,IMBRUVICA*30CPR RIV 420MG,3014841.79,True,Validated,parsed:direct_strength,,30,420.0,12600.0,30CPR RIV 420MG
038083010,SOLIRIS*EV 1FL 300MG 30ML,2936483.46,True,Validated,parsed:direct_strength,,1,300.0,300.0,1FL 300MG
039539059,CIMZIA*SC 2PEN 200MG 1ML+2SALV,2920708.5,True,Validated,parsed:direct_strength,,2,200.0,400.0,2PEN 200MG
048059024,ULTOMIRIS*EV 1FL 3ML 100MG/ML,2900453.63,True,Validated,parsed:vol_conc,,1,300.0,300.0,1FL 3ML 100MG/ML
044386035,KEYTRUDA*INFUS 2FL 4ML 25MG/ML,2887460.57,True,Validated,parsed:vol_conc,,2,100.0,200.0,2FL 4ML 25MG/ML
048668026,NUSTENDI*28CPR RIV 180MG+10MG,2865238.13,True,Validated,parsed:direct_strength,,28,180.0,5040.0,28CPR RIV 180MG
034088031,CEREZYME*IV 1FL 400U/10ML,2820965.19,False,Unresolved,unresolved,other,,,,
038962193,OSSIGENO*CRIOGEN 37LT MOBILE,2794897.93,False,Unresolved,unresolved,oxygen_gas,,,,
026999058,"DECAPEPTYL*IM 11,25MG+2ML+1SIR",2791864.63,True,Authoritative,aifa_ingredient_authoritative,,,,15.0,TRIPTORELINA EMBONATO 15milligrammi
045267010,ALECENSA*224CPS 150MG,2776076.7,True,Validated,parsed:direct_strength,,224,150.0,33600.0,224CPS 150MG
045613015,BAVENCIO*EV 1FL 10ML 20MG/ML,2755209.25,True,Validated,parsed:vol_conc,,1,200.0,200.0,1FL 10ML 20MG/ML
047418049,"JIVI*EV FL 2000UI+SIR 2,5ML",2736136.75,False,Unresolved,unresolved,other,,,,
045660014,SYMTUZA*30CPR 800+150+200+10MG,2714915.9,True,Candidate,parsed:single_value_assumed_unit,,1,10.0,10.0,10MG
046128031,"OZEMPIC*1PEN 0,5MG/D+4AGHI",2712350.4,False,Unresolved,unresolved,multi_active_combo,,,,
047091145,VERZENIOS*28CPR RIV 150MG,2710948.41,True,Validated,parsed:direct_strength,,28,150.0,4200.0,28CPR RIV 150MG
042226086,JAKAVI*56CPR 15MG,2706855.15,True,Validated,parsed:direct_strength,,56,15.0,840.0,56CPR 15MG
045590015,TECENTRIQ*INFUS 1200MG 20ML,2677824.33,True,Candidate,parsed:single_value_assumed_unit,,1,1200.0,1200.0,1200MG
043192347,"TOUJEO*SOLOS 3PEN 300U/ML1,5ML",2653868.35,False,Unresolved,unresolved,other,,,,
049370012,"EVRYSDI*1FL 0,75MG/ML+5SIR",2596577.32,False,Unresolved,unresolved,multi_active_combo,,,,
041157102,HIZENTRA*SC 1FL 20ML 200MG/ML,2594606.92,True,Validated,parsed:vol_conc,,1,4000.0,4000.0,1FL 20ML 200MG/ML
045618030,KISQALI*42CPR RIV 200MG,2581964.82,True,Validated,parsed:direct_strength,,42,200.0,8400.0,42CPR RIV 200MG
042923045,TAFINLAR*120CPS 75MG FL,2565850.06,True,Validated,parsed:direct_strength,,120,75.0,9000.0,120CPS 75MG
047091121,VERZENIOS*28CPR RIV 100MG,2550778.83,True,Validated,parsed:direct_strength,,28,100.0,2800.0,28CPR RIV 100MG
048773055,"ZOLGENSMA*EV 2FL5,5ML+2FL8,3ML",2512875.33,False,Unresolved,unresolved,other,,,,
046337022,"SHINGRIX*IM 10FL 50MCG 0,5ML",2485022.91,True,Validated,parsed:direct_strength,,10,0.05,0.5,10FL 50MCG
047417047,TAKHZYRO*SC 1SIR 300MG 2ML,2473539.76,True,Validated,parsed:direct_strength,,1,300.0,300.0,1SIR 300MG
048854020,VEKLURY*EV 1FL 100MG POLV,2464251.92,True,Validated,parsed:direct_strength,,1,100.0,100.0,1FL 100MG
045260104,OLUMIANT*28CPR RIV 4MG,2457699.52,True,Validated,parsed:direct_strength,,28,4.0,112.0,28CPR RIV 4MG
042448011,ADCETRIS*1FL EV 50MG POLV,2415177.56,True,Validated,parsed:direct_strength,,1,50.0,50.0,1FL EV 50MG
028282871,IOMERON 400*IV 500ML 400MG/ML,2379528.8,False,Unresolved,unresolved,other,,,,
039712017,PRIVIGEN*EV 1FL 50ML 100MG/ML,2370402.29,True,Validated,parsed:vol_conc,,1,5000.0,5000.0,1FL 50ML 100MG/ML
039827050,REVOLADE*28CPR RIV 50MG,2341832.38,True,Validated,parsed:direct_strength,,28,50.0,1400.0,28CPR RIV 50MG
038190512,BINOCRIT*1SIR40.000UI 1ML+DISP,2316689.14,False,Unresolved,unresolved,other,,,,
036885034,DUODOPA*7FL 10ML 240MG+12MG/ML,2298619.24,True,Candidate,parsed:single_value_assumed_unit,,1,240.0,240.0,240MG
045936147,ADYNOVI*EV 2000UI+FL SOLV 5ML,2289030.66,False,Unresolved,unresolved,other,,,,
048617031,SARCLISA*EV FL 500MG/25ML,2288391.76,False,Unresolved,unresolved,other,,,,
048722019,FETCROJA*10FL EV 1G POLV,2247058.88,True,Validated,parsed:direct_strength,,10,1000.0,10000.0,10FL EV 1G
045676172,DUPIXENT*SC 1PEN 300MG 2ML,2242274.6,True,Validated,parsed:direct_strength,,1,300.0,300.0,1PEN 300MG
043873052,COSENTYX*SC SOLUZ 2PEN 150MG,2198557.38,True,Validated,parsed:direct_strength,,2,150.0,300.0,2PEN 150MG
044500027,PRALUENT*SC 2PEN 75MG 1ML,2194369.44,True,Validated,parsed:direct_strength,,2,75.0,150.0,2PEN 75MG
049693068,BIMZELX*SC 2PEN 1ML 160MG/ML,2177098.43,True,Validated,parsed:vol_conc,,2,160.0,320.0,2PEN 1ML 160MG/ML
038937088,"ROACTEMRA*SC 4SIR 162MG 0,9ML",2174460.37,True,Validated,parsed:direct_strength,,4,162.0,648.0,4SIR 162MG
048083051,ESPEROCT*IV 1FL 3000UI+SIR PRE,2101695.51,False,Unresolved,unresolved,other,,,,
046995015,YESCARTA*EV 1 SACCA,2077627.2,False,Unresolved,unresolved,other,,,,
048610012,NUBEQA*112CPR RIV 300MG,2064289.89,True,Validated,parsed:direct_strength,,112,300.0,33600.0,112CPR RIV 300MG
037989086,ORENCIA*SC 4SIR 125MG/ML,2041602.74,False,Unresolved,unresolved,other,,,,
044500193,PRALUENT*SC 1PEN 300MG 2ML,1989149.9,True,Validated,parsed:direct_strength,,1,300.0,300.0,1PEN 300MG
047426010,DELSTRIGO*30CPR 100+300+245MG,1957211.35,True,Candidate,parsed:single_value_assumed_unit,,1,245.0,245.0,245MG
036584035,ERBITUX*INFUS 1FL 20ML 5MG/ML,1954494.6,True,Validated,parsed:vol_conc,,1,100.0,100.0,1FL 20ML 5MG/ML
045676069,DUPIXENT*SC 2SIR 300MG 2ML,1926825.91,True,Validated,parsed:direct_strength,,2,300.0,600.0,2SIR 300MG
050231012,"VABYSMO*1FL 120MG/ML 0,24ML",1918231.52,False,Unresolved,unresolved,other,,,,
042687018,"BEXSERO*IM 1SIR 0,5ML+AGO",1907664.89,False,Unresolved,unresolved,other,,,,
045931019,FASENRA*SC 1SIR 1ML 30MG/ML,1899393.05,True,Validated,parsed:vol_conc,,1,30.0,30.0,1SIR 1ML 30MG/ML
039541038,"SIMPONI*SC 1SIR 50MG 0,5ML",1873418.62,True,Validated,parsed:direct_strength,,1,50.0,50.0,1SIR 50MG
030902365,"SODIO CLORURO*0,9% 20FL 100ML",1833933.18,False,Unresolved,unresolved,other,,,,
026999021,"DECAPEPTYL*IM FL3,75MG+2ML+SIR",1826798.68,True,Authoritative,aifa_ingredient_authoritative,,,,3.75,TRIPTORELINA 3.75milligrammi
029399134,IPSTYL*SC SIR 120MG,1823399.45,True,Authoritative,aifa_ingredient_authoritative,,,,120.0,LANREOTIDE 120milligrammi
042853059,ICLUSIG*30CPR RIV 15MG FL,1811268.74,True,Validated,parsed:direct_strength,,30,15.0,450.0,30CPR RIV 15MG
048058034,DOVATO*30CPR RIV 50MG+300MG,1777524.52,True,Validated,parsed:direct_strength,,30,50.0,1500.0,30CPR RIV 50MG
050357514,MOUNJARO*4DOSI DA 5MG 1KWIKPEN,1763249.41,True,Candidate,parsed:single_value_assumed_unit,,1,5.0,5.0,5MG
036885010,DUODOPA*7SA 100ML 20MG+5MG/ML,1760678.62,True,Candidate,parsed:single_value_assumed_unit,,1,20.0,20.0,20MG
043092016,KADCYLA*INF 1FL POLV 100MG 5ML,1756120.47,True,Validated,parsed:direct_strength,,1,100.0,100.0,1FL POLV 100MG
040251035,FERINJECT*INF 1FL 10ML 50MG/ML,1747115.42,True,Validated,parsed:vol_conc,,1,500.0,500.0,1FL 10ML 50MG/ML
027083106,SANDOSTATINA LAR*FL 30MG+SIR,1734436.97,True,Authoritative,aifa_ingredient_authoritative,,,,33.6,OCTREOTIDE ACETATO 33.6milligrammi
040138012,OZURDEX*IMP INTRAVIT 700MCG+AP,1700423.36,True,Candidate,parsed:single_value_assumed_unit,,1,0.7,0.7,700MCG
034949026,HERCEPTIN*SC 1FL 600MG 5ML,1699471.78,True,Validated,parsed:direct_strength,,1,600.0,600.0,1FL 600MG
047822010,ONDEXXYA*EV POLV 4FL 200MG,1658022.24,True,Validated,parsed:direct_strength,,4,200.0,800.0,4FL 200MG
045676184,DUPIXENT*SC 2PEN 300MG 2ML,1626879.89,True,Validated,parsed:direct_strength,,2,300.0,600.0,2PEN 300MG
048797031,FLUAD TETRA*10SIR+AGO 24-25,1618980.0,False,Unresolved,unresolved,other,,,,
044928012,EPCLUSA*28CPR RIV 400+100MG FL,1612449.45,True,Candidate,parsed:single_value_assumed_unit,,1,100.0,100.0,100MG
026863163,"SAIZEN*1CART 8MG/ML 1,50ML",1604008.18,True,Authoritative,aifa_ingredient_authoritative,,,,8.0,SOMATROPINA 8milligrammi
043208091,XIGDUO*56CPR RIV 5MG+1000MG,1594199.7,True,Validated,parsed:direct_strength,,56,5.0,280.0,56CPR RIV 5MG
037709019,PROLASTIN*EV 1F 1000MG+1F 40ML,1589021.79,True,Validated,parsed:direct_strength,,1,1000.0,1000.0,1F 1000MG
046130035,"HEMLIBRA*SC 150MG/ML 0,7ML",1573093.27,False,Unresolved,unresolved,other,,,,
037150024,TYSABRI*SC 2SIR 1ML 150MG/ML,1572989.14,True,Validated,parsed:vol_conc,,2,150.0,300.0,2SIR 1ML 150MG/ML
042921027,AUBAGIO*28CPR RIV 14MG,1572843.85,True,Validated,parsed:direct_strength,,28,14.0,392.0,28CPR RIV 14MG
045488032,REFIXIA*EV 1FL 2000UI+SIR4ML+S,1564662.0,False,Unresolved,unresolved,other,,,,
046638019,JULUCA*30CPR RIV 50+25MG FL,1552175.72,True,Candidate,parsed:single_value_assumed_unit,,1,25.0,25.0,25MG
044931018,"ZAVICEFTA*EV INFUS 10F 2G+0,5G",1548887.38,True,Validated,parsed:direct_strength,,10,2000.0,20000.0,10F 2G
048251019,EPIDYOLEX*OS SOLUZ 10G 100ML,1541794.08,True,Candidate,parsed:single_value_assumed_unit,,1,10000.0,10000.0,10G
038347035,VECTIBIX*INFUS FL 20ML 20MG/ML,1540486.35,True,Candidate,parsed:implied_unit_vol_conc,,1,400.0,400.0,FL 20ML 20MG/ML
046130023,"HEMLIBRA*SC 150MG/ML 0,4ML",1528119.15,False,Unresolved,unresolved,other,,,,
027015282,EPREX*1SIR 40000UI 1ML,1524467.14,False,Unresolved,unresolved,other,,,,
044691020,BENEPALI*4PEN 50MG 1ML,1518885.93,True,Validated,parsed:direct_strength,,4,50.0,200.0,4PEN 50MG
037149010,GLUSCAN*1FL 600MBQ/ML 10ML,1507466.27,False,Unresolved,unresolved,other,,,,
043524065,MEKINIST*30CPR RIV 2MG FL,1504671.43,True,Validated,parsed:direct_strength,,30,2.0,60.0,30CPR RIV 2MG
048984025,"KAFTRIO*56CPR RIV 37,5+25+50MG",1504519.64,True,Candidate,parsed:single_value_assumed_unit,,1,50.0,50.0,50MG
039827023,REVOLADE*28CPR RIV 25MG,1494441.83,True,Validated,parsed:direct_strength,,28,25.0,700.0,28CPR RIV 25MG
024748042,PROVERTINUM*EV FL 600UI,1489210.47,False,Unresolved,unresolved,other,,,,
040546044,BRILIQUE*56CPR RIV 90MG,1481870.54,True,Validated,parsed:direct_strength,,56,90.0,5040.0,56CPR RIV 90MG
046989012,CABLIVI*SC EV 1FL 10MG+1SIR1ML,1480545.35,True,Validated,parsed:direct_strength,,1,10.0,10.0,1FL 10MG
049692027,"VOXZOGO*SC 10FL 0,56MG",1466986.41,True,Validated,parsed:direct_strength,,10,0.56,5.6,"10FL 0,56MG"
045106046,CABOMETYX*30CPR RIV 40MG FL,1450305.76,True,Validated,parsed:direct_strength,,30,40.0,1200.0,30CPR RIV 40MG
043693062,IMBRUVICA*30CPR RIV 560MG,1447287.38,True,Validated,parsed:direct_strength,,30,560.0,16800.0,30CPR RIV 560MG
049825058,"VAXNEUVANCE*IM 1SIR 0,5ML+2AGH",1446557.21,False,Unresolved,unresolved,other,,,,
041300017,"XGEVA*SC 1FL 120MG 1,7ML",1429358.0,True,Validated,parsed:direct_strength,,1,120.0,120.0,1FL 120MG
048719025,RYBELSUS*30CPR 3MG,1422319.38,True,Validated,parsed:direct_strength,,30,3.0,90.0,30CPR 3MG
048818025,"ZEPOSIA*28CPS 0,92MG",1420939.18,True,Validated,parsed:direct_strength,,28,0.92,25.76,"28CPS 0,92MG"
028687034,RECOMBINATE*EV 1000UI+FL 10ML,1413065.5,False,Unresolved,unresolved,other,,,,
047422011,VABOREM*EV 6FL 1G+1G,1412717.84,True,Validated,parsed:direct_strength,,6,1000.0,6000.0,6FL 1G
043066012,"DEFITELIO*10FL 2,5ML 80MG/ML",1396428.0,True,Validated,parsed:vol_conc,,10,200.0,2000.0,"10FL 2,5ML 80MG/ML"
037989112,ORENCIA*SC 4PEN 125MG/ML CLICK,1391549.27,False,Unresolved,unresolved,other,,,,
027066137,"ENANTONE*IM SC SIR11,25MG/MLRP",1381074.55,False,Unresolved,unresolved,other,,,,
042226112,JAKAVI*56CPR 20MG,1369884.88,True,Validated,parsed:direct_strength,,56,20.0,1120.0,56CPR 20MG
045931021,FASENRA*SC 1PEN 1ML 30MG/ML,1364784.36,True,Validated,parsed:vol_conc,,1,30.0,30.0,1PEN 1ML 30MG/ML
043693100,IMBRUVICA*30CPR RIV 280MG,1352942.88,True,Validated,parsed:direct_strength,,30,280.0,8400.0,30CPR RIV 280MG
050184011,NEXVIADYME*EV 1FL 100MG POLV,1351421.84,True,Validated,parsed:direct_strength,,1,100.0,100.0,1FL 100MG
044558031,ENTRESTO*56CPR RIV 49MG+51MG,1336957.13,True,Validated,parsed:direct_strength,,56,49.0,2744.0,56CPR RIV 49MG
042226050,JAKAVI*56CPR 5MG,1328895.75,True,Validated,parsed:direct_strength,,56,5.0,280.0,56CPR 5MG
038936035,"STELARA*SC 1SIR 0,5ML 45MG",1324411.99,True,Candidate,parsed:single_value_assumed_unit,,1,45.0,45.0,45MG
045320037,XELJANZ*56CPR RIV 5MG,1319561.64,True,Validated,parsed:direct_strength,,56,5.0,280.0,56CPR RIV 5MG
051753034,"FLUAD*IM 10SIR 0,5ML 2025-2026",1316865.0,False,Unresolved,unresolved,other,,,,
028282376,IOMERON 400*IV FL 200ML,1315515.16,False,Unresolved,unresolved,other,,,,
043783024,"TRULICITY*4PEN 0,75MG 0,5ML",1314742.1,True,Validated,parsed:direct_strength,,4,0.75,3.0,"4PEN 0,75MG"
048399012,RINVOQ*28CPR 15MG RP,1303953.07,True,Validated,parsed:direct_strength,,28,15.0,420.0,28CPR 15MG
044930016,ODEFSEY*30CPR 200+25+25MG FL,1290363.89,True,Candidate,parsed:single_value_assumed_unit,,1,25.0,25.0,25MG
035724246,LANTUS*SOLOST 5PEN 100U/ML 3ML,1287492.3,False,Unresolved,unresolved,other,,,,
038451074,PRADAXA*60CPS 110MG,1281666.81,True,Validated,parsed:direct_strength,,60,110.0,6600.0,60CPS 110MG
030902391,"SODIO CLORURO*0,9% 10FL 500ML",1278924.72,False,Unresolved,unresolved,other,,,,
047791013,"AJOVY*SC 1SIR 1,5ML 225MG",1248231.48,True,Candidate,parsed:single_value_assumed_unit,,1,225.0,225.0,225MG
045445018,MAVIRET*84CPR RIV 100MG+40MG,1248164.16,True,Validated,parsed:direct_strength,,84,100.0,8400.0,84CPR RIV 100MG
027066125,"ENANTONE*IM SC SIR3,75MG/ML RP",1236028.42,False,Unresolved,unresolved,other,,,,
048058010,DOVATO*30CPR RIV 50MG+300MG FL,1219855.01,True,Validated,parsed:direct_strength,,30,50.0,1500.0,30CPR RIV 50MG
045172107,IBRANCE*21CPR RIV 75MG,1218961.98,True,Validated,parsed:direct_strength,,21,75.0,1575.0,21CPR RIV 75MG
047198027,BRAFTOVI*42CPS 75MG,1209107.91,True,Validated,parsed:direct_strength,,42,75.0,3150.0,42CPS 75MG
049148012,TECARTUS*EV 1 SACCA,1197256.5,False,Unresolved,unresolved,other,,,,
048721029,NILEMDO*28CPR RIV 180MG,1189826.56,True,Validated,parsed:direct_strength,,28,180.0,5040.0,28CPR RIV 180MG
044563070,ELOCTA*IV 1FL 2000UI+SIR PRERI,1185760.17,False,Unresolved,unresolved,other,,,,
045104066,"INHIXA*10SIR 6000UI 0,6ML",1168092.56,False,Unresolved,unresolved,other,,,,
050403029,"BEYFORTUS*IM 1SIR0,5ML100MG/ML",1153538.13,True,Validated,parsed:vol_conc,,1,50.0,50.0,"1SIR0,5ML100MG/ML"
042171090,BCG MEDAC*1FL+1SAC 50ML,1148747.03,False,Unresolved,unresolved,other,,,,
026600078,HAEMATE P*EV 1000UI+2400UI15ML,1140142.88,False,Unresolved,unresolved,other,,,,
048083048,ESPEROCT*IV 1FL 2000UI+SIR PRE,1136586.68,False,Unresolved,unresolved,other,,,,
047821032,SKYRIZI*SC 1SIR 150MG 1ML,1134679.61,True,Validated,parsed:direct_strength,,1,150.0,150.0,1SIR 150MG
049780012,TRODELVY*EV 1FL POLV 200MG,1123693.85,True,Validated,parsed:direct_strength,,1,200.0,200.0,1FL POLV 200MG
044200020,LENVIMA*30CPS 10MG,1123585.05,True,Validated,parsed:direct_strength,,30,10.0,300.0,30CPS 10MG
044528026,CRESEMBA*14CPS 100MG,1120981.14,True,Validated,parsed:direct_strength,,14,100.0,1400.0,14CPS 100MG
045772011,TREMFYA*SC 1SIR 100MG/1ML,1119452.18,False,Unresolved,unresolved,single_dose_device_ambiguous,,,,
049453018,JEMPERLI*EV 1FL 10ML 50MG/ML,1111325.94,True,Validated,parsed:vol_conc,,1,500.0,500.0,1FL 10ML 50MG/ML
044888042,ALPROLIX*1FL 2000UI+1SIR 5ML,1103160.96,False,Unresolved,unresolved,other,,,,
036373102,"CERTICAN*60CPR 0,75MG",1101929.91,True,Validated,parsed:direct_strength,,60,0.75,45.0,"60CPR 0,75MG"
045615010,MAVENCLAD*1CPR 10MG,1100740.01,True,Validated,parsed:direct_strength,,1,10.0,10.0,1CPR 10MG
048440034,MAYZENT*28CPR RIV 2MG,1091790.5,True,Validated,parsed:direct_strength,,28,2.0,56.0,28CPR RIV 2MG
043646052,INFECTOFOS*EV 10FL 4G 100ML,1090758.35,True,Validated,parsed:direct_strength,,10,4000.0,40000.0,10FL 4G
046130011,HEMLIBRA*SC 30MG/ML 1ML,1087010.57,False,Unresolved,unresolved,other,,,,
043908019,XYDALBA*EV 1FL 500MG,1082878.62,True,Validated,parsed:direct_strength,,1,500.0,500.0,1FL 500MG
038558021,TEXTAZO*EV 1FL 4G+500MG,1080341.22,True,Validated,parsed:direct_strength,,1,4000.0,4000.0,1FL 4G
047091107,VERZENIOS*28CPR RIV 50MG,1079929.71,True,Validated,parsed:direct_strength,,28,50.0,1400.0,28CPR RIV 50MG
042927032,IMNOVID*21CPS 3MG,1078369.96,True,Validated,parsed:direct_strength,,21,3.0,63.0,21CPS 3MG
036893105,"PROQUAD*SC 1FL 0,5ML+1SIR+2AGH",1077516.0,False,Unresolved,unresolved,other,,,,
038328062,TASIGNA*112CPS 150MG,1077128.27,True,Validated,parsed:direct_strength,,112,150.0,16800.0,112CPS 150MG
046337010,"SHINGRIX*IM 1FL 50MCG 0,5ML",1072507.72,True,Validated,parsed:direct_strength,,1,0.05,0.05,1FL 50MCG
038904924,OSSIGENO*CRIOGEN 41000LT FISSO,1069737.92,False,Unresolved,unresolved,oxygen_gas,,,,
045615046,MAVENCLAD*6CPR 10MG,1048310.01,True,Validated,parsed:direct_strength,,6,10.0,60.0,6CPR 10MG
038190498,"BINOCRIT*1SIR30.000UI 0,75ML+D",1035606.8,False,Unresolved,unresolved,other,,,,
027959028,CERNEVIT*INIET 10FL POLV,1034465.75,False,Unresolved,unresolved,other,,,,
036557015,"TACHOSIL*1MATRICE 9,5CMx4,8CM",1033222.19,False,Unresolved,unresolved,other,,,,
044729034,TAGRISSO*28CPR RIV 40MG,1005643.5,True,Validated,parsed:direct_strength,,28,40.0,1120.0,28CPR RIV 40MG
043092028,KADCYLA*INF 1FL POLV 160MG 8ML,1004152.19,True,Validated,parsed:direct_strength,,1,160.0,160.0,1FL POLV 160MG
049373018,INREBIC*120CPS 100MG FL,990228.42,True,Validated,parsed:direct_strength,,120,100.0,12000.0,120CPS 100MG
039539010,CIMZIA*SC 2SIR 200MG 1ML+2SALV,989322.09,True,Validated,parsed:direct_strength,,2,200.0,400.0,2SIR 200MG
043333133,"ADEMPAS*42CPR RIV 2,5MG",989051.27,True,Validated,parsed:direct_strength,,42,2.5,105.0,"42CPR RIV 2,5MG"
034529040,SYNAGIS*IM FL 1ML 100MG/ML,974597.87,True,Candidate,parsed:implied_unit_vol_conc,,1,100.0,100.0,FL 1ML 100MG/ML
045484019,"KYNTHEUM*2SIR 210MG 1,5ML",972200.33,True,Validated,parsed:direct_strength,,2,210.0,420.0,2SIR 210MG
043519077,KALYDECO*28CPR RIV 75MG,963258.78,True,Validated,parsed:direct_strength,,28,75.0,2100.0,28CPR RIV 75MG
045690068,ZEJULA*56CPR RIV 100MG,962096.6,True,Validated,parsed:direct_strength,,56,100.0,5600.0,56CPR RIV 100MG
049207044,TRESUVI*1FL 10ML 10MG/ML,961656.3,True,Validated,parsed:vol_conc,,1,100.0,100.0,1FL 10ML 10MG/ML
044648044,NUCALA*SC 3PEN 100MG/ML 1ML,957983.72,False,Unresolved,unresolved,other,,,,
044200018,LENVIMA*30CPS 4MG,956324.68,True,Validated,parsed:direct_strength,,30,4.0,120.0,30CPS 4MG
038190346,"BINOCRIT*6SIR 4.000UI 0,4ML+DI",954810.66,False,Unresolved,unresolved,other,,,,
042927044,IMNOVID*21CPS 4MG,949777.35,True,Validated,parsed:direct_strength,,21,4.0,84.0,21CPS 4MG
043533013,GAZYVARO*INF 1FL 1000MG/40ML,947968.9,False,Unresolved,unresolved,other,,,,
045106022,CABOMETYX*30CPR RIV 20MG FL,942689.41,True,Validated,parsed:direct_strength,,30,20.0,600.0,30CPR RIV 20MG
041381043,BENLYSTA*SC 4PEN 200MG,925697.71,True,Validated,parsed:direct_strength,,4,200.0,800.0,4PEN 200MG
042804056,HYQVIA*SC 1FL 300ML+1FL 15ML,920804.1,False,Unresolved,unresolved,other,,,,
044558068,ENTRESTO*56CPR RIV 97MG+103MG,920057.54,True,Validated,parsed:direct_strength,,56,97.0,5432.0,56CPR RIV 97MG
044888055,ALPROLIX*1FL 3000UI+1SIR 5ML,917722.08,False,Unresolved,unresolved,other,,,,
044229312,"SYNJARDY*56CPR RIV 12,5+1000MG",915394.02,True,Candidate,parsed:single_value_assumed_unit,,1,1000.0,1000.0,1000MG
045183050,GLYXAMBI*30CPR RIV 10MG+5MG,903653.7,True,Validated,parsed:direct_strength,,30,10.0,300.0,30CPR RIV 10MG
050354036,"TEZSPIRE*SC 1PEN 210MG 1,91ML",902670.63,True,Validated,parsed:direct_strength,,1,210.0,210.0,1PEN 210MG
038451112,PRADAXA*60CPS 150MG,893044.4,True,Validated,parsed:direct_strength,,60,150.0,9000.0,60CPS 150MG
045182060,PARSABIV*6FL INIETT 5MG 1ML,889089.74,True,Validated,parsed:direct_strength,,6,5.0,30.0,6FL INIETT 5MG
038944409,OSSIGENO*CRIOGEN 10000LT FISSO,881254.55,False,Unresolved,unresolved,oxygen_gas,,,,
043693086,IMBRUVICA*30CPR RIV 140MG,881031.22,True,Validated,parsed:direct_strength,,30,140.0,4200.0,30CPR RIV 140MG
033315033,"MABTHERA*SC 1FL 1400MG/11,7ML",880287.76,False,Unresolved,unresolved,other,,,,
045172121,IBRANCE*21CPR RIV 100MG,879585.68,True,Validated,parsed:direct_strength,,21,100.0,2100.0,21CPR RIV 100MG
043869015,CERDELGA*56CPS 84MG,878093.89,True,Validated,parsed:direct_strength,,56,84.0,4704.0,56CPS 84MG
044480022,ODOMZO*30CPS 200MG,866167.85,True,Validated,parsed:direct_strength,,30,200.0,6000.0,30CPS 200MG
043195015,TIVICAY*30CPR RIV 50MG FL,856620.26,True,Validated,parsed:direct_strength,,30,50.0,1500.0,30CPR RIV 50MG
044506018,"ZERBAXA*EV 10FL POLV 1G+0,5G",854774.53,True,Validated,parsed:direct_strength,,10,1000.0,10000.0,10FL POLV 1G
048079038,DOPTELET*30CPR RIV 20MG,852201.52,True,Validated,parsed:direct_strength,,30,20.0,600.0,30CPR RIV 20MG
050185040,SCEMBLIX*60CPR RIV 40MG,851974.29,True,Validated,parsed:direct_strength,,60,40.0,2400.0,60CPR RIV 40MG
044478105,STRENSIQ*SC 12FL 1ML 40MG/ML,850079.2,True,Validated,parsed:vol_conc,,12,40.0,480.0,12FL 1ML 40MG/ML
035691652,"ARANESP*SC EV 1SIR 60MCG 0,3ML",849219.36,True,Validated,parsed:direct_strength,,1,0.06,0.06,1SIR 60MCG
036504052,ALBUREX*INFUS 1FL 50ML 20%,847124.96,False,Unresolved,unresolved,other,,,,
041924046,TIXTELLER*56CPR RIV 550MG,840299.05,True,Validated,parsed:direct_strength,,56,550.0,30800.0,56CPR RIV 550MG
044726103,KOVALTRY*EV POLV 3000UI+SOLV,839986.4,False,Unresolved,unresolved,other,,,,
039002050,NPLATE*FL 250MCG POLV+SOLV,837461.95,True,Candidate,parsed:single_value_assumed_unit,,1,0.25,0.25,250MCG
038085066,PERGOVERIS*SC 1PEN 900UI+450UI,836527.76,False,Unresolved,unresolved,other,,,,
050776020,PYLCLARI*EV 1FL 1500MBQ/ML,832800.75,False,Unresolved,unresolved,other,,,,
035691613,"ARANESP*SC EV 1SIR 40MCG 0,4ML",832790.69,True,Validated,parsed:direct_strength,,1,0.04,0.04,1SIR 40MCG
045255078,AFSTYLA*EV 3000UI+FL SOLV 5ML,831032.4,False,Unresolved,unresolved,other,,,,
045450032,RIXATHON*EV 1FL 50ML 10MG/ML,830140.49,True,Validated,parsed:vol_conc,,1,500.0,500.0,1FL 50ML 10MG/ML
042804043,HYQVIA*SC 1FL 200ML+1FL 10ML,822330.15,False,Unresolved,unresolved,other,,,,
042233054,INLYTA*56CPR RIV 5MG,808890.0,True,Validated,parsed:direct_strength,,56,5.0,280.0,56CPR RIV 5MG
044558029,ENTRESTO*28CPR RIV 49MG+51MG,804921.16,True,Validated,parsed:direct_strength,,28,49.0,1372.0,28CPR RIV 49MG
047424015,EMGALITY*SC 1PEN 120MG 1ML,804252.76,True,Validated,parsed:direct_strength,,1,120.0,120.0,1PEN 120MG
034883013,BOTOX*IM 1FL 100U ALLERGAN,802154.32,False,Unresolved,unresolved,other,,,,
037400114,SPRYCEL*30CPR RIV 100MG,801328.33,True,Validated,parsed:direct_strength,,30,100.0,3000.0,30CPR RIV 100MG
042925026,STIVARGA*84CPR RIV 40MG FL,799918.72,True,Validated,parsed:direct_strength,,84,40.0,3360.0,84CPR RIV 40MG
050121019,XENPOZYME*EV 1FL POLV 20MG,795776.16,True,Validated,parsed:direct_strength,,1,20.0,20.0,1FL POLV 20MG
045890011,PREVYMIS*28CPR RIV 240MG,795401.35,True,Validated,parsed:direct_strength,,28,240.0,6720.0,28CPR RIV 240MG
045451111,ERELZI*4PEN SC 50MG 1ML,794320.53,True,Validated,parsed:direct_strength,,4,50.0,200.0,4PEN SC 50MG
048408013,EVENITY*SC 2PEN 105MG 90MG/ML,788765.04,True,Validated,parsed:direct_strength,,2,105.0,210.0,2PEN 105MG
045172145,IBRANCE*21CPR RIV 125MG,783759.53,True,Validated,parsed:direct_strength,,21,125.0,2625.0,21CPR RIV 125MG
036511069,MYFORTIC*50CPR GASTROR 360MG,783331.68,True,Validated,parsed:direct_strength,,50,360.0,18000.0,50CPR GASTROR 360MG
043794027,LYNPARZA*56CPR RIV 100MG,780359.92,True,Validated,parsed:direct_strength,,56,100.0,5600.0,56CPR RIV 100MG
026863187,"SAIZEN*1CART 8MG/ML 2,50ML",779877.48,True,Authoritative,aifa_ingredient_authoritative,,,,8.0,SOMATROPINA 8milligrammi
050235023,VYVGART*SC FL 1000MG 180MG/ML,775788.87,True,Candidate,parsed:single_value_assumed_unit,,1,1000.0,1000.0,1000MG
039399011,ABRAXANE*INF 100MG 5MG/ML,773659.1,True,Candidate,parsed:single_value_assumed_unit,,1,100.0,100.0,100MG
046925044,AIMOVIG*SC 1PEN 140MG 1ML,771810.47,True,Validated,parsed:direct_strength,,1,140.0,140.0,1PEN 140MG
045451073,ERELZI*4SIR SC 50MG 1ML,768699.11,True,Validated,parsed:direct_strength,,4,50.0,200.0,4SIR SC 50MG
045303017,"CHOLSCAN*1FL 0,5-10ML",762372.51,False,Unresolved,unresolved,other,,,,
042735011,BOSULIF*28CPR RIV 100MG,762098.16,True,Validated,parsed:direct_strength,,28,100.0,2800.0,28CPR RIV 100MG
035726088,SOMAVERT*SC 30FL 30MG+30SIR,761899.29,True,Validated,parsed:direct_strength,,30,30.0,900.0,30FL 30MG
048286025,LUXOMER*EV POLV 10FL 1G,761710.91,True,Validated,parsed:direct_strength,,10,1000.0,10000.0,10FL 1G
043873088,COSENTYX*SC SOLUZ 1SIR 300MG,750410.74,True,Validated,parsed:direct_strength,,1,300.0,300.0,1SIR 300MG
044648057,NUCALA*SC 1SIR 100MG/ML 1ML,743914.18,False,Unresolved,unresolved,other,,,,
044528014,CRESEMBA*EV POLV1FL 10ML 200MG,743288.0,True,Candidate,parsed:single_value_assumed_unit,,1,200.0,200.0,200MG
046965012,VYXEOS LIPOSOM*EV 1FL 44+100MG,742069.94,True,Candidate,parsed:single_value_assumed_unit,,1,100.0,100.0,100MG
042510040,"EYLEA*INIET 1SIR 114,3MG/ML",741352.12,False,Unresolved,unresolved,other,,,,
044856045,"LONSURF*20CPR RIV 20MG+8,19MG",737628.86,True,Validated,parsed:direct_strength,,20,20.0,400.0,20CPR RIV 20MG
043527050,"PLEGRIDY*SC 2PEN 125MCG 0,5ML",734900.07,True,Validated,parsed:direct_strength,,2,0.125,0.25,2PEN 125MCG
029352010,"PULMOZYME*INAL 6F 2500U 2,5ML",732191.77,True,Authoritative,aifa_ingredient_authoritative,,,,2.5,DESOSSIRIBONUCLEASI 2.5milligrammi
039132244,OSSIGENO*CRIOGEN 5000LT FISSO,721860.23,False,Unresolved,unresolved,oxygen_gas,,,,
048480014,"BEOVU*1SIR 120MG/ML 0,165ML",719601.12,False,Unresolved,unresolved,other,,,,
037174012,MYOZYME*1F 50MG/F 20ML,716976.26,False,Unresolved,unresolved,other,,,,
050296021,"TECVAYLI*SC 1FL 90MG/ML 1,7ML",716883.57,False,Unresolved,unresolved,other,,,,
045690029,ZEJULA*56CPS 100MG,716870.53,True,Validated,parsed:direct_strength,,56,100.0,5600.0,56CPS 100MG
028362022,DYSPORT*SC IM 2FL 500U,716647.1,False,Unresolved,unresolved,other,,,,
042942122,REMSIMA*SC 1PEN 1ML 120MG/ML,702627.5,True,Validated,parsed:vol_conc,,1,120.0,120.0,1PEN 1ML 120MG/ML
038801015,BRIDION*10FL EV 2ML 100MG/ML,701311.4,True,Validated,parsed:vol_conc,,10,200.0,2000.0,10FL EV 2ML 100MG/ML
049750019,ASPAVELI*SC FL 1080MG 20ML,700609.05,True,Candidate,parsed:single_value_assumed_unit,,1,1080.0,1080.0,1080MG
049544024,PONVORY*28CPR RIV 20MG,695909.36,True,Validated,parsed:direct_strength,,28,20.0,560.0,28CPR RIV 20MG
042634016,DACOGEN*EV 1FL 50MG POLV,693045.96,True,Validated,parsed:direct_strength,,1,50.0,50.0,1FL 50MG
041275013,YERVOY*EV 1FL 10ML 5MG/ML,692742.01,True,Validated,parsed:vol_conc,,1,50.0,50.0,1FL 10ML 5MG/ML
045104357,"INHIXA*6SIR 4000UI 0,4ML",686766.83,False,Unresolved,unresolved,other,,,,
039941036,OLIMEL*N4E INF 4SACCHE 2000ML,685275.76,False,Unresolved,unresolved,other,,,,
049054036,JYSELECA*30CPR RIV 200MG FL,681515.79,True,Validated,parsed:direct_strength,,30,200.0,6000.0,30CPR RIV 200MG
035189012,MYOCET LIPOSOMAL*INF 2SET 50MG,680803.14,True,Candidate,parsed:single_value_assumed_unit,,1,50.0,50.0,50MG
049281037,VOCABRIA*IM 3ML 600MG+1SIR RP,680746.18,True,Candidate,parsed:single_value_assumed_unit,,1,600.0,600.0,600MG
048644049,EFLUELDA TETRA*1SIR+AGO 25-26,680020.0,False,Unresolved,unresolved,other,,,,
044865032,DESCOVY*30CPR RIV 200MG+25MG,679453.61,True,Validated,parsed:direct_strength,,30,200.0,6000.0,30CPR RIV 200MG
040651022,COLFINAIR*NEBUL 56MONOD 2MUI,669640.05,False,Unresolved,unresolved,other,,,,
049155017,CALQUENCE*56CPS 100MG,669606.75,True,Validated,parsed:direct_strength,,56,100.0,5600.0,56CPS 100MG
043034014,NOVOTHIRTEEN*EV FL 2500UI+FL,667540.25,False,Unresolved,unresolved,other,,,,
039945035,VOTRIENT*30CPR RIV 400MG FL,662810.93,True,Validated,parsed:direct_strength,,30,400.0,12000.0,30CPR RIV 400MG
046127039,CRYSVITA*SC 1FL 30MG/ML,653433.03,False,Unresolved,unresolved,other,,,,
043443047,JARDIANCE*28CPR RIV 25MG,652720.41,True,Validated,parsed:direct_strength,,28,25.0,700.0,28CPR RIV 25MG
047196011,ILUMETRI*SC 1SIR 1ML 100MG/ML,642148.15,True,Validated,parsed:vol_conc,,1,100.0,100.0,1SIR 1ML 100MG/ML
035473014,"FASTURTEC*EV 3F 1,5MG+3F 1ML",636142.39,True,Validated,parsed:direct_strength,,3,1.5,4.5,"3F 1,5MG"
048960013,HEPCLUDEX*SC 30FL POLV 2MG,632855.58,True,Validated,parsed:direct_strength,,30,2.0,60.0,30FL POLV 2MG
049286040,"FINTEPLA*OS SOLUZ360ML2,2MG/ML",631781.18,False,Unresolved,unresolved,other,,,,
049540014,KOSELUGO*60CPS 10MG FL,630139.35,True,Validated,parsed:direct_strength,,60,10.0,600.0,60CPS 10MG
043535020,TRANSLARNA*30BUST 250MG,627741.84,True,Validated,parsed:direct_strength,,30,250.0,7500.0,30BUST 250MG
043797012,CYRAMZA*EV 1FL 10ML 10MG/ML,625750.34,True,Validated,parsed:vol_conc,,1,100.0,100.0,1FL 10ML 10MG/ML
030902377,"SODIO CLORURO*0,9% 20FL 250ML",623726.08,False,Unresolved,unresolved,other,,,,
041275025,YERVOY*EV 1FL 40ML 5MG/ML,623514.69,True,Validated,parsed:vol_conc,,1,200.0,200.0,1FL 40ML 5MG/ML
041160072,PARACETAMOLO GS*INF 20FL 1G,620160.8,True,Validated,parsed:direct_strength,,20,1000.0,20000.0,20FL 1G
049376092,"YUFLYMA*1PEN 0,4ML 40MG+2TAMP",618412.22,True,Candidate,parsed:single_value_assumed_unit,,1,40.0,40.0,40MG
038904759,OSSIGENO*CRIOGEN 14000LT FISSO,616796.3,False,Unresolved,unresolved,oxygen_gas,,,,
050827029,TALVEY*SC 1FL 1ML 40MG/ML,611078.9,True,Validated,parsed:vol_conc,,1,40.0,40.0,1FL 1ML 40MG/ML
050403056,BEYFORTUS*IM 1SIR 1ML 100MG/ML,607959.0,True,Validated,parsed:vol_conc,,1,100.0,100.0,1SIR 1ML 100MG/ML
026966046,"CLEXANE*6SIR 4000UI 0,4ML",604361.28,False,Unresolved,unresolved,other,,,,
046889162,"HYRIMOZ*SC 2PEN 0,4ML 40MG",602696.99,True,Candidate,parsed:single_value_assumed_unit,,1,40.0,40.0,40MG
044229134,SYNJARDY*56CPR RIV5MG+1000MG,600450.32,True,Validated,parsed:direct_strength,,56,5.0,280.0,56CPR RIV5MG
029021045,PENTAGLOBIN*EV FL 50MG/ML100ML,597346.17,True,Authoritative,aifa_ingredient_authoritative,,,,50.0,IMMUNOGLOBULINA UMANA USO ENDOVENOSO 50milligrammi
044691018,BENEPALI*4SIR 50MG 1ML,594334.98,True,Validated,parsed:direct_strength,,4,50.0,200.0,4SIR 50MG
043442060,ENTYVIO*SC 2PEN 108MG,583768.35,True,Validated,parsed:direct_strength,,2,108.0,216.0,2PEN 108MG
036373025,"CERTICAN*60CPR 0,25MG",581865.89,True,Validated,parsed:direct_strength,,60,0.25,15.0,"60CPR 0,25MG"
050008022,PADCEV*INFUS EV 1FL 30MG POLV,579200.52,True,Validated,parsed:direct_strength,,1,30.0,30.0,1FL 30MG
032830212,XENETIX 350*FL 500ML 350MG/ML,576147.0,True,Candidate,parsed:implied_unit_vol_conc,,1,175000.0,175000.0,FL 500ML 350MG/ML
045251016,"CYSTADROPS*OFT FL 5ML 3,8MG/ML",576081.0,True,Candidate,parsed:implied_unit_vol_conc,,1,19.0,19.0,"FL 5ML 3,8MG/ML"
042510038,"EYLEA*INIET 1FL 114,3MG/ML",573362.8,False,Unresolved,unresolved,other,,,,
042487025,PLENADREN*50CPR 20MG RM FL,571272.05,True,Validated,parsed:direct_strength,,50,20.0,1000.0,50CPR 20MG
044550010,"BLINCYTO*1FL POLV INFUS38,5MCG",569043.67,True,Candidate,parsed:single_value_assumed_unit,,1,0.0385,0.0385,"38,5MCG"
038962217,OSSIGENO*CRIOGEN 41LT MOBILE,568364.54,False,Unresolved,unresolved,oxygen_gas,,,,
048398010,"SPRAVATO*SPRAY 1FL 28MG 0,2ML",566478.32,True,Validated,parsed:direct_strength,,1,28.0,28.0,1FL 28MG
042032161,SIGNIFOR*IM 1FL 60MG+SIR 2ML,566169.08,True,Validated,parsed:direct_strength,,1,60.0,60.0,1FL 60MG
044932034,ONGENTYS*30CPS 50MG,563504.72,True,Validated,parsed:direct_strength,,30,50.0,1500.0,30CPS 50MG
035726037,SOMAVERT*SC 30FL 20MG+30SIR,562236.85,True,Validated,parsed:direct_strength,,30,20.0,600.0,30FL 20MG
039541053,SIMPONI*SC 1PEN 100MG 1ML,560111.94,True,Validated,parsed:direct_strength,,1,100.0,100.0,1PEN 100MG
046128029,"OZEMPIC*1PEN 0,25MG/D+4AGHI",559794.13,False,Unresolved,unresolved,multi_active_combo,,,,
048440073,MAYZENT*28CPR RIV 1MG,556024.02,True,Validated,parsed:direct_strength,,28,1.0,28.0,28CPR RIV 1MG
029485075,PROGRAF*60CPS 1MG,555493.69,True,Validated,parsed:direct_strength,,60,1.0,60.0,60CPS 1MG
038744076,XARELTO*30CPR RIV 10MG,554867.21,True,Validated,parsed:direct_strength,,30,10.0,300.0,30CPR RIV 10MG
047418052,"JIVI*EV FL 3000UI+SIR 2,5ML",551668.85,False,Unresolved,unresolved,other,,,,
051634069,"EFLUELDA*10SIR 0,5ML+AGO 25-26",549202.5,False,Unresolved,unresolved,other,,,,
048905018,REBLOZYL*SC 1FL POLV 25MG,543506.03,True,Validated,parsed:direct_strength,,1,25.0,25.0,1FL POLV 25MG
034959027,DATSCAN*INIET FL 5ML 74MBQ/ML,542322.0,False,Unresolved,unresolved,other,,,,
029796024,CELLCEPT*50CPR RIV 500MG,538499.67,True,Validated,parsed:direct_strength,,50,500.0,25000.0,50CPR RIV 500MG
045255054,AFSTYLA*EV 2000UI+FL SOLV 5ML,538070.4,False,Unresolved,unresolved,other,,,,
049965039,"PREVENAR 20*IM 10SIR 0,5ML",537350.0,False,Unresolved,unresolved,other,,,,
049361025,TUKYSA*84CPR RIV 150MG,536948.21,True,Validated,parsed:direct_strength,,84,150.0,12600.0,84CPR RIV 150MG
036573234,"FIXIONEAL*40GLUC 2,27% 2SA LUE",536340.14,False,Unresolved,unresolved,other,,,,
050977038,OMJJARA*30CPR RIV 200MG FL,531905.28,True,Validated,parsed:direct_strength,,30,200.0,6000.0,30CPR RIV 200MG
046993010,ONPATTRO*EV FL 2MG/ML 5ML,531510.9,False,Unresolved,unresolved,other,,,,
043145022,INVOKANA*30CPR RIV 100MG,529202.38,True,Validated,parsed:direct_strength,,30,100.0,3000.0,30CPR RIV 100MG
042881019,ERIVEDGE*28CPS 150MG FL,527663.79,True,Validated,parsed:direct_strength,,28,150.0,4200.0,28CPS 150MG
041271178,ESBRIET*84CPR RIV 801MG,526762.03,True,Validated,parsed:direct_strength,,84,801.0,67284.0,84CPR RIV 801MG
045435029,FULVESTRANT DR*IM 2SIR5ML250MG,526031.24,True,Candidate,parsed:single_value_assumed_unit,,1,250.0,250.0,250MG
039941024,OLIMEL*N4E INF 4SACCHE 1500ML,525432.32,False,Unresolved,unresolved,other,,,,
043797036,CYRAMZA*EV 1FL 50ML 10MG/ML,524887.15,True,Validated,parsed:vol_conc,,1,500.0,500.0,1FL 50ML 10MG/ML
043618014,TRIUMEQ*30CPR 50+600+300MG FL,522673.25,True,Candidate,parsed:single_value_assumed_unit,,1,300.0,300.0,300MG
038744278,"XARELTO*56CPR RIV 2,5MG",522041.28,True,Validated,parsed:direct_strength,,56,2.5,140.0,"56CPR RIV 2,5MG"
045590039,TECENTRIQ*SC 1FL 1875MG 15ML,515642.49,True,Validated,parsed:direct_strength,,1,1875.0,1875.0,1FL 1875MG
049432026,ALYMSYS*INF 1FL 16ML 25MG/ML,508734.58,True,Validated,parsed:vol_conc,,1,400.0,400.0,1FL 16ML 25MG/ML
043208038,XIGDUO*56CPR RIV 5MG+850MG,508591.73,True,Validated,parsed:direct_strength,,56,5.0,280.0,56CPR RIV 5MG
035691599,"ARANESP*SC EV 1SIR 30MCG 0,3ML",507094.02,True,Validated,parsed:direct_strength,,1,0.03,0.03,1SIR 30MCG
038190385,"BINOCRIT*6SIR 6.000UI 0,6ML",504724.11,False,Unresolved,unresolved,other,,,,
038312068,ISENTRESS*60CPR RIV 600MG FL,504492.16,True,Validated,parsed:direct_strength,,60,600.0,36000.0,60CPR RIV 600MG
039017468,OSSIGENO*CRIOGEN 31LT MOBILE,498733.23,False,Unresolved,unresolved,oxygen_gas,,,,
043799105,"TREVICTA*1SIR IM 525MG 2,625ML",497106.6,True,Validated,parsed:direct_strength,,1,525.0,525.0,1SIR IM 525MG
037353048,PIPERACILLINA TA KA*10FL4G+500,496779.07,True,Validated,parsed:direct_strength,,10,4000.0,40000.0,10FL4G
043796059,RIXUBIS*EV 1FL 3000UI 5ML,495382.38,False,Unresolved,unresolved,other,,,,
034716023,"THYROGEN*IM 2F 0,9MG",495001.73,True,Validated,parsed:direct_strength,,2,0.9,1.8,"2F 0,9MG"
045936109,ADYNOVI*EV 1000UI+FL SOLV 2ML,494589.53,False,Unresolved,unresolved,other,,,,
047821057,"SKYRIZI*SC 1CART 360MG 2,4ML",492955.97,True,Candidate,parsed:single_value_assumed_unit,,1,360.0,360.0,360MG
045690043,ZEJULA*56CPR RIV 100MG,491533.22,True,Validated,parsed:direct_strength,,56,100.0,5600.0,56CPR RIV 100MG
035606033,"ARIXTRA*SC 10SIR 2,5MG 0,5ML",490718.54,True,Validated,parsed:direct_strength,,10,2.5,25.0,"10SIR 2,5MG"
031841036,SEVORANE*INAL 250ML QUIK FIL,490400.9,False,Unresolved,unresolved,other,,,,
038347011,VECTIBIX*INFUS FL 5ML 20MG/ML,489922.47,True,Candidate,parsed:implied_unit_vol_conc,,1,100.0,100.0,FL 5ML 20MG/ML
049571045,BYLVAY*30CPS 1200MCG FL,486251.96,True,Validated,parsed:direct_strength,,30,1.2,36.0,30CPS 1200MCG
035716036,"NEULASTA*SC 1SIR 6MG 0,6ML",483086.06,True,Validated,parsed:direct_strength,,1,6.0,6.0,1SIR 6MG
036567978,"FIXIONEAL*40GLUC 1,36% 2SA LUE",481522.97,False,Unresolved,unresolved,other,,,,
041401035,TRAJENTA*28CPR RIV 5MG,476854.04,True,Validated,parsed:direct_strength,,28,5.0,140.0,28CPR RIV 5MG
042106029,TEICOPLANINA HIK*IV IM OS400MG,475586.08,True,Candidate,parsed:single_value_assumed_unit,,1,400.0,400.0,400MG
034960068,INFANRIX HEXA*IM 10FL+10SIR+20,474320.0,False,Unresolved,unresolved,other,,,,
044557015,OBIZUR*EV 1FL 500U/ML,470844.0,False,Unresolved,unresolved,other,,,,
049620038,ONUREG*7CPR RIV 300MG,470218.62,True,Validated,parsed:direct_strength,,7,300.0,2100.0,7CPR RIV 300MG
038937052,ROACTEMRA*EV FL 20ML 20MG/ML,462289.53,True,Candidate,parsed:implied_unit_vol_conc,,1,400.0,400.0,FL 20ML 20MG/ML
038218119,ADVAGRAF*30CPS 3MG RP,461146.82,True,Validated,parsed:direct_strength,,30,3.0,90.0,30CPS 3MG
045612013,RYDAPT*112CPS MOLLI 25MG,460959.82,True,Validated,parsed:direct_strength,,112,25.0,2800.0,112CPS MOLLI 25MG
043776018,REZOLSTA*30CPR RIV800+150MG FL,458266.28,True,Candidate,parsed:single_value_assumed_unit,,1,150.0,150.0,150MG
043799093,"TREVICTA*1SIR IM 350MG 1,750ML",456611.2,True,Validated,parsed:direct_strength,,1,350.0,350.0,1SIR IM 350MG
048443016,POLIVY*EV 1FL POLV 140MG,453785.92,True,Validated,parsed:direct_strength,,1,140.0,140.0,1FL POLV 140MG
047420017,POTELIGEO*EV 1FL 5ML 4MG/ML,453457.01,True,Validated,parsed:vol_conc,,1,20.0,20.0,1FL 5ML 4MG/ML
042352017,ZINFORO*INFUS 10FL 600MG,453100.24,True,Validated,parsed:direct_strength,,10,600.0,6000.0,10FL 600MG
035946161,"HUMIRA*SC 2PEN 0,4ML 40MG+2TAM",450604.22,True,Candidate,parsed:single_value_assumed_unit,,1,40.0,40.0,40MG
045889033,OCREVUS*SC 1FL 920MG 23ML,448826.35,True,Validated,parsed:direct_strength,,1,920.0,920.0,1FL 920MG
049573025,ADTRALZA*SC 4SIR 150MG 1ML,448339.6,True,Validated,parsed:direct_strength,,4,150.0,600.0,4SIR 150MG
050290028,VEGZELMA*INF 1FL 16ML 25MG/ML,447975.94,True,Validated,parsed:vol_conc,,1,400.0,400.0,1FL 16ML 25MG/ML
035691676,"ARANESP*SC EV 1SIR 80MCG 0,4ML",445904.65,True,Validated,parsed:direct_strength,,1,0.08,0.08,1SIR 80MCG
044856019,"LONSURF*20CPR RIV 15MG+6,14MG",442964.72,True,Validated,parsed:direct_strength,,20,15.0,300.0,20CPR RIV 15MG
038936050,STELARA*EV FL 26ML 130MG,441166.56,True,Candidate,parsed:single_value_assumed_unit,,1,130.0,130.0,130MG
042919011,"LONQUEX*SC 1SIR 6MG 0,6ML+DISP",441154.52,True,Validated,parsed:direct_strength,,1,6.0,6.0,1SIR 6MG
043145061,INVOKANA*30CPR RIV 300MG,439037.95,True,Validated,parsed:direct_strength,,30,300.0,9000.0,30CPR RIV 300MG
032392351,"GONAL F*SC 1PEN900UI/1,44ML+20",437626.39,False,Unresolved,unresolved,other,,,,
033283033,"AVONEX*IM 4SIR 30MCG/0,5ML+4AG",436493.95,False,Unresolved,unresolved,other,,,,
050231024,"VABYSMO*1SIR 120MG/ML 0,175ML",435597.83,False,Unresolved,unresolved,other,,,,
025243193,TISSEEL*ADESIVO TISS 1SIR 10ML,431724.62,False,Unresolved,unresolved,other,,,,
044887026,UPTRAVI*60CPR RIV 200MCG,430675.7,True,Validated,parsed:direct_strength,,60,0.2,12.0,60CPR RIV 200MCG
050880119,"TYENNE*SC 4PEN 162MG 0,9ML",429889.62,True,Validated,parsed:direct_strength,,4,162.0,648.0,4PEN 162MG
049286026,"FINTEPLA*OS SOLUZ120ML2,2MG/ML",429748.71,False,Unresolved,unresolved,other,,,,
037148032,TALATE*EV 1000UI+750UI+10ML+SI,428076.0,False,Unresolved,unresolved,other,,,,
048399063,RINVOQ*28CPR 30MG RP,426540.99,True,Validated,parsed:direct_strength,,28,30.0,840.0,28CPR 30MG
038218057,ADVAGRAF*60CPS 1MG RP,426432.42,True,Validated,parsed:direct_strength,,60,1.0,60.0,60CPS 1MG
026533048,ACTILYSE*EV FL 50MG+FL 50ML,425245.9,True,Candidate,parsed:single_value_assumed_unit,,1,50.0,50.0,50MG
032830200,XENETIX 350*FL 200ML 350MG/ML,425224.8,True,Candidate,parsed:implied_unit_vol_conc,,1,70000.0,70000.0,FL 200ML 350MG/ML
036164907,"PHYSIONEAL*40 GL 5SA 2LT 1,36%",423826.77,False,Unresolved,unresolved,other,,,,
050354012,"TEZSPIRE*SC 1SIR 210MG 1,91ML",422872.92,True,Validated,parsed:direct_strength,,1,210.0,210.0,1SIR 210MG
044559019,GENVOYA*30CPR 150+150+200+10MG,422455.37,True,Candidate,parsed:single_value_assumed_unit,,1,10.0,10.0,10MG
040546083,BRILIQUE*56CPR RIV 60MG,420676.87,True,Validated,parsed:direct_strength,,56,60.0,3360.0,56CPR RIV 60MG
035606146,"ARIXTRA*SC 10SIR 7,5MG 0,6ML",420542.67,True,Validated,parsed:direct_strength,,10,7.5,75.0,"10SIR 7,5MG"
045260027,OLUMIANT*28CPR RIV 2MG,418617.59,True,Validated,parsed:direct_strength,,28,2.0,56.0,28CPR RIV 2MG
046127027,CRYSVITA*SC 1FL 20MG/ML,412635.63,False,Unresolved,unresolved,other,,,,
033866068,FANHDI*EV 1000UI+1200UI+1SIR,411057.49,False,Unresolved,unresolved,other,,,,
025243181,TISSEEL*ADESIVO TISS 1SIR 4ML,409304.24,False,Unresolved,unresolved,other,,,,
044039079,ENOXAPARINA ROVI*6SIR 4000UI,408167.66,False,Unresolved,unresolved,other,,,,
035691385,"ARANESP*SC 1PEN 60MCG 0,3ML",403551.04,True,Validated,parsed:direct_strength,,1,0.06,0.06,1PEN 60MCG
041276054,BYDUREON*SC 4PEN BCISE 2MG RP,402378.51,True,Validated,parsed:direct_strength,,4,2.0,8.0,4PEN BCISE 2MG
037046012,TYGACIL*INFUS 10FL 5ML 50MG,401078.58,True,Candidate,parsed:single_value_assumed_unit,,1,50.0,50.0,50MG
037608041,"LUCENTIS*INIET 1SIR 0,165ML",399913.87,False,Unresolved,unresolved,other,,,,
038190462,BINOCRIT*6SIR 10.000UI 1ML,397376.49,False,Unresolved,unresolved,other,,,,
037989035,ORENCIA*IV 3FL 250MG+3SIR,396178.98,True,Validated,parsed:direct_strength,,3,250.0,750.0,3FL 250MG
049879012,VYEPTI*EV 1FL 100MG 1ML,395167.5,True,Validated,parsed:direct_strength,,1,100.0,100.0,1FL 100MG
050357490,"MOUNJARO*4DOSI DA 2,5MG 1KWIKP",394643.86,True,Candidate,parsed:single_value_assumed_unit,,1,2.5,2.5,"2,5MG"
035607062,"KINERET*SC 7SIR 100MG/0,67ML",394061.08,False,Unresolved,unresolved,other,,,,
027083094,SANDOSTATINA LAR*FL 20MG+SIR+2,393767.61,True,Authoritative,aifa_ingredient_authoritative,,,,22.4,OCTREOTIDE ACETATO 22.4milligrammi
049480015,ORLADEYO*28CPS 150MG,393365.8,True,Validated,parsed:direct_strength,,28,150.0,4200.0,28CPS 150MG
029610122,METADONE CLOR MOL*OS5MG/ML1000,389834.69,False,Unresolved,unresolved,other,,,,
047475037,FLUCELVAX TETRA*10SIR+A 25-26,389730.0,False,Unresolved,unresolved,other,,,,
038218071,ADVAGRAF*30CPS 5MG RP,388161.16,True,Validated,parsed:direct_strength,,30,5.0,150.0,30CPS 5MG
045616152,IMRALDI*SC 2PEN 40MG +2TAMPONI,387208.26,True,Validated,parsed:direct_strength,,2,40.0,80.0,2PEN 40MG
044884017,GALAFOLD*14CPS 123MG,385167.98,True,Validated,parsed:direct_strength,,14,123.0,1722.0,14CPS 123MG
035691447,"ARANESP*SC 1PEN 40MCG 0,4ML",382046.83,True,Validated,parsed:direct_strength,,1,0.04,0.04,1PEN 40MCG
046922011,TRAZIMERA*EV POLV 1FL 150MG,381267.45,True,Validated,parsed:direct_strength,,1,150.0,150.0,1FL 150MG
026999060,"DECAPEPTYL*IM 22,5MG 2ML RP+SI",378457.8,True,Authoritative,aifa_ingredient_authoritative,,,,15.0,TRIPTORELINA EMBONATO 15milligrammi
050235011,VYVGART*EV FL 400MG 20MG/ML,375244.64,True,Candidate,parsed:single_value_assumed_unit,,1,400.0,400.0,400MG
044229045,SYNJARDY*56CPR RIV 5MG+850MG,369643.21,True,Validated,parsed:direct_strength,,56,5.0,280.0,56CPR RIV 5MG
043143104,ABILIFY MAINTENA*IM 1SIR 960MG,369294.46,True,Validated,parsed:direct_strength,,1,960.0,960.0,1SIR 960MG
047477017,OGIVRI*EV 1FL 150MG,367027.57,True,Validated,parsed:direct_strength,,1,150.0,150.0,1FL 150MG
045183148,GLYXAMBI*30CPR RIV 25MG+5MG,365858.96,True,Validated,parsed:direct_strength,,30,25.0,750.0,30CPR RIV 25MG
049358118,RETSEVMO*112CPS 80MG,364953.46,True,Validated,parsed:direct_strength,,112,80.0,8960.0,112CPS 80MG
038200061,PRIORIX TETRA*SC 10FL+10SIR+2A,364540.01,False,Unresolved,unresolved,other,,,,
047416108,ALUNBRIG*28CPR RIV 180MG,363165.28,True,Validated,parsed:direct_strength,,28,180.0,5040.0,28CPR RIV 180MG
038328086,TASIGNA*112CPS 200MG,360040.16,True,Validated,parsed:direct_strength,,112,200.0,22400.0,112CPS 200MG
038827022,GLUCOMPET*1FL MULTID 250MBQ/ML,358120.99,False,Unresolved,unresolved,other,,,,
034964104,"GADOVIST*FL 15ML 1,0MMOL/ML",357792.6,False,Unresolved,unresolved,other,,,,
026195103,UROCHINASI EG*FL100000UI+F,355741.74,False,Unresolved,unresolved,other,,,,
036967089,"ELIGARD*SC SIR+SIR 22,5MG+KIT",353666.89,True,Candidate,parsed:single_value_assumed_unit,,1,22.5,22.5,"22,5MG"
044892014,FLIXABI*EV FL 100MG,352455.03,True,Candidate,parsed:single_value_assumed_unit,,1,100.0,100.0,100MG
035726025,SOMAVERT*SC 30FL 15MG+30SIR,352185.19,True,Validated,parsed:direct_strength,,30,15.0,450.0,30FL 15MG
049225030,"MENQUADFI*IM 1FL 0,5ML+SIR+2A",351357.16,False,Unresolved,unresolved,other,,,,
033863022,IGANTET*IM 1SIR 2ML 500UI,349012.24,False,Unresolved,unresolved,other,,,,
050408032,TERGIO*28CPR RIV 14MG,348101.13,True,Validated,parsed:direct_strength,,28,14.0,392.0,28CPR RIV 14MG
046635013,ZESSLY*EV 1FL 100MG,347646.14,True,Validated,parsed:direct_strength,,1,100.0,100.0,1FL 100MG
049881028,TAVNEOS*180CPS 10MG FL,347603.58,True,Validated,parsed:direct_strength,,180,10.0,1800.0,180CPS 10MG
043028048,ORPHACOL*30CPS 250MG,344260.35,True,Validated,parsed:direct_strength,,30,250.0,7500.0,30CPS 250MG
048057057,TALZENNA*30CPS 1MG FL,340729.47,True,Validated,parsed:direct_strength,,30,1.0,30.0,30CPS 1MG
034529038,"SYNAGIS*IM FL 0,5ML 100MG/ML",339828.07,True,Candidate,parsed:implied_unit_vol_conc,,1,50.0,50.0,"FL 0,5ML 100MG/ML"
037455019,ROTATEQ*OS 1TUBETTO MONOD 2ML,339606.83,False,Unresolved,unresolved,other,,,,
043799081,"TREVICTA*1SIR IM 263MG 1,315ML",339317.3,True,Validated,parsed:direct_strength,,1,263.0,263.0,1SIR IM 263MG
035691575,"ARANESP*SC EV 1SIR 20MCG 0,5ML",339010.8,True,Validated,parsed:direct_strength,,1,0.02,0.02,1SIR 20MCG
047364017,"ZIEXTENZO*SC 1SIR 0,6ML 6MG",337580.41,True,Candidate,parsed:single_value_assumed_unit,,1,6.0,6.0,6MG
045222027,OCALIVA*30CPR RIV 10MG FL,336531.75,True,Validated,parsed:direct_strength,,30,10.0,300.0,30CPR RIV 10MG
038844015,CONFIDEX 500*FL POLV+FL 20ML,332847.96,False,Unresolved,unresolved,other,,,,
044201010,"AKYNZEO*1CPS 300MG+0,5MG",332561.25,True,Validated,parsed:direct_strength,,1,300.0,300.0,1CPS 300MG
028221012,"CUROSURF*2FL 1,5ML 80MG/ML",332549.61,True,Validated,parsed:vol_conc,,2,120.0,240.0,"2FL 1,5ML 80MG/ML"
047624010,"BESREMI*SC 1PEN 250MCG/0,5 ML",332454.68,False,Unresolved,unresolved,single_dose_device_ambiguous,,,,
034091064,REBIF*SC 12SIR 12MUI 44MCG,331556.9,True,Candidate,parsed:single_value_assumed_unit,,1,0.044,0.044,44MCG
050880083,"TYENNE*SC 4SIR 162MG 0,9ML",330491.4,True,Validated,parsed:direct_strength,,4,162.0,648.0,4SIR 162MG
043873037,COSENTYX*SC SOLUZ 2SIR 150MG,330376.73,True,Validated,parsed:direct_strength,,2,150.0,300.0,2SIR 150MG
045788041,VERASEAL*ADESIVO TISS 2SIR10ML,329868.0,False,Unresolved,unresolved,other,,,,
045690017,ZEJULA*84CPS 100MG,329630.28,True,Validated,parsed:direct_strength,,84,100.0,8400.0,84CPS 100MG
051752032,"FLUCELVAX*IM 10SIR 0,5ML 25-26",329010.0,False,Unresolved,unresolved,other,,,,
043029038,"OVALEAP*SC CART 900UI/1,5ML+20",327167.37,False,Unresolved,unresolved,other,,,,
034675191,ENBREL*SC 4PEN 50MG 1ML+8TAMP,326844.89,True,Validated,parsed:direct_strength,,4,50.0,200.0,4PEN 50MG
038944397,OSSIGENO*CRIOGEN 5000LT FISSO,325427.67,False,Unresolved,unresolved,oxygen_gas,,,,
036766032,AMOXICILLINA AC CLA IB*10FL2G+,324263.07,True,Validated,parsed:direct_strength,,10,2000.0,20000.0,10FL2G
033283045,"AVONEX*IM 4PEN 30MCG/0,5ML+4AG",323849.71,False,Unresolved,unresolved,other,,,,
043275078,MERIOFERT*SC 1SIR 900UI+SIR,316911.24,False,Unresolved,unresolved,other,,,,
036557027,"TACHOSIL*2MATRICI 4,8CMx4,8CM",315492.85,False,Unresolved,unresolved,other,,,,
045181031,NINLARO*3CPS 4MG,311850.0,True,Validated,parsed:direct_strength,,3,4.0,12.0,3CPS 4MG
047196035,ILUMETRI*SC 1SIR 2ML 100MG/ML,310225.45,True,Validated,parsed:vol_conc,,1,200.0,200.0,1SIR 2ML 100MG/ML
028282477,IOMERON 350*IV FL 500ML,309324.4,False,Unresolved,unresolved,other,,,,
049280023,REKAMBYS*IM 1FL 900MG 3ML+1SIR,309275.57,True,Validated,parsed:direct_strength,,1,900.0,900.0,1FL 900MG
050825037,AQUIPTA*28CPR 60MG,308790.96,True,Validated,parsed:direct_strength,,28,60.0,1680.0,28CPR 60MG
034091088,"REBIF*SC 4CART 44MCG/0,5ML",303499.56,False,Unresolved,unresolved,other,,,,
050666027,OPZELURA*CREMA 100G 15MG/G,303332.22,True,Candidate,parsed:single_value_assumed_unit,,1,100000.0,100000.0,100G
035372059,GLIVEC*120CPS 100MG,302720.22,True,Validated,parsed:direct_strength,,120,100.0,12000.0,120CPS 100MG
048290047,"TRIAXIS POLIO*IM 1SIR 0,5ML+AG",302268.23,False,Unresolved,unresolved,other,,,,
038904734,OSSIGENO*CRIOGEN 6000LT FISSO,302103.17,False,Unresolved,unresolved,oxygen_gas,,,,
048443028,POLIVY*EV 1FL POLV 30MG,301909.48,True,Validated,parsed:direct_strength,,1,30.0,30.0,1FL POLV 30MG
040251023,FERINJECT*INF 5FL 2ML 50MG/ML,301515.82,True,Validated,parsed:vol_conc,,5,100.0,500.0,5FL 2ML 50MG/ML
043658121,ABASAGLAR*SC 5 KWIKPEN 100U/ML,299058.31,False,Unresolved,unresolved,other,,,,
029378027,AT III KED.*1000UI+FL 20ML+SET,297856.79,False,Unresolved,unresolved,other,,,,
050008010,PADCEV*INFUS EV 1FL 20MG POLV,295861.12,True,Validated,parsed:direct_strength,,1,20.0,20.0,1FL 20MG
039056041,BERINERT*SC FL3000UI+FL6ML+SET,295364.16,False,Unresolved,unresolved,other,,,,
045676057,DUPIXENT*SC 1SIR 300MG 2ML,293171.95,True,Validated,parsed:direct_strength,,1,300.0,300.0,1SIR 300MG
039398045,AFINITOR*30CPR 10MG,292597.82,True,Validated,parsed:direct_strength,,30,10.0,300.0,30CPR 10MG
039587011,MOZOBIL*SC 1FL 24MG 20MG/ML,291531.86,True,Validated,parsed:direct_strength,,1,24.0,24.0,1FL 24MG
048537017,RECARBRIO*EV 25FL500+500+250MG,291236.29,True,Candidate,parsed:single_value_assumed_unit,,1,250.0,250.0,250MG
029354192,VISIPAQUE*320MG I/ML FLPP 500M,290444.0,True,Candidate,parsed:single_value_assumed_unit,,1,320.0,320.0,320MG
044891036,"IDELVION*EV FL 1000UI+FL 2,5ML",289099.06,False,Unresolved,unresolved,other,,,,
037421171,EXJADE*30CPR RIV 360MG,287605.07,True,Validated,parsed:direct_strength,,30,360.0,10800.0,30CPR RIV 360MG
048441024,TAVLESSE*60CPR RIV 150MG FL,285326.57,True,Validated,parsed:direct_strength,,60,150.0,9000.0,60CPR RIV 150MG
034675140,ENBREL*SC 4SIR 50MG 1ML+8TAMP,284910.42,True,Validated,parsed:direct_strength,,4,50.0,200.0,4SIR 50MG
050698012,BRIUMVI*EV FL 6ML 25MG/ML,284220.12,True,Candidate,parsed:implied_unit_vol_conc,,1,150.0,150.0,FL 6ML 25MG/ML
047942026,LORVIQUA*30CPR RIV 100MG,283517.42,True,Validated,parsed:direct_strength,,30,100.0,3000.0,30CPR RIV 100MG
038944043,OSSIGENO*COMPR 200BAR 7LT VAL,283282.26,False,Unresolved,unresolved,oxygen_gas,,,,
049207032,TRESUVI*1FL 10ML 5MG/ML,283278.6,True,Validated,parsed:vol_conc,,1,50.0,50.0,1FL 10ML 5MG/ML
044873026,EMPLICITI*EV 1FL 400MG,282606.92,True,Validated,parsed:direct_strength,,1,400.0,400.0,1FL 400MG
046335028,LOKELMA*OS SOSP 30BUST 5G,282463.23,True,Validated,parsed:direct_strength,,30,5000.0,150000.0,30BUST 5G
038016010,REVLIMID*21CPS 5MG,281658.5,True,Validated,parsed:direct_strength,,21,5.0,105.0,21CPS 5MG
045426018,"SPINRAZA*1FL 12MG 5ML 2,4MG/ML",281168.03,True,Validated,parsed:direct_strength,,1,12.0,12.0,1FL 12MG
049442128,ONTOZRY*28CPR RIV 200MG,280978.8,True,Validated,parsed:direct_strength,,28,200.0,5600.0,28CPR RIV 200MG
038381760,RETACRIT*1SIR 40.000UI 1ML,276705.66,False,Unresolved,unresolved,other,,,,
044560011,ORKAMBI*112CPR RIV 200+125MG,276681.99,True,Candidate,parsed:single_value_assumed_unit,,1,125.0,125.0,125MG
042817066,"HEXYON*IM 1SIR 0,5ML+2AGHI",276349.7,False,Unresolved,unresolved,other,,,,
042942019,REMSIMA*EV FL 100MG,274015.57,True,Candidate,parsed:single_value_assumed_unit,,1,100.0,100.0,100MG
047942038,LORVIQUA*90CPR RIV 25MG,273597.77,True,Validated,parsed:direct_strength,,90,25.0,2250.0,90CPR RIV 25MG
044839025,WAKIX*30CPR RIV 18MG FL,272377.02,True,Validated,parsed:direct_strength,,30,18.0,540.0,30CPR RIV 18MG
047635014,"VANTOBRA*INAL 56F 170MG 1,7ML",272030.84,True,Validated,parsed:direct_strength,,56,170.0,9520.0,56F 170MG
044493017,KANUMA*EV 1FL 10ML 2MG/ML,271883.76,True,Validated,parsed:vol_conc,,1,20.0,20.0,1FL 10ML 2MG/ML
043333044,ADEMPAS*42CPR RIV 1MG,270927.58,True,Validated,parsed:direct_strength,,42,1.0,42.0,42CPR RIV 1MG
044438012,CASPOFUNGIN SUN*EV FL 50MG,270638.38,True,Candidate,parsed:single_value_assumed_unit,,1,50.0,50.0,50MG
049376116,"YUFLYMA*4PEN 0,4ML 40MG+4TAMP",269985.14,True,Candidate,parsed:single_value_assumed_unit,,1,40.0,40.0,40MG
042326049,DIFICLIR*20CPR RIV 200MG,268890.1,True,Validated,parsed:direct_strength,,20,200.0,4000.0,20CPR RIV 200MG
049853017,PAXLOVID*20CPR 150MG+10CPR 100,268482.05,True,Validated,parsed:direct_strength,,20,150.0,3000.0,20CPR 150MG
042804031,HYQVIA*SC 1FL 100ML+1FL 5ML,267354.02,False,Unresolved,unresolved,other,,,,
043562026,VIZAMYL*EV 1FL 15ML 400MBQ/ML,264302.5,False,Unresolved,unresolved,other,,,,
036160152,ADVATE*EV 2000UI+FL SOLV 5ML,264220.0,False,Unresolved,unresolved,other,,,,
045168010,"ONIVYDE PEG*EV 10ML 4,3MG/ML",263877.6,False,Unresolved,unresolved,other,,,,
049054012,JYSELECA*30CPR RIV 100MG FL,263780.3,True,Validated,parsed:direct_strength,,30,100.0,3000.0,30CPR RIV 100MG
049965041,"PREVENAR 20*IM 10SIR 0,5ML+10A",263742.6,False,Unresolved,unresolved,other,,,,
050216011,ERTAPENEM SUN*EV 1FL 1G,263427.74,True,Validated,parsed:direct_strength,,1,1000.0,1000.0,1FL 1G
045618042,KISQALI*42CPR RIV 200MG,263337.69,True,Validated,parsed:direct_strength,,42,200.0,8400.0,42CPR RIV 200MG
044863052,TALTZ*SC 2SIR 1ML 80MG,260809.18,True,Candidate,parsed:single_value_assumed_unit,,1,80.0,80.0,80MG
042581037,FYCOMPA*28CPR RIV 4MG,260477.72,True,Validated,parsed:direct_strength,,28,4.0,112.0,28CPR RIV 4MG
044726166,KOVALTRY*EV 1SIR 1000UI+SOLV,260185.8,False,Unresolved,unresolved,other,,,,
045222015,OCALIVA*30CPR RIV 5MG FL,258996.21,True,Validated,parsed:direct_strength,,30,5.0,150.0,30CPR RIV 5MG
045427010,"QARZIBA*1FL 4,5ML 4,5MG/ML",258984.88,True,Validated,parsed:vol_conc,,1,20.25,20.25,"1FL 4,5ML 4,5MG/ML"
045441019,BESPONSA*INF 1FL 1MG,257734.39,True,Validated,parsed:direct_strength,,1,1.0,1.0,1FL 1MG
044465019,PANTOPRAZOLO SUN*EV FL 40MG,255837.02,True,Candidate,parsed:single_value_assumed_unit,,1,40.0,40.0,40MG
041004058,XEPLION*1SIR IM 150MG RP+2AGHI,255660.79,True,Validated,parsed:direct_strength,,1,150.0,150.0,1SIR IM 150MG
029354180,VISIPAQUE*320MG I/ML FLPP 200M,255239.6,True,Candidate,parsed:single_value_assumed_unit,,1,320.0,320.0,320MG
037392014,WILFACTIN*1000UI+FL 10ML,254999.16,False,Unresolved,unresolved,other,,,,
048617017,SARCLISA*EV FL 100MG/5ML,254478.15,False,Unresolved,unresolved,other,,,,
050666015,OPZELURA*CREMA 100G 15MG/G,253823.92,True,Candidate,parsed:single_value_assumed_unit,,1,100000.0,100000.0,100G
040158040,"NIVESTIM*SC EV 1SIR 30MU 0,5ML",253801.47,False,Unresolved,unresolved,other,,,,
043524026,"MEKINIST*30CPR RIV 0,5MG FL",252124.04,True,Validated,parsed:direct_strength,,30,0.5,15.0,"30CPR RIV 0,5MG"
046343253,"SEGLUROMET*56CPR 7,5MG+1000MG",251170.92,True,Validated,parsed:direct_strength,,56,7.5,420.0,"56CPR 7,5MG"
041021015,"HALAVEN*EV 1FL 2ML 0,44MG/ML",251042.24,True,Validated,parsed:vol_conc,,1,0.88,0.88,"1FL 2ML 0,44MG/ML"
039056015,BERINERT*IV FL500UI+FL10ML+SET,249296.71,False,Unresolved,unresolved,other,,,,
045060023,KISPLYX*30CPS 10MG,248200.67,True,Validated,parsed:direct_strength,,30,10.0,300.0,30CPS 10MG
041465028,"POLITRATE*FL 22,5MG+SIR 2ML RP",248114.22,True,Candidate,parsed:single_value_assumed_unit,,1,22.5,22.5,"22,5MG"
039232018,FIRMAGON*INIET 1FL 80MG+1SIR,247033.47,True,Validated,parsed:direct_strength,,1,80.0,80.0,1FL 80MG
042927020,IMNOVID*21CPS 2MG,245900.58,True,Validated,parsed:direct_strength,,21,2.0,42.0,21CPS 2MG
048082046,TRECONDI*5FL POLV 5G,244722.5,True,Validated,parsed:direct_strength,,5,5000.0,25000.0,5FL POLV 5G
018259022,URBASON SOL*IM EV 3F 20MG+3F1M,244182.67,True,Validated,parsed:direct_strength,,3,20.0,60.0,3F 20MG
046471013,TRUE TEST SMARTPRACTICE*10UNIT,243782.0,False,Unresolved,unresolved,other,,,,
048083024,ESPEROCT*IV 1FL 1000UI+SIR PRE,243689.46,False,Unresolved,unresolved,other,,,,
038944031,OSSIGENO*COMPR 200BAR 5LT VAL,243274.42,False,Unresolved,unresolved,oxygen_gas,,,,
034813117,"BOOSTRIX*IM 1SIR 0,5ML+AGO",242706.75,False,Unresolved,unresolved,other,,,,
029055047,"PROHANCE*EV FL 15ML 279,3MG/ML",242434.5,True,Candidate,parsed:implied_unit_vol_conc,,1,4189.5,4189.5,"FL 15ML 279,3MG/ML"
046889135,"HYRIMOZ*SC 2SIR 0,4ML 40MG",242226.35,True,Candidate,parsed:single_value_assumed_unit,,1,40.0,40.0,40MG
045429053,"TRUMENBA*IM 10SIR0,5ML CON AGO",241876.46,False,Unresolved,unresolved,other,,,,
044698189,NUBRIVEO*56CPR RIV 100MG,241229.0,True,Validated,parsed:direct_strength,,56,100.0,5600.0,56CPR RIV 100MG
045590027,TECENTRIQ*INFUS 840MG 14ML,241163.67,True,Candidate,parsed:single_value_assumed_unit,,1,840.0,840.0,840MG
049540026,KOSELUGO*60CPS 25MG FL,240563.41,True,Validated,parsed:direct_strength,,60,25.0,1500.0,60CPS 25MG
047821044,SKYRIZI*EV 1FL 600MG 10ML,239092.77,True,Validated,parsed:direct_strength,,1,600.0,600.0,1FL 600MG
045253010,VEMLIDY*30CPR RIV 25MG FL,238696.24,True,Validated,parsed:direct_strength,,30,25.0,750.0,30CPR RIV 25MG
043010014,INFLECTRA*EV FL 100MG,237700.35,True,Candidate,parsed:single_value_assumed_unit,,1,100.0,100.0,100MG
045320088,XELJANZ*112CPR RIV 10MG,236796.51,True,Validated,parsed:direct_strength,,112,10.0,1120.0,112CPR RIV 10MG
049606015,MINJUVI*EV 1FL POLV 200MG,236402.93,True,Validated,parsed:direct_strength,,1,200.0,200.0,1FL POLV 200MG
042581064,FYCOMPA*28CPR RIV 6MG,233812.1,True,Validated,parsed:direct_strength,,28,6.0,168.0,28CPR RIV 6MG
044465021,PANTOPRAZOLO SUN*EV 10FL 40MG,233667.81,True,Validated,parsed:direct_strength,,10,40.0,400.0,10FL 40MG
051230124,AWIQLI*SC 1PEN 700U/ML 3ML+14A,233497.6,False,Unresolved,unresolved,multi_active_combo,,,,
045106061,CABOMETYX*30CPR RIV 60MG FL,231123.24,True,Validated,parsed:direct_strength,,30,60.0,1800.0,30CPR RIV 60MG
037106162,"OMNITROPE*SUREPAL CART10MG/1,5",230398.89,False,Unresolved,unresolved,other,,,,
043535032,TRANSLARNA*30BUST 1000MG,228269.76,True,Validated,parsed:direct_strength,,30,1000.0,30000.0,30BUST 1000MG
051376186,POMALIDOMIDE ACC*21CPS 3MG,228248.38,True,Validated,parsed:direct_strength,,21,3.0,63.0,21CPS 3MG
042923021,TAFINLAR*120CPS 50MG FL,227264.21,True,Validated,parsed:direct_strength,,120,50.0,6000.0,120CPS 50MG
049479025,ABIRATERONE ACC*56CPR RIV500MG,227048.57,True,Validated,parsed:direct_strength,,56,500.0,28000.0,56CPR RIV500MG
049882018,VORAXAZE*EV 1FL 1000UI,226875.0,False,Unresolved,unresolved,other,,,,
039766035,"MENVEO*IM 1FL+1FL 0,5ML",226754.01,False,Unresolved,unresolved,other,,,,
045254012,SULIQUA*3PEN 100U/ML+50MCG/ML,225861.32,False,Unresolved,unresolved,multi_active_combo,,,,
044563082,ELOCTA*IV 1FL 3000UI+SIR PRERI,225258.92,False,Unresolved,unresolved,other,,,,
050151024,LUNSUMIO*EV 1FL 30ML 30MG,224688.05,True,Candidate,parsed:single_value_assumed_unit,,1,30.0,30.0,30MG
048961027,ROZLYTREK*90CPS 200MG FL,224670.9,True,Validated,parsed:direct_strength,,90,200.0,18000.0,90CPS 200MG
038944385,OSSIGENO*CRIOGEN 3000LT FISSO,224640.58,False,Unresolved,unresolved,oxygen_gas,,,,
037106109,"OMNITROPE*SUREPAL CART15MG/1,5",223369.78,False,Unresolved,unresolved,other,,,,
040695025,MEROPENEM HIK*EV POLV 10FL 1G,223232.39,True,Validated,parsed:direct_strength,,10,1000.0,10000.0,10FL 1G
029447101,NOVOSEVEN*IV 5MG(250KUI)+5ML,223103.4,True,Candidate,parsed:single_value_assumed_unit,,1,5.0,5.0,5MG
033302100,EXTRANEAL*5SAC DOP 2LT SYII,221519.63,False,Unresolved,unresolved,other,,,,
023202068,"SOLUMEDROL*IM EV FL 1G+F15,6ML",221152.93,True,Candidate,parsed:single_value_assumed_unit,,1,1000.0,1000.0,1G
046910028,FULVESTRANT EV*IM 2SIR5ML250MG,219725.57,True,Candidate,parsed:single_value_assumed_unit,,1,250.0,250.0,250MG
045890035,PREVYMIS*INFUS 1FL 240MG 12ML,219544.27,True,Validated,parsed:direct_strength,,1,240.0,240.0,1FL 240MG
044291021,OPDIVO*INFUS 1FL 10ML 10MG/ML,216552.84,True,Validated,parsed:vol_conc,,1,100.0,100.0,1FL 10ML 10MG/ML
038381733,"RETACRIT*1SIR 30.000UI 0,75ML",214970.72,False,Unresolved,unresolved,other,,,,
043333107,ADEMPAS*42CPR RIV 2MG,214863.67,True,Validated,parsed:direct_strength,,42,2.0,84.0,42CPR RIV 2MG
043335090,LATUDA*28CPR RIV 37MG,214191.51,True,Validated,parsed:direct_strength,,28,37.0,1036.0,28CPR RIV 37MG
043335153,LATUDA*28CPR RIV 74MG,214069.5,True,Validated,parsed:direct_strength,,28,74.0,2072.0,28CPR RIV 74MG
043116019,XOFIGO*EV FL 6ML 1100KBQ/ML,213164.9,False,Unresolved,unresolved,other,,,,
043375118,VOKANAMET*60CPR 150+1000MG FL,213023.28,True,Candidate,parsed:single_value_assumed_unit,,1,1000.0,1000.0,1000MG
049965027,"PREVENAR 20*IM 1SIR 0,5ML+AGO",212597.0,False,Unresolved,unresolved,other,,,,
050511043,AMPICILLINA TIL*EV IM 50FL 1G,212231.31,True,Validated,parsed:direct_strength,,50,1000.0,50000.0,50FL 1G
039801028,TEPADINA*EV FL 100MG 10MG/ML,210115.93,True,Candidate,parsed:single_value_assumed_unit,,1,100.0,100.0,100MG
044229223,"SYNJARDY*56CPR RIV 12,5+850MG",210017.8,True,Candidate,parsed:single_value_assumed_unit,,1,850.0,850.0,850MG
049966029,OKEDI*IM 1SIR100MG RP+1SIR+2AG,208998.45,True,Validated,parsed:direct_strength,,1,100.0,100.0,1SIR100MG
048968010,ANGUSTA*8CPR 25MCG,208255.5,True,Validated,parsed:direct_strength,,8,0.025,0.2,8CPR 25MCG
042487013,PLENADREN*50CPR 5MG RM FL,207465.8,True,Validated,parsed:direct_strength,,50,5.0,250.0,50CPR 5MG
042032146,SIGNIFOR*IM 1FL 40MG+SIR 2ML,207041.02,True,Validated,parsed:direct_strength,,1,40.0,40.0,1FL 40MG
049692015,"VOXZOGO*SC 10FL 0,4MG",206849.58,True,Validated,parsed:direct_strength,,10,0.4,4.0,"10FL 0,4MG"
045676246,"DUPIXENT*SC 2PEN 200MG 1,14ML",206016.3,True,Validated,parsed:direct_strength,,2,200.0,400.0,2PEN 200MG
035691690,"ARANESP*SC EV 1SIR 100MCG 0,5M",206010.29,True,Validated,parsed:direct_strength,,1,0.1,0.1,1SIR 100MCG
040548113,SATIVEX*3FL SPRAY 90D 10ML,205448.14,False,Unresolved,unresolved,other,,,,
043617012,REGIOCIT*2SACCHE 5000ML,205437.19,False,Unresolved,unresolved,other,,,,
043531072,ENVARSUS*30CPR 4MG RP,205421.28,True,Validated,parsed:direct_strength,,30,4.0,120.0,30CPR 4MG
044873014,EMPLICITI*EV 1FL 300MG,204675.68,True,Validated,parsed:direct_strength,,1,300.0,300.0,1FL 300MG
049288018,PHESGO*SC 1F 15ML 1200MG+600MG,204292.84,True,Candidate,parsed:single_value_assumed_unit,,1,1200.0,1200.0,1200MG
043447022,SYLVANT*EV FL 400MG,203042.81,True,Candidate,parsed:single_value_assumed_unit,,1,400.0,400.0,400MG
038944310,OSSIGENO*COMPR 200BAR 16x50LT,202289.21,False,Unresolved,unresolved,oxygen_gas,,,,
050710019,TIBSOVO*60CPR RIV 250MG FL,201594.67,True,Validated,parsed:direct_strength,,60,250.0,15000.0,60CPR RIV 250MG
051057026,UZPRUVO*SC 1SIR 90MG 1ML,201405.76,True,Validated,parsed:direct_strength,,1,90.0,90.0,1SIR 90MG
051223028,FLUENZ*SPRAY NAS 10NEBUL 25-26,201168.0,False,Unresolved,unresolved,other,,,,
038705012,MYCAMINE*EV FL 50MG,201041.79,True,Candidate,parsed:single_value_assumed_unit,,1,50.0,50.0,50MG
045383015,OXERVATE*COLL 7FL 20MCG/ML 1ML,200411.2,False,Unresolved,unresolved,other,,,,
049913027,"NGENLA*SC 1PEN 60MG 1,2ML",199186.77,True,Validated,parsed:direct_strength,,1,60.0,60.0,1PEN 60MG
046485013,MYLOTARG*EV 1FL 5MG,198977.35,True,Validated,parsed:direct_strength,,1,5.0,5.0,1FL 5MG
044698102,NUBRIVEO*56CPR RIV 50MG,197561.98,True,Validated,parsed:direct_strength,,56,50.0,2800.0,56CPR RIV 50MG
050030028,ARPETRAN*120CPR SOLUB 100MG,196408.32,True,Validated,parsed:direct_strength,,120,100.0,12000.0,120CPR SOLUB 100MG
041863010,ZELBORAF*56CPR RIV 240MG,195221.98,True,Validated,parsed:direct_strength,,56,240.0,13440.0,56CPR RIV 240MG
037610019,GRAZAX*OS 30LIOF 75.000SQ-T,193867.14,False,Unresolved,unresolved,other,,,,
044560050,ORKAMBI*OS GRAT 56BS 100+125MG,193298.34,True,Candidate,parsed:single_value_assumed_unit,,1,125.0,125.0,125MG
029557028,WELLVONE*OS SOSP FL 750MG/5ML,192440.58,False,Unresolved,unresolved,other,,,,
050357553,MOUNJARO*4DOSI DA 10MG 1KWIKP,192391.98,True,Candidate,parsed:single_value_assumed_unit,,1,10.0,10.0,10MG
029288040,SUPRANE*LIQ INAL 6FL 240ML ALL,192219.31,False,Unresolved,unresolved,other,,,,
042640274,CAPECITABINA ACC*120CPR 500MG,192144.12,True,Validated,parsed:direct_strength,,120,500.0,60000.0,120CPR 500MG
042337016,ACIDO ZOLEDRONICO AL*EV 1SA5MG,191687.41,True,Candidate,parsed:single_value_assumed_unit,,1,5.0,5.0,5MG
039696036,MYFENAX*50CPR RIV 500MG,191290.21,True,Validated,parsed:direct_strength,,50,500.0,25000.0,50CPR RIV 500MG
029447099,NOVOSEVEN*IV 2MG(100KUI)+2ML,190937.25,True,Candidate,parsed:single_value_assumed_unit,,1,2.0,2.0,2MG
026863148,"SAIZEN*1CART 5,83MG/ML 1,03ML",190546.78,True,Authoritative,aifa_ingredient_authoritative,,,,5.83,SOMATROPINA 5.83milligrammi
048215026,VITRAKVI*56CPS 100MG FL,189932.93,True,Validated,parsed:direct_strength,,56,100.0,5600.0,56CPS 100MG
048001034,MYRELEZ*SC 1SIR 120MG+AGO,189328.22,True,Validated,parsed:direct_strength,,1,120.0,120.0,1SIR 120MG
037157031,"POLIOINFANRIX*10SIR 0,5ML+10AG",188994.6,False,Unresolved,unresolved,other,,,,
044887103,UPTRAVI*60CPR RIV 1600MCG,187914.99,True,Validated,parsed:direct_strength,,60,1.6,96.0,60CPR RIV 1600MCG
039398019,AFINITOR*30CPR 5MG,187647.16,True,Validated,parsed:direct_strength,,30,5.0,150.0,30CPR 5MG
033535067,BENEFIX*EV 1FL 1000UI+SIR5ML+S,187327.23,False,Unresolved,unresolved,other,,,,
042549030,XALKORI*60CPS RIG 250MG,186386.9,True,Validated,parsed:direct_strength,,60,250.0,15000.0,60CPS RIG 250MG
020711065,PENSTAPHO*INIETT 1FL 1G/5ML,185894.41,False,Unresolved,unresolved,other,,,,
039941051,OLIMEL*N9 INF 6SACCHE 1000ML,185529.76,False,Unresolved,unresolved,other,,,,
029111085,"CLEXANE T*10SIR 6000UI 0,6ML",185521.23,False,Unresolved,unresolved,other,,,,
035726064,SOMAVERT*SC 30FL 25MG+30SIR,184915.79,True,Validated,parsed:direct_strength,,30,25.0,750.0,30FL 25MG
026533051,ACTILYSE*EV FL 20MG+FL 20ML,184334.77,True,Candidate,parsed:single_value_assumed_unit,,1,20.0,20.0,20MG
043531058,ENVARSUS*60CPR 1MG RP,183452.48,True,Validated,parsed:direct_strength,,60,1.0,60.0,60CPR 1MG
035815048,SIRTAP*INF FL 2G POLV,182452.25,True,Candidate,parsed:single_value_assumed_unit,,1,2000.0,2000.0,2G
049614011,"VERQUVO*14CPR RIV 2,5MG",182187.73,True,Validated,parsed:direct_strength,,14,2.5,35.0,"14CPR RIV 2,5MG"
045491077,"KEVZARA*SC 2PEN 1,14ML 200MG",182130.32,True,Candidate,parsed:single_value_assumed_unit,,1,200.0,200.0,200MG
045492016,"VELTASSA*OS POLV 30BUST 8,4G",182007.15,True,Validated,parsed:direct_strength,,30,8400.0,252000.0,"30BUST 8,4G"
038312017,ISENTRESS*60CPR RIV 400MG FL,181577.45,True,Validated,parsed:direct_strength,,60,400.0,24000.0,60CPR RIV 400MG
047421019,PIFELTRO*30CPR RIV 100MG,181566.0,True,Validated,parsed:direct_strength,,30,100.0,3000.0,30CPR RIV 100MG
045104027,"INHIXA*10SIR 2000UI 0,2ML",180443.46,False,Unresolved,unresolved,other,,,,
044505016,RAXONE*180CPR RIV 150MG FL,180166.4,True,Validated,parsed:direct_strength,,180,150.0,27000.0,180CPR RIV 150MG
034735047,"OFTASTERIL*OFT1FL3,5ML 50MG/ML",179707.67,True,Validated,parsed:vol_conc,,1,175.0,175.0,"1FL3,5ML 50MG/ML"
044648018,NUCALA*SC 1FL 100MG,179198.74,True,Validated,parsed:direct_strength,,1,100.0,100.0,1FL 100MG
038190474,"BINOCRIT*1SIR20.000UI 0,5ML+DI",178661.09,False,Unresolved,unresolved,other,,,,
042013033,SODIO LEVOFOLINATO ME*FL 9ML,177676.69,False,Unresolved,unresolved,other,,,,
039935034,CAYSTON*NEBUL 75MG 84FL+88F+NE,177645.6,True,Candidate,parsed:single_value_assumed_unit,,1,75.0,75.0,75MG
050880057,TYENNE*EV 1FL 20ML 20MG/ML,176559.19,True,Validated,parsed:vol_conc,,1,400.0,400.0,1FL 20ML 20MG/ML
042233080,INLYTA*56CPR RIV 3MG,176521.69,True,Validated,parsed:direct_strength,,56,3.0,168.0,56CPR RIV 3MG
045317070,"AMGEVITA*SC 2PEN 0,8ML 40MG",176175.44,True,Candidate,parsed:single_value_assumed_unit,,1,40.0,40.0,40MG
045004013,ERTAPENEM AURO*EV 1FL 1G,176107.87,True,Validated,parsed:direct_strength,,1,1000.0,1000.0,1FL 1G
029447087,NOVOSEVEN*IV 1MG(50KUI)+1ML,175846.35,True,Candidate,parsed:single_value_assumed_unit,,1,1.0,1.0,1MG
028282251,IOMERON 400*IV FL 100ML,175632.04,False,Unresolved,unresolved,other,,,,
041004045,XEPLION*1SIR IM 100MG RP+2AGHI,175363.2,True,Validated,parsed:direct_strength,,1,100.0,100.0,1SIR IM 100MG
041397124,VOTUBIA*30CPR DISPERS 3MG,175287.78,True,Validated,parsed:direct_strength,,30,3.0,90.0,30CPR DISPERS 3MG
028427019,VARILRIX*1FL 1D+SIR+2AGHI,174567.6,False,Unresolved,unresolved,other,,,,
043203049,MITUROX*1FL 40MG+1SACCA,174033.32,True,Validated,parsed:direct_strength,,1,40.0,40.0,1FL 40MG
049358106,RETSEVMO*56CPS 80MG,173824.84,True,Validated,parsed:direct_strength,,56,80.0,4480.0,56CPS 80MG
038937037,ROACTEMRA*EV FL 10ML 20MG/ML,172957.63,True,Candidate,parsed:implied_unit_vol_conc,,1,200.0,200.0,FL 10ML 20MG/ML
049964012,SAPHNELO*EV 1FL 2ML 150MG/ML,172898.53,True,Validated,parsed:vol_conc,,1,300.0,300.0,1FL 2ML 150MG/ML
027751078,"ALCOVER*OS 12FL 10ML SOL 17,5%",172813.34,False,Unresolved,unresolved,other,,,,
045255041,AFSTYLA*EV 1500UI+FL SOLV 5ML,172009.2,False,Unresolved,unresolved,other,,,,
044648069,NUCALA*SC 3SIR 100MG/ML 1ML,171880.19,False,Unresolved,unresolved,other,,,,
046339026,STEGLATRO*28CPR RIV 5MG,171679.2,True,Validated,parsed:direct_strength,,28,5.0,140.0,28CPR RIV 5MG
036930016,VERDYE*INIET 5FL 25MG 5MG/ML,170827.9,True,Validated,parsed:direct_strength,,5,25.0,125.0,5FL 25MG
044553030,KYPROLIS*INFUS 1FL 30MG,170737.83,True,Validated,parsed:direct_strength,,1,30.0,30.0,1FL 30MG
023853082,CEFAZOLINA TEVA*EV 10FL 1G,170657.48,True,Validated,parsed:direct_strength,,10,1000.0,10000.0,10FL 1G
042331025,METILPREDNISOLONE HI*10FL 40MG,170337.71,True,Validated,parsed:direct_strength,,10,40.0,400.0,10FL 40MG
040267066,FLEBOGAMMA DIF*EV 50ML 5G,170255.71,True,Candidate,parsed:single_value_assumed_unit,,1,5000.0,5000.0,5G
050753021,COLUMVI*EV 1FL 10MG 10ML,169505.85,True,Validated,parsed:direct_strength,,1,10.0,10.0,1FL 10MG
047418037,"JIVI*EV FL 1000UI+SIR 2,5ML",168784.15,False,Unresolved,unresolved,other,,,,
050896024,ORSERDU*28CPR RIV 345MG,168031.16,True,Validated,parsed:direct_strength,,28,345.0,9660.0,28CPR RIV 345MG
047791025,"AJOVY*SC 3SIR 1,5ML 225MG",167694.57,True,Candidate,parsed:single_value_assumed_unit,,1,225.0,225.0,225MG
045182021,"PARSABIV*6FL INIETT2,5MG 0,5ML",167685.78,True,Validated,parsed:direct_strength,,6,2.5,15.0,"6FL INIETT2,5MG"
051376248,POMALIDOMIDE ACC*21CPS 4MG,166675.96,True,Validated,parsed:direct_strength,,21,4.0,84.0,21CPS 4MG
038704033,MIFEGYNE*1CPR 600MG,166395.77,True,Validated,parsed:direct_strength,,1,600.0,600.0,1CPR 600MG
047623018,MIGLUSTAT DIPHARMA*84CPS 100MG,165232.52,True,Validated,parsed:direct_strength,,84,100.0,8400.0,84CPS 100MG
051464016,IQIRVO*30CPR RIV 80MG FL,164602.29,True,Validated,parsed:direct_strength,,30,80.0,2400.0,30CPR RIV 80MG
037807043,PACLITAXEL SAN*EV 300MG 6MG/ML,164325.08,True,Candidate,parsed:single_value_assumed_unit,,1,300.0,300.0,300MG
037030133,"ULTRATECHNEKOW*1GEN 15,24GBQ 5",163449.0,False,Unresolved,unresolved,other,,,,
050695042,OMVOH*SC 2PEN 100MG 1ML,163324.13,True,Validated,parsed:direct_strength,,2,100.0,200.0,2PEN 100MG
034232013,SIMULECT*IV 1F 20MG+F 5ML,162834.07,True,Validated,parsed:direct_strength,,1,20.0,20.0,1F 20MG
043711023,ELLEPALMIRON*OS 500ML 5MG/ML,162492.0,False,Unresolved,unresolved,other,,,,
032166047,"BETAFERON*15FL SC 0,25MG/ML+15",162244.31,True,Authoritative,aifa_ingredient_authoritative,,,,0.3,INTERFERONE BETA 1B 0.3milligrammi
029399122,IPSTYL*SC SIR 90MG,161755.75,True,Authoritative,aifa_ingredient_authoritative,,,,90.0,LANREOTIDE 90milligrammi
046649012,"GLIOLAN*OS FL 1,5G 30MG/ML",161700.0,True,Candidate,parsed:single_value_assumed_unit,,1,1500.0,1500.0,"1,5G"
046927051,RXULTI*28CPR RIV 2MG,161191.02,True,Validated,parsed:direct_strength,,28,2.0,56.0,28CPR RIV 2MG
043113048,LINEZOLID KABI*INF 10FL 300ML,161005.92,False,Unresolved,unresolved,other,,,,
026844225,GENOTROPIN MINI*7CART 1MG,160825.16,True,Candidate,parsed:single_value_assumed_unit,,1,1.0,1.0,1MG
041473087,PERISMOFVEN*4SACCHE BI 1904ML,160807.8,False,Unresolved,unresolved,other,,,,
048312019,XOSPATA*84CPR RIV 40MG,160427.04,True,Validated,parsed:direct_strength,,84,40.0,3360.0,84CPR RIV 40MG
026738056,"SELEPARINA*6SIR 0,4ML 3800UI",159825.02,False,Unresolved,unresolved,other,,,,
049858018,LUMYKRAS*240CPR RIV 120MG,159554.6,True,Validated,parsed:direct_strength,,240,120.0,28800.0,240CPR RIV 120MG
044269064,"GHEMAXAN*10SIR 4000UI 0,4ML+S",158434.96,False,Unresolved,unresolved,other,,,,
049613019,ENSPRYNG*SC 1SIR 1ML 120MG/ML,156805.0,True,Validated,parsed:vol_conc,,1,120.0,120.0,1SIR 1ML 120MG/ML
034528012,REMICADE*EV 1FL 100MG,156381.1,True,Validated,parsed:direct_strength,,1,100.0,100.0,1FL 100MG
038801027,BRIDION*10FL EV 5ML 100MG/ML,154944.57,True,Validated,parsed:vol_conc,,10,500.0,5000.0,10FL EV 5ML 100MG/ML
037045109,"ROTARIX*10TUBI OS SOSP 1,5ML",154851.77,False,Unresolved,unresolved,other,,,,
027184023,"ENDOPROST*INFUS 0,05MG/0,5ML",153580.15,False,Unresolved,unresolved,other,,,,
049033057,AYVAKYT*30CPR RIV 50MG FL,153460.36,True,Validated,parsed:direct_strength,,30,50.0,1500.0,30CPR RIV 50MG
043799079,"TREVICTA*1SIR IM 175MG 0,875ML",152492.08,True,Validated,parsed:direct_strength,,1,175.0,175.0,1SIR IM 175MG
039945011,VOTRIENT*30CPR RIV 200MG FL,152430.88,True,Validated,parsed:direct_strength,,30,200.0,6000.0,30CPR RIV 200MG
040585010,JEXT*INIETT 1PENNA 300MCG,152294.4,True,Validated,parsed:direct_strength,,1,0.3,0.3,1PENNA 300MCG
042581090,FYCOMPA*28CPR RIV 8MG,151842.15,True,Validated,parsed:direct_strength,,28,8.0,224.0,28CPR RIV 8MG
045491038,"KEVZARA*SC 2SIR 1,14ML 200MG",151654.55,True,Candidate,parsed:single_value_assumed_unit,,1,200.0,200.0,200MG
044560062,ORKAMBI*OS GRAT 56BS 150+188MG,151606.56,True,Candidate,parsed:single_value_assumed_unit,,1,188.0,188.0,188MG
050728029,FUNGOTILL LIPOSOMIALE*INF 10FL,151275.97,False,Unresolved,unresolved,other,,,,
049033018,AYVAKYT*30CPR RIV 100MG FL,151251.78,True,Validated,parsed:direct_strength,,30,100.0,3000.0,30CPR RIV 100MG
049966017,OKEDI*IM 1SIR 75MG RP+1SIR+2AG,151111.82,True,Validated,parsed:direct_strength,,1,75.0,75.0,1SIR 75MG
049616016,"RYEQO*28CPR 40MG+1MG+0,5MG FL",150971.43,True,Validated,parsed:direct_strength,,28,40.0,1120.0,28CPR 40MG
039910171,ZEBINIX*30CPR 800MG,150767.62,True,Validated,parsed:direct_strength,,30,800.0,24000.0,30CPR 800MG
049316019,"PEMAZYRE*14CPR 4,5MG",150602.03,True,Validated,parsed:direct_strength,,14,4.5,63.0,"14CPR 4,5MG"
038996017,VIDAZA*SC 1FL 100MG 25MG/ML,150504.11,True,Validated,parsed:direct_strength,,1,100.0,100.0,1FL 100MG
039589039,MULTAQ*60CPR RIV 400MG,149751.21,True,Validated,parsed:direct_strength,,60,400.0,24000.0,60CPR RIV 400MG
029447113,NOVOSEVEN*IV 8MG(400KUI)+8ML,149656.1,True,Candidate,parsed:single_value_assumed_unit,,1,8.0,8.0,8MG
045182108,PARSABIV*6FL INIETT 10MG 2ML,149654.78,True,Validated,parsed:direct_strength,,6,10.0,60.0,6FL INIETT 10MG
046342022,STEGLUJAN*28CPR RIV 5MG+100MG,149248.13,True,Validated,parsed:direct_strength,,28,5.0,140.0,28CPR RIV 5MG
042549016,XALKORI*60CPS RIG 200MG,149075.3,True,Validated,parsed:direct_strength,,60,200.0,12000.0,60CPS RIG 200MG
045059019,DAPTOMICINA HIK*1FL POLV 350MG,148746.9,True,Validated,parsed:direct_strength,,1,350.0,350.0,1FL POLV 350MG
045618067,KISQALI*63CPR RIV 200MG,148074.98,True,Validated,parsed:direct_strength,,63,200.0,12600.0,63CPR RIV 200MG
043130032,ACICLOVIR HIK*EV 10FL 250MG,148050.37,True,Validated,parsed:direct_strength,,10,250.0,2500.0,10FL 250MG
039941152,OLIMEL*N7E INF 4SACCHE 1500ML,148001.0,False,Unresolved,unresolved,other,,,,
049792029,QINLOCK*90CPR 50MG FL,147459.3,True,Validated,parsed:direct_strength,,90,50.0,4500.0,90CPR 50MG
033867021,IGAMAD*IM 1SIR 1500UI/2ML,147283.08,False,Unresolved,unresolved,other,,,,
042421014,GRAFALON*INF 10FL 5ML 20MG/ML,147015.0,True,Validated,parsed:vol_conc,,10,100.0,1000.0,10FL 5ML 20MG/ML
050359013,OPDUALAG*INF 1FL 20ML 240+80MG,146628.24,True,Candidate,parsed:single_value_assumed_unit,,1,80.0,80.0,80MG
050085012,UPLIZNA*INFUS 3FL 100MG 10ML,144559.23,True,Validated,parsed:direct_strength,,3,100.0,300.0,3FL 100MG
043364126,"BEMFOLA*SC 5PEN 300UI/0,50ML+A",144118.3,False,Unresolved,unresolved,other,,,,
049823014,RYBREVANT*EV 1FL 350MG 7ML,144054.58,True,Validated,parsed:direct_strength,,1,350.0,350.0,1FL 350MG
045676145,"DUPIXENT*SC 2PEN 200MG 1,14ML",143927.24,True,Validated,parsed:direct_strength,,2,200.0,400.0,2PEN 200MG
045615022,MAVENCLAD*4CPR 10MG,141572.89,True,Validated,parsed:direct_strength,,4,10.0,40.0,4CPR 10MG
036615019,GELOFUSINE*EV 10FL 500ML 4%,140234.25,False,Unresolved,unresolved,other,,,,
048612016,AZACITIDINA BETAP*SC 1FL 100MG,139850.97,True,Validated,parsed:direct_strength,,1,100.0,100.0,1FL 100MG
048516013,GIVLAARI*SC 1FL 1ML 189MG/ML,139227.55,True,Validated,parsed:vol_conc,,1,189.0,189.0,1FL 1ML 189MG/ML
033302086,EXTRANEAL*5SAC 2LT SYII,138771.65,False,Unresolved,unresolved,other,,,,
037105018,"ACLASTA*INF 100ML 0,05MG/ML",138611.72,False,Unresolved,unresolved,other,,,,
050357538,"MOUNJARO*4DOSI DA 7,5MG 1KWIKP",138062.32,True,Candidate,parsed:single_value_assumed_unit,,1,7.5,7.5,"7,5MG"
045104080,"INHIXA*10SIR 8000UI 0,8ML",137388.23,False,Unresolved,unresolved,other,,,,
035691397,"ARANESP*SC 1PEN 80MCG 0,4ML",136031.63,True,Validated,parsed:direct_strength,,1,0.08,0.08,1PEN 80MCG
029018049,CREON 25000UI*100CPS 300MG RM,135103.35,True,Authoritative,aifa_ingredient_authoritative,,,,300.0,PANCRELIPASI 300milligrammi
043564020,VELPHORO*90CPR MAST 500MG FL,134588.37,True,Validated,parsed:direct_strength,,90,500.0,45000.0,90CPR MAST 500MG
049442039,ONTOZRY*28CPR RIV 50MG,133780.97,True,Validated,parsed:direct_strength,,28,50.0,1400.0,28CPR RIV 50MG
029018064,CREON 10000UI*100CPS 150MG RM,133726.8,True,Authoritative,aifa_ingredient_authoritative,,,,150.0,PANCRELIPASI 150milligrammi
035233028,SONOVUE*8MCL/ML 1FL+1SIR5ML+AD,133642.08,False,Unresolved,unresolved,other,,,,
043364140,"BEMFOLA*SC 5PEN 450UI/0,75ML+A",133489.42,False,Unresolved,unresolved,other,,,,
049376054,"YUFLYMA*1SIR 0,4ML 40MG+2TAMP",132508.32,True,Candidate,parsed:single_value_assumed_unit,,1,40.0,40.0,40MG
029610033,METADONE CLOR MOL*OS 1MG/ML20M,132201.54,True,Authoritative,aifa_ingredient_authoritative,,,,20.0,METADONE CLORIDRATO 20milligrammi
042106017,TEICOPLANINA HIK*IV IM OS200MG,132013.75,True,Candidate,parsed:single_value_assumed_unit,,1,200.0,200.0,200MG
042853034,ICLUSIG*30CPR RIV 45MG FL,131135.3,True,Validated,parsed:direct_strength,,30,45.0,1350.0,30CPR RIV 45MG
050899020,LITFULO*30CPS 50MG,130881.89,True,Validated,parsed:direct_strength,,30,50.0,1500.0,30CPS 50MG
048404026,QUOFENIX*10CPR 450MG,130613.16,True,Validated,parsed:direct_strength,,10,450.0,4500.0,10CPR 450MG
031938424,"SODIO CLORURO FKI*0,9% 40FL100",130388.72,False,Unresolved,unresolved,other,,,,
037030119,"ULTRATECHNEKOW*1GEN 11,43GBQ 5",130358.8,False,Unresolved,unresolved,other,,,,
035691359,"ARANESP*SC 1PEN 20MCG 0,5ML",130338.05,True,Validated,parsed:direct_strength,,1,0.02,0.02,1PEN 20MCG
045936061,ADYNOVI*EV 500UI+FL SOLV 2ML,130007.74,False,Unresolved,unresolved,other,,,,
045181029,NINLARO*3CPS 3MG,129937.5,True,Validated,parsed:direct_strength,,3,3.0,9.0,3CPS 3MG
042233027,INLYTA*56CPR RIV 1MG,129753.0,True,Validated,parsed:direct_strength,,56,1.0,56.0,56CPR RIV 1MG
034091076,"REBIF*SC 4CART 22MCG/0,5ML",129700.99,False,Unresolved,unresolved,other,,,,
044887089,UPTRAVI*60CPR RIV 1200MCG,129687.81,True,Validated,parsed:direct_strength,,60,1.2,72.0,60CPR RIV 1200MCG
032830186,XENETIX 350*FL 100ML 350MG/ML,129443.6,True,Candidate,parsed:implied_unit_vol_conc,,1,35000.0,35000.0,FL 100ML 350MG/ML
023202056,"SOLUMEDROL*IM EV FL500MG+7,8ML",129373.99,True,Candidate,parsed:single_value_assumed_unit,,1,500.0,500.0,500MG
048441012,TAVLESSE*60CPR RIV 100MG FL,128912.33,True,Validated,parsed:direct_strength,,60,100.0,6000.0,60CPR RIV 100MG
046339089,STEGLATRO*28CPR RIV 15MG,128898.0,True,Validated,parsed:direct_strength,,28,15.0,420.0,28CPR RIV 15MG
049442066,ONTOZRY*28CPR RIV 100MG,128629.37,True,Validated,parsed:direct_strength,,28,100.0,2800.0,28CPR RIV 100MG
050307014,ENJAYMO*INFUS 1FL 50MG/ML 22ML,128306.64,False,Unresolved,unresolved,other,,,,
049750021,ASPAVELI*SC 8FL 1080MG 20ML,128238.74,True,Validated,parsed:direct_strength,,8,1080.0,8640.0,8FL 1080MG
041258233,"RIVASTIGMINA ZENT*30CER9,5MG/D",127982.51,False,Unresolved,unresolved,other,,,,
050595026,IMJUDO*EV 1FL 15ML 20MG/ML,127600.0,True,Validated,parsed:vol_conc,,1,300.0,300.0,1FL 15ML 20MG/ML
044557027,OBIZUR*EV 5FL 500U/ML,127600.0,False,Unresolved,unresolved,other,,,,
045252018,ZINPLAVA*INFUS 40ML 25MG/ML,127311.3,False,Unresolved,unresolved,other,,,,
043906080,XADAGO*30CPR RIV 100MG,125986.84,True,Validated,parsed:direct_strength,,30,100.0,3000.0,30CPR RIV 100MG
049571021,BYLVAY*30CPS 400MCG FL,125885.76,True,Validated,parsed:direct_strength,,30,0.4,12.0,30CPS 400MCG
049692039,"VOXZOGO*SC 10FL 1,2MG",125319.53,True,Validated,parsed:direct_strength,,10,1.2,12.0,"10FL 1,2MG"
050699014,EPYSQLI*EV 1FL 300MG 30ML,124678.4,True,Validated,parsed:direct_strength,,1,300.0,300.0,1FL 300MG
040192015,FIRDAPSE*100CPR 10MG,124660.0,True,Validated,parsed:direct_strength,,100,10.0,1000.0,100CPR 10MG
045059033,DAPTOMICINA HIK*1FL POLV 500MG,124613.64,True,Validated,parsed:direct_strength,,1,500.0,500.0,1FL POLV 500MG
045671017,PLENVU*OS POLV 1TRATTAM(3BUST),124372.18,False,Unresolved,unresolved,other,,,,
035681081,EBIXA*56CPR RIV 10MG,123043.22,True,Validated,parsed:direct_strength,,56,10.0,560.0,56CPR RIV 10MG
037141037,SEVOFLURANE BAX*6FL 250ML 100%,122087.06,False,Unresolved,unresolved,other,,,,
049614124,VERQUVO*14CPR RIV 5MG,121563.02,True,Validated,parsed:direct_strength,,14,5.0,70.0,14CPR RIV 5MG
037030095,"ULTRATECHNEKOW*1GEN 9,53GBQ5ML",121515.77,False,Unresolved,unresolved,other,,,,
038962205,OSSIGENO*CRIOGEN 45LT MOBILE,121344.99,False,Unresolved,unresolved,oxygen_gas,,,,
027686094,NORDITROPIN NORDIFLEX*1PEN 5MG,120873.63,True,Validated,parsed:direct_strength,,1,5.0,5.0,1PEN 5MG
042035042,DACEPTON*SC 5FL 5MG/ML 20ML,120685.56,False,Unresolved,unresolved,other,,,,
037025071,"PRIMOVIST*1SIR 10ML 0,25MMOL/M",120667.8,False,Unresolved,unresolved,other,,,,
048393033,DAPTOMICINA ACC*1FL POLV 500MG,120384.31,True,Validated,parsed:direct_strength,,1,500.0,500.0,1FL POLV 500MG
006152021,TRIMETON*INIET 5F 1ML 10MG,119915.92,True,Candidate,parsed:single_value_assumed_unit,,1,10.0,10.0,10MG
030705026,EPSOCLAR*INFUS 10F 25000UI 5ML,119824.94,False,Unresolved,unresolved,other,,,,
040267039,FLEBOGAMMA DIF*EV FL 100ML 5G,119515.13,True,Candidate,parsed:single_value_assumed_unit,,1,5000.0,5000.0,5G
032921114,FOSTIMON*5FL 150UI/ML+5SIR,119456.39,False,Unresolved,unresolved,multi_active_combo,,,,
035606110,"ARIXTRA*SC 10SIR 5MG 0,4ML",119456.06,True,Validated,parsed:direct_strength,,10,5.0,50.0,10SIR 5MG
037057041,REMODULIN*EV SC 20ML 10MG/ML,119350.0,False,Unresolved,unresolved,other,,,,
050443023,"XIMLUCI*INIET 0,23ML 10MG/ML+A",119163.0,False,Unresolved,unresolved,multi_active_combo,,,,
044039143,ENOXAPARINA ROVI*10SIR 6000UI,118877.67,False,Unresolved,unresolved,other,,,,
043693011,IMBRUVICA*90CPS 140MG FL,118427.8,True,Validated,parsed:direct_strength,,90,140.0,12600.0,90CPS 140MG
024744070,FEIBA*FL 1000UF+BAXJECT II HF,118201.54,False,Unresolved,unresolved,other,,,,
033344021,VERACER*10F 25000UI 5ML,117781.81,False,Unresolved,unresolved,other,,,,
045679014,CUPRIOR*72CPR RIV 150MG,117590.71,True,Validated,parsed:direct_strength,,72,150.0,10800.0,72CPR RIV 150MG
036850055,LEVEMIR*FLEX 5PEN 3ML 100U/ML,117513.36,False,Unresolved,unresolved,other,,,,
037097209,FOZNOL*90CPR MAST 1000MG FL,116318.46,True,Validated,parsed:direct_strength,,90,1000.0,90000.0,90CPR MAST 1000MG
043333071,"ADEMPAS*42CPR RIV 1,5MG",116189.41,True,Validated,parsed:direct_strength,,42,1.5,63.0,"42CPR RIV 1,5MG"
035418060,COPAXONE*SC 12SIR 40MG/ML,115709.46,False,Unresolved,unresolved,other,,,,
049826098,CIBINQO*28CPR RIV 100MG,115603.18,True,Validated,parsed:direct_strength,,28,100.0,2800.0,28CPR RIV 100MG
037225099,COMPETACT*56CPR RIV 15MG+850MG,115411.84,True,Validated,parsed:direct_strength,,56,15.0,840.0,56CPR RIV 15MG
034510014,BREATHQUALITY-UBT*OS 75MG 10ML,115002.8,True,Candidate,parsed:single_value_assumed_unit,,1,75.0,75.0,75MG
045996055,CUTAQUIG*SC 1FL 24ML 165MG/ML,114491.2,True,Validated,parsed:vol_conc,,1,3960.0,3960.0,1FL 24ML 165MG/ML
037400138,SPRYCEL*30CPR RIV 80MG,113879.32,True,Validated,parsed:direct_strength,,30,80.0,2400.0,30CPR RIV 80MG
026844276,GENOTROPIN MINI*4TBF 2MG,113782.96,True,Candidate,parsed:single_value_assumed_unit,,1,2.0,2.0,2MG
050299015,PEPAXTI*INFUS EV 20MG 1FL,113620.53,True,Candidate,parsed:single_value_assumed_unit,,1,20.0,20.0,20MG
035609041,TRACLEER*56CPR RIV 125MG,112607.49,True,Validated,parsed:direct_strength,,56,125.0,7000.0,56CPR RIV 125MG
050185026,SCEMBLIX*60CPR RIV 20MG,112589.73,True,Validated,parsed:direct_strength,,60,20.0,1200.0,60CPR RIV 20MG
050635061,SOTYKTU*28CPR RIV 6MG+CALEN,111937.07,True,Validated,parsed:direct_strength,,28,6.0,168.0,28CPR RIV 6MG
041397100,VOTUBIA*30CPR DISPERS 2MG,111183.75,True,Validated,parsed:direct_strength,,30,2.0,60.0,30CPR DISPERS 2MG
018610028,CARNITENE*EV 5F 5ML 1G/5ML,110225.64,False,Unresolved,unresolved,other,,,,
041873011,CAPRELSA*30CPR RIV 100MG,109995.72,True,Validated,parsed:direct_strength,,30,100.0,3000.0,30CPR RIV 100MG
046342085,STEGLUJAN*28CPR RIV 15MG+100MG,109918.01,True,Validated,parsed:direct_strength,,28,15.0,420.0,28CPR RIV 15MG
039132220,OSSIGENO*CRIOGEN 1500LT FISSO,109672.42,False,Unresolved,unresolved,oxygen_gas,,,,
046996017,KYMRIAH*EV 1-3 SACCHE,109635.7,False,Unresolved,unresolved,other,,,,
045990052,CEFEPIME QILU*INF 10FL 2G,109503.85,True,Validated,parsed:direct_strength,,10,2000.0,20000.0,10FL 2G
045567017,"TESTAVAN*GEL 85,5G 56D 20MG/G",109449.64,True,Candidate,parsed:single_value_assumed_unit,,1,85500.0,85500.0,"85,5G"
035724121,LANTUS*SC 1FL 100U/ML 10ML,109379.11,False,Unresolved,unresolved,other,,,,
036511032,MYFORTIC*100CPR GASTR 180MG,108875.39,True,Validated,parsed:direct_strength,,100,180.0,18000.0,100CPR GASTR 180MG
049826148,CIBINQO*28CPR RIV 200MG,108867.89,True,Validated,parsed:direct_strength,,28,200.0,5600.0,28CPR RIV 200MG
049682014,"OZAWADE*30CPR RIV 4,5MG FL",108862.99,True,Validated,parsed:direct_strength,,30,4.5,135.0,"30CPR RIV 4,5MG"
051360028,FRUZAQLA*21CPS 5MG FL,108798.55,True,Validated,parsed:direct_strength,,21,5.0,105.0,21CPS 5MG
050418019,"LIVMARLI*OS FL 30ML 9,5MG/ML+S",108675.13,True,Candidate,parsed:implied_unit_vol_conc,,1,285.0,285.0,"FL 30ML 9,5MG/ML"
033308014,CAELYX PEG*EV 1FL 10ML 2MG/ML,108638.03,True,Validated,parsed:vol_conc,,1,20.0,20.0,1FL 10ML 2MG/ML
043375056,VOKANAMET*60CPR 50+1000MG FL,108628.97,True,Candidate,parsed:single_value_assumed_unit,,1,1000.0,1000.0,1000MG
047002098,CREONIPE*100CPS 420MG 35000U,108257.77,True,Validated,parsed:direct_strength,,100,420.0,42000.0,100CPS 420MG
035983028,CARBAGLU*60CPR DISP 200MG FL,108191.7,True,Validated,parsed:direct_strength,,60,200.0,12000.0,60CPR DISP 200MG
033177027,THYMOGLOBULINE*1F 25MG 5MG/ML,107879.37,True,Validated,parsed:direct_strength,,1,25.0,25.0,1F 25MG
050942061,JAYPIRCA*56CPR RIV 100MG,107877.01,True,Validated,parsed:direct_strength,,56,100.0,5600.0,56CPR RIV 100MG
048984049,KAFTRIO*28BUST GRAT75+50+100MG,107523.89,True,Candidate,parsed:single_value_assumed_unit,,1,100.0,100.0,100MG
034964167,"GADOVIST*SIR 10ML 1,0MMOL/ML",107312.67,False,Unresolved,unresolved,other,,,,
006275010,EPARINA VISTER*F 10ML5000UI/ML,107173.91,False,Unresolved,unresolved,other,,,,
044563056,ELOCTA*IV 1FL 1000UI+SIR PRERI,106873.23,False,Unresolved,unresolved,other,,,,
036145062,HOSPASOL*2SA 5LT 145MMOL/LT,106592.51,False,Unresolved,unresolved,other,,,,
034152049,MULTIHANCE*EV 1F 20ML,106332.6,False,Unresolved,unresolved,other,,,,
034478026,LIDOFAST*GEL URETR 25MG/G 15G,106257.37,True,Candidate,parsed:single_value_assumed_unit,,1,15000.0,15000.0,15G
040381067,PARACETAMOLO KAB*INF 10FL100ML,106126.86,False,Unresolved,unresolved,other,,,,
048399101,RINVOQ*28CPR 45MG RP,105813.41,True,Validated,parsed:direct_strength,,28,45.0,1260.0,28CPR 45MG
030679017,NORADRENALINA*EV 5F 2MG 1ML,105789.09,True,Validated,parsed:direct_strength,,5,2.0,10.0,5F 2MG
035683073,"PEGASYS*SC SIR 0,5ML 180MCG+AG",105474.18,True,Candidate,parsed:single_value_assumed_unit,,1,0.18,0.18,180MCG
050889017,INAQOVI*5CPR 35MG+100MG,105314.5,True,Validated,parsed:direct_strength,,5,35.0,175.0,5CPR 35MG
040383010,FLUORODOPA 18F CUR*FL 90MBQ/ML,104927.33,False,Unresolved,unresolved,other,,,,
048057018,"TALZENNA*30CPS 0,25MG FL",104925.06,True,Validated,parsed:direct_strength,,30,0.25,7.5,"30CPS 0,25MG"
049207020,"TRESUVI*1FL 10ML 2,5MG/ML",104868.28,True,Validated,parsed:vol_conc,,1,25.0,25.0,"1FL 10ML 2,5MG/ML"
043535018,TRANSLARNA*30BUST 125MG,104624.08,True,Validated,parsed:direct_strength,,30,125.0,3750.0,30BUST 125MG
038327019,"TORISEL*EV 1FL 30MG+1FL 1,8ML",103757.95,True,Validated,parsed:direct_strength,,1,30.0,30.0,1FL 30MG
039184066,UNIFOL*INFUS 5FL 10MG/ML 20ML,103598.9,False,Unresolved,unresolved,other,,,,
039941392,OLIMEL*N12E INF 10SACCHE 650ML,103503.4,False,Unresolved,unresolved,other,,,,
036849127,PROPOFOL KABI*10FL 50ML 1000MG,103393.4,True,Candidate,parsed:single_value_assumed_unit,,1,1000.0,1000.0,1000MG
029796012,CELLCEPT*100CPS 250MG,103350.04,True,Validated,parsed:direct_strength,,100,250.0,25000.0,100CPS 250MG
040716084,SMOFKABIVEN*4SACC 1477ML C/EL,103323.18,False,Unresolved,unresolved,other,,,,
047089026,"IMFINZI*EV 1FL 2,4ML 50MG/ML",102939.4,True,Validated,parsed:vol_conc,,1,120.0,120.0,"1FL 2,4ML 50MG/ML"
050973015,SKYCLARYS*90CPS 50MG,102930.69,True,Validated,parsed:direct_strength,,90,50.0,4500.0,90CPS 50MG
049430034,NEXPOVIO*20CPR RIV 20MG,102796.46,True,Validated,parsed:direct_strength,,20,20.0,400.0,20CPR RIV 20MG
038919167,VIMPAT*INFUS 1FL 20ML 10MG/ML,102024.28,True,Validated,parsed:vol_conc,,1,200.0,200.0,1FL 20ML 10MG/ML
044891024,"IDELVION*EV FL 500UI+FL 2,5ML",101930.4,False,Unresolved,unresolved,other,,,,
049737048,PALMEUX*IM 1SIR 100MG RP+2AGHI,101583.65,True,Validated,parsed:direct_strength,,1,100.0,100.0,1SIR 100MG
044996015,"ENTECAVIR KA*30CPR RIV 0,5MG",101385.96,True,Validated,parsed:direct_strength,,30,0.5,15.0,"30CPR RIV 0,5MG"
040774073,NUMETA*INF 10SACCHE 300ML G13E,101254.61,False,Unresolved,unresolved,other,,,,
048105011,CUFENCE*100CPS 200MG,101028.45,True,Validated,parsed:direct_strength,,100,200.0,20000.0,100CPS 200MG
049737051,PALMEUX*IM 1SIR 150MG RP+2AGHI,100449.52,True,Validated,parsed:direct_strength,,1,150.0,150.0,1SIR 150MG
035691637,"ARANESP*SC EV 1SIR 50MCG 0,5ML",100400.76,True,Validated,parsed:direct_strength,,1,0.05,0.05,1SIR 50MCG
035681105,EBIXA*28CPR RIV 20MG,100246.06,True,Validated,parsed:direct_strength,,28,20.0,560.0,28CPR RIV 20MG
025561022,SOFARGEN*CREMA 50G 1%,99694.97,True,Candidate,parsed:single_value_assumed_unit,,1,50000.0,50000.0,50G
042735062,BOSULIF*28CPR RIV 400MG,99419.52,True,Validated,parsed:direct_strength,,28,400.0,11200.0,28CPR RIV 400MG
046889059,"HYRIMOZ*SC 2PEN 0,8ML 40MG",99052.8,True,Candidate,parsed:single_value_assumed_unit,,1,40.0,40.0,40MG
036086104,"CALCIO LEVOFOL TE*1FL 17,5ML",98517.45,False,Unresolved,unresolved,other,,,,
041004021,XEPLION*1SIR IM 50MG RP+2AGHI,97758.48,True,Validated,parsed:direct_strength,,1,50.0,50.0,1SIR IM 50MG
028039028,NORUXOL*UNG 30G,97371.37,True,Authoritative,aifa_ingredient_authoritative,,,,1.0,COLLAGENASI 1milligrammi
041381029,BENLYSTA*EV 1FL 400MG,97170.48,True,Validated,parsed:direct_strength,,1,400.0,400.0,1FL 400MG
030773232,RINGER LATTATO FKI*20FL 500ML,97029.79,False,Unresolved,unresolved,other,,,,
043028012,ORPHACOL*30CPS 50MG,97029.73,True,Validated,parsed:direct_strength,,30,50.0,1500.0,30CPS 50MG
044016018,KENGREXAL*10FL INFUS 50MG,97017.91,True,Validated,parsed:direct_strength,,10,50.0,500.0,10FL INFUS 50MG
026270088,"FLUXUM*SC 6SIR 0,4ML 4250UIAXA",96953.96,False,Unresolved,unresolved,other,,,,
038633044,TYVERB*70CPR RIV 250MG FL,96525.52,True,Validated,parsed:direct_strength,,70,250.0,17500.0,70CPR RIV 250MG
033216019,GLUCOSIO SCLAVO*SCIR 150ML 75G,96472.94,True,Candidate,parsed:single_value_assumed_unit,,1,75000.0,75000.0,75G
042804029,"HYQVIA*SC 1FL 50ML+1FL 2,5ML",96397.85,False,Unresolved,unresolved,other,,,,
029485099,"PROGRAF*30CPS 0,5MG",95874.3,True,Validated,parsed:direct_strength,,30,0.5,15.0,"30CPS 0,5MG"
036964017,XYREM*OS SOLUZ 180ML 500MG/ML,95649.05,False,Unresolved,unresolved,other,,,,
035946209,"HUMIRA*SC 1PEN 0,8ML 80MG+2TAM",95613.71,True,Candidate,parsed:single_value_assumed_unit,,1,80.0,80.0,80MG
042644310,IMATINIB TEVA*120CPS 100MG,95598.6,True,Validated,parsed:direct_strength,,120,100.0,12000.0,120CPS 100MG
045833011,MICOFENOLATO M TIL*50CPR 500MG,95584.11,True,Validated,parsed:direct_strength,,50,500.0,25000.0,50CPR 500MG
035698024,"BALANCE*1,5% 2000ML 4SACCHE",95559.36,False,Unresolved,unresolved,other,,,,
043867011,OTEZLA*27CPR 4X10+4X20+19X30MG,95377.59,True,Candidate,parsed:single_value_assumed_unit,,1,30.0,30.0,30MG
035851017,INVANZ*EV FL 1G,95282.14,True,Candidate,parsed:single_value_assumed_unit,,1,1000.0,1000.0,1G
026738070,"SELEPARINA*10SIR 5700UI/0,6ML",95166.01,False,Unresolved,unresolved,other,,,,
041445014,GABESATO MES LIM*1F 100MG+F5ML,94178.24,True,Validated,parsed:direct_strength,,1,100.0,100.0,1F 100MG
044176016,EQUINGAM*INF 5F 5ML 50MG/ML,94050.0,True,Validated,parsed:vol_conc,,5,250.0,1250.0,5F 5ML 50MG/ML
027184035,"ENDOPROST*INF 0,05MG/0,5ML+SIR",94000.43,False,Unresolved,unresolved,other,,,,
037400088,SPRYCEL*60CPR RIV 50MG,93989.67,True,Validated,parsed:direct_strength,,60,50.0,3000.0,60CPR RIV 50MG
045616113,IMRALDI*SC 2SIR 40MG +2TAMPONI,93811.2,True,Validated,parsed:direct_strength,,2,40.0,80.0,2SIR 40MG
038944056,OSSIGENO*COMPR 200BAR 10LT VAL,93499.12,False,Unresolved,unresolved,oxygen_gas,,,,
046170092,CUSTODIOL*SOLUZ 4 SACCHE2000ML,93310.98,False,Unresolved,unresolved,other,,,,
045488018,REFIXIA*EV 1FL 500UI+SIR4ML+ST,93016.0,False,Unresolved,unresolved,other,,,,
038904557,OSSIGENO*COMPR 200BAR 50LT,92872.0,False,Unresolved,unresolved,oxygen_gas,,,,
026844365,GENOTROPIN*GOQUICK 1PEN 12MG,92832.29,True,Validated,parsed:direct_strength,,1,12.0,12.0,1PEN 12MG
038252096,EUCREAS*60CPR RIV 50MG+1000MG,92565.55,True,Validated,parsed:direct_strength,,60,50.0,3000.0,60CPR RIV 50MG
034091037,REBIF*SC 12SIR 6MUI 22MCG,92537.71,True,Candidate,parsed:single_value_assumed_unit,,1,0.022,0.022,22MCG
038190308,BINOCRIT*6SIR 2.000UI 1ML+DISP,92404.68,False,Unresolved,unresolved,other,,,,
051057014,"UZPRUVO*SC 1SIR 45MG 0,5ML",92342.25,True,Validated,parsed:direct_strength,,1,45.0,45.0,1SIR 45MG
044561013,"PRAXBIND*2FL EV 2,5G 50ML",92217.12,True,Validated,parsed:direct_strength,,2,2500.0,5000.0,"2FL EV 2,5G"
050855028,"TEPKINLY*SC 1F 48MG/0,8ML",91869.35,False,Unresolved,unresolved,other,,,,
046927048,RXULTI*28CPR RIV 1MG,91773.24,True,Validated,parsed:direct_strength,,28,1.0,28.0,28CPR RIV 1MG
038631014,FIRAZYR*SC 1SIR30MG 3ML10MG/ML,91345.29,True,Validated,parsed:direct_strength,,1,30.0,30.0,1SIR30MG
026844237,"GENOTROPIN MINI*4TBF 1,2MG",91097.05,True,Candidate,parsed:single_value_assumed_unit,,1,1.2,1.2,"1,2MG"
032192041,"AMUKINE MED*SPR CUT 200ML0,05%",90958.26,False,Unresolved,unresolved,other,,,,
031909132,POTASSIO CL FKI*20F 10ML2MEQ/M,90655.88,True,Authoritative,aifa_ingredient_authoritative,,,,15000.0,POTASSIO CLORURO 15grammi
035143027,OCTAGAM*FL 100ML 5%,89684.65,False,Unresolved,unresolved,other,,,,
046343113,"SEGLUROMET*56CPR 2,5MG+1000MG",89680.36,True,Validated,parsed:direct_strength,,56,2.5,140.0,"56CPR 2,5MG"
050695016,OMVOH*EV 1F 300MG 15ML 20MG/ML,89670.76,True,Validated,parsed:direct_strength,,1,300.0,300.0,1F 300MG
049099070,DABIGATRAN ETE EG*60CPS 110MG,89626.86,True,Validated,parsed:direct_strength,,60,110.0,6600.0,60CPS 110MG
038844027,CONFIDEX 1000*EV POLV+FL 40ML,89572.12,False,Unresolved,unresolved,other,,,,
035691409,"ARANESP*SC 1PEN 100MCG 0,5ML",89463.64,True,Validated,parsed:direct_strength,,1,0.1,0.1,1PEN 100MCG
050360092,TEREBYO*28CPR RIV 14MG,89350.8,True,Validated,parsed:direct_strength,,28,14.0,392.0,28CPR RIV 14MG
037175066,"PHYSIONEAL*40 GL 5SA 2LT 2,27%",88728.56,False,Unresolved,unresolved,other,,,,
035946122,"HUMIRA*SC 2SIR 0,4ML 40MG+2TAM",88616.0,True,Candidate,parsed:single_value_assumed_unit,,1,40.0,40.0,40MG
036766044,AMOXICILLINA AC CLA IB*10FL1G+,88396.15,True,Validated,parsed:direct_strength,,10,1000.0,10000.0,10FL1G
027083082,SANDOSTATINA LAR*FL 10MG+SIR+2,88147.2,True,Authoritative,aifa_ingredient_authoritative,,,,11.2,OCTREOTIDE ACETATO 11.2milligrammi
043396023,NAXIGLO*SC FL 25ML 160MG/ML,88011.8,True,Candidate,parsed:implied_unit_vol_conc,,1,4000.0,4000.0,FL 25ML 160MG/ML
047414014,GANCICLOVIR MEDAC*1FL 500MG,87965.75,True,Validated,parsed:direct_strength,,1,500.0,500.0,1FL 500MG
040278044,GEMSOL*INF 1FL 1G 25ML 40MG/ML,87482.69,True,Validated,parsed:direct_strength,,1,1000.0,1000.0,1FL 1G
044887077,UPTRAVI*60CPR RIV 1000MCG,87338.52,True,Validated,parsed:direct_strength,,60,1.0,60.0,60CPR RIV 1000MCG
039231030,ZYPADHERA*IM 1FL 405MG+F RP,86898.35,True,Validated,parsed:direct_strength,,1,405.0,405.0,1FL 405MG
048246021,TALIDOMIDE ACC*28CPS 50MG,86875.29,True,Validated,parsed:direct_strength,,28,50.0,1400.0,28CPS 50MG
031239092,ELETTROL REINT NA*20FL 500ML,86804.33,False,Unresolved,unresolved,other,,,,
051376123,POMALIDOMIDE ACC*21CPS 2MG,86665.98,True,Validated,parsed:direct_strength,,21,2.0,42.0,21CPS 2MG
045990025,CEFEPIME QILU*INF 10FL 1G,86455.11,True,Validated,parsed:direct_strength,,10,1000.0,10000.0,10FL 1G
025266166,IG VENA*EV 1FL 100ML 50G/L+SET,86430.21,False,Unresolved,unresolved,other,,,,
045060011,KISPLYX*30CPS 4MG,86410.95,True,Validated,parsed:direct_strength,,30,4.0,120.0,30CPS 4MG
048763015,CABAZITAXEL DR*EV 1FL 60MG,86331.79,True,Validated,parsed:direct_strength,,1,60.0,60.0,1FL 60MG
027860156,ZITROMAX*EV 1FL 500MG POLV,86055.44,True,Validated,parsed:direct_strength,,1,500.0,500.0,1FL 500MG
049774019,PROTAMINA SOLFATO*EV 5F 5ML,85706.77,False,Unresolved,unresolved,other,,,,
043531019,"ENVARSUS*30CPR 0,75MG RP",85345.41,True,Validated,parsed:direct_strength,,30,0.75,22.5,"30CPR 0,75MG"
044702025,ONCASPAR*EV IM 750U/ML POLV,84931.82,False,Unresolved,unresolved,other,,,,
043519091,KALYDECO*OS GRAT 28BUST 75MG,84530.04,True,Validated,parsed:direct_strength,,28,75.0,2100.0,28BUST 75MG
029610110,METADONE CLOR MOL*OS 5MG/ML20M,84465.22,False,Unresolved,unresolved,other,,,,
036587018,ALIMTA*1FL POLV 500MG,84356.8,True,Validated,parsed:direct_strength,,1,500.0,500.0,1FL POLV 500MG
044568018,"RAVICTI*1FL 25ML 1,1G/ML+ADATT",84239.08,True,Validated,parsed:vol_conc,,1,27500.0,27500.0,"1FL 25ML 1,1G/ML"
049619012,"EVKEEZA*EV 1FL 150MG/ML 2,3ML",84064.56,False,Unresolved,unresolved,other,,,,
050964081,EBGLYSS*2PEN 250MG 2ML,84060.25,True,Validated,parsed:direct_strength,,2,250.0,500.0,2PEN 250MG
044291019,OPDIVO*INFUS 1FL 4ML 10MG/ML,83798.36,True,Validated,parsed:vol_conc,,1,40.0,40.0,1FL 4ML 10MG/ML
039365010,VICTOZA*SC 2PEN 3ML 6MG/ML,83602.35,True,Validated,parsed:vol_conc,,2,18.0,36.0,2PEN 3ML 6MG/ML
037869031,ESMOCARD*INFUS POLV FL 2500MG,83206.97,True,Candidate,parsed:single_value_assumed_unit,,1,2500.0,2500.0,2500MG
038190423,"BINOCRIT*6SIR 8.000UI 0,8ML",83189.97,False,Unresolved,unresolved,other,,,,
043023035,GIOTRIF*28CPR RIV 20MG,83147.64,True,Validated,parsed:direct_strength,,28,20.0,560.0,28CPR RIV 20MG
039941125,OLIMEL*N5E INF 4SACCHE 2000ML,83032.92,False,Unresolved,unresolved,other,,,,
050982014,"ZILBRYSQ*SC 7SIR 0,416ML",82912.25,False,Unresolved,unresolved,other,,,,
039300076,AZOTO PROTOSS*BOMB LIQ 30KG,82617.6,False,Unresolved,unresolved,other,,,,
042118024,CLARITROMICINA HIK*10FL 500MG,82518.35,True,Validated,parsed:direct_strength,,10,500.0,5000.0,10FL 500MG
047885052,CONFEROPORT*60CPS 1MG RP,82240.68,True,Validated,parsed:direct_strength,,60,1.0,60.0,60CPS 1MG
032887010,RILUTEK*56CPR RIV 50MG,82045.06,True,Authoritative,aifa_ingredient_authoritative,,,,50.0,RILUZOLO 50milligrammi
040267078,FLEBOGAMMA DIF*EV 100ML 10G,81970.9,True,Candidate,parsed:single_value_assumed_unit,,1,10000.0,10000.0,10G
039260017,IRESSA*30CPR RIV 250MG,81924.97,True,Validated,parsed:direct_strength,,30,250.0,7500.0,30CPR RIV 250MG
038381606,"RETACRIT*1SIR 4.000UI 0,4ML",81498.02,False,Unresolved,unresolved,other,,,,
039551015,SAMSCA*10CPR 15MG,81331.33,True,Validated,parsed:direct_strength,,10,15.0,150.0,10CPR 15MG
038381683,RETACRIT*1SIR 10.000UI 1ML,81283.97,False,Unresolved,unresolved,other,,,,
023779061,HOLOXAN*EV 1FL 1G,81000.73,True,Validated,parsed:direct_strength,,1,1000.0,1000.0,1FL 1G
044202137,JINARC*28CPR 30MG+28CPR 90MG,80492.63,True,Validated,parsed:direct_strength,,28,30.0,840.0,28CPR 30MG
044015016,TENKASI*EV 3FL POLV 400MG,80468.36,True,Validated,parsed:direct_strength,,3,400.0,1200.0,3FL POLV 400MG
045673023,COPEMYLTRI*12SIR 40MG/ML 1ML,80372.15,False,Unresolved,unresolved,other,,,,
036870044,ORFADIN*60CPS 20MG FL,80294.65,True,Validated,parsed:direct_strength,,60,20.0,1200.0,60CPS 20MG
033121118,AMPICILLINA BIOPH*EV IM 100FL,80137.78,False,Unresolved,unresolved,other,,,,
038218018,"ADVAGRAF*30CPS 0,5MG RP",80036.76,True,Validated,parsed:direct_strength,,30,0.5,15.0,"30CPS 0,5MG"
035569058,MIDAZOLAM IBI*INIET 5F 1ML,79979.65,False,Unresolved,unresolved,other,,,,
027015181,EPREX*1SIR 10000UI 1ML,79943.16,False,Unresolved,unresolved,other,,,,
044086015,VALGANCICLOVIR ACC*60CPR 450MG,79865.98,True,Validated,parsed:direct_strength,,60,450.0,27000.0,60CPR 450MG
038165027,YONDELIS*EV 1FL POLV 1MG,79815.38,True,Validated,parsed:direct_strength,,1,1.0,1.0,1FL POLV 1MG
037097235,FOZNOL*OS POLV 90BUST 1000MG,79683.76,True,Validated,parsed:direct_strength,,90,1000.0,90000.0,90BUST 1000MG
043027010,"LEMTRADA*EV 1FL 12MG/1,2ML",79612.29,False,Unresolved,unresolved,other,,,,
023789011,NEFLUAN*GEL 10G,79331.65,True,Candidate,parsed:single_value_assumed_unit,,1,10000.0,10000.0,10G
049581010,FOSAPREPITANT HIK*1FL 150MG,79179.1,True,Validated,parsed:direct_strength,,1,150.0,150.0,1FL 150MG
033444074,CEFAZOLINA K24*EV FL 1G+F 10ML,79104.3,True,Candidate,parsed:single_value_assumed_unit,,1,1000.0,1000.0,1G
044924025,QTERN*28CPR RIV 5MG+10MG,79094.55,True,Validated,parsed:direct_strength,,28,5.0,140.0,28CPR RIV 5MG
045676107,"DUPIXENT*SC 2SIR 200MG 1,14ML",79024.32,True,Validated,parsed:direct_strength,,2,200.0,400.0,2SIR 200MG
041473048,PERISMOFVEN*4SACCHE BI 1206ML,78930.07,False,Unresolved,unresolved,other,,,,
029209057,ESMERON*EV 10FL 50MG/5ML,78821.89,True,Authoritative,aifa_ingredient_authoritative,,,,50.0,ROCURONIO BROMURO 50milligrammi
049737036,PALMEUX*IM 1SIR 75MG RP+2AGHI,78755.02,True,Validated,parsed:direct_strength,,1,75.0,75.0,1SIR 75MG
049608045,SUGAMMADEX DR*10FL 5ML100MG/ML,78708.03,True,Validated,parsed:vol_conc,,10,500.0,5000.0,10FL 5ML100MG/ML
036557054,"TACHOSIL*1MATRICE 4,8CMx4,8CM",78567.79,False,Unresolved,unresolved,other,,,,
050451018,LACOSAMIDE HAM*EV 20ML 10MG/ML,78465.64,False,Unresolved,unresolved,other,,,,
038703029,INTELENCE*60CPR 200MG FL,78408.0,True,Validated,parsed:direct_strength,,60,200.0,12000.0,60CPR 200MG
030977072,LIDOCAINA CLORID*COLL 30MONOD,78143.99,True,Authoritative,aifa_ingredient_authoritative,,,,4266.0,LIDOCAINA CLORIDRATO 4.266grammi
036870032,ORFADIN*60CPS 10MG FL,77945.38,True,Validated,parsed:direct_strength,,60,10.0,600.0,60CPS 10MG
023905021,IRUXOL*UNG 30G 60UI+1%,77888.09,True,Candidate,parsed:single_value_assumed_unit,,1,30000.0,30000.0,30G
040409017,CHLORAPREP COLOR*3ML 25APPL,77758.2,False,Unresolved,unresolved,other,,,,
046335042,LOKELMA*OS SOSP 30BUST 10G,77721.79,True,Validated,parsed:direct_strength,,30,10000.0,300000.0,30BUST 10G
045642143,MONOFERRIC*INIET 1FL 500MG 5ML,77657.81,True,Validated,parsed:direct_strength,,1,500.0,500.0,1FL 500MG
025561010,SOFARGEN*CREMA 30G 1%,77563.81,True,Candidate,parsed:single_value_assumed_unit,,1,30000.0,30000.0,30G
045903010,ALUTARD VESPULA*100000SQ U/ML,77534.58,False,Unresolved,unresolved,other,,,,
039132232,OSSIGENO*CRIOGEN 3000LT FISSO,77449.55,False,Unresolved,unresolved,oxygen_gas,,,,
039107180,VALACICLOVIR MY*21CPR RIV 1G,77271.07,True,Validated,parsed:direct_strength,,21,1000.0,21000.0,21CPR RIV 1G
046731016,CYTOMEGATECT*EV 10ML 100U/ML,77220.0,False,Unresolved,unresolved,other,,,,
019875044,CONNETTIVINA*CREMA 15G 2MG/G,76827.81,True,Candidate,parsed:single_value_assumed_unit,,1,15000.0,15000.0,15G
043375082,VOKANAMET*60CPR 150+850MG FL,76702.47,True,Candidate,parsed:single_value_assumed_unit,,1,850.0,850.0,850MG
026458024,TARGOSID*IM IV OS 400MG+F 3ML,76534.59,True,Authoritative,aifa_ingredient_authoritative,,,,400.0,TEICOPLANINA 400milligrammi
031943968,GLUCOSIO FKI*5% 20FL 500ML,76331.23,False,Unresolved,unresolved,other,,,,
035691411,"ARANESP*SC 1PEN 150MCG 0,3ML",76289.05,True,Validated,parsed:direct_strength,,1,0.15,0.15,1PEN 150MCG
044563068,ELOCTA*IV 1FL 1500UI+SIR PRERI,76263.48,False,Unresolved,unresolved,other,,,,
042927018,IMNOVID*21CPS 1MG,75902.0,True,Validated,parsed:direct_strength,,21,1.0,21.0,21CPS 1MG
041664018,EDURANT*30CPR RIV 25MG FL,75673.45,True,Validated,parsed:direct_strength,,30,25.0,750.0,30CPR RIV 25MG
037061037,PROCORALAN*56CPR RIV 5MG ALL/P,75583.79,True,Validated,parsed:direct_strength,,56,5.0,280.0,56CPR RIV 5MG
042577015,ROCURONIO HIK*10FL 50MG 5ML,75467.19,True,Validated,parsed:direct_strength,,10,50.0,500.0,10FL 50MG
036160164,ADVATE*EV 3000UI+FL SOLV 5ML,75075.0,False,Unresolved,unresolved,other,,,,
050298013,"CEVENFACTA*EV 1MG(45KUI)+1,1ML",74883.6,True,Candidate,parsed:single_value_assumed_unit,,1,1.0,1.0,1MG
034933111,"PNEUMOVAX*INIET 1SIR 0,5ML+2AG",74719.26,False,Unresolved,unresolved,other,,,,
040503082,REMIFENTANIL MY*INFUS 5FL 2MG,74703.03,True,Validated,parsed:direct_strength,,5,2.0,10.0,5FL 2MG
045356019,"BORTEZOMIB EG*EV SC 1FL 3,5MG",74685.6,True,Validated,parsed:direct_strength,,1,3.5,3.5,"1FL 3,5MG"
049614249,VERQUVO*28CPR RIV 10MG,74465.57,True,Validated,parsed:direct_strength,,28,10.0,280.0,28CPR RIV 10MG
034632036,VANCOTEX*IV OS 10FL 500MG,74091.89,True,Validated,parsed:direct_strength,,10,500.0,5000.0,10FL 500MG
041258029,"RIVASTIGMINA ZENT*30CER 4,6MG",73875.89,True,Validated,parsed:direct_strength,,30,4.6,138.0,"30CER 4,6MG"
036967091,ELIGARD*SC SIR+SIR 45MG+KIT,73640.78,True,Candidate,parsed:single_value_assumed_unit,,1,45.0,45.0,45MG
046416032,CARBOPLATINO HIK*EV 1FL 45ML,73436.1,False,Unresolved,unresolved,other,,,,
042689012,ZALTRAP*EV 1FL4ML100MG 25MG/ML,72878.65,True,Candidate,parsed:single_value_assumed_unit,,1,100.0,100.0,100MG
037310012,PRIALT*INFUS 1FL 1ML 100MCG/ML,72869.15,True,Validated,parsed:vol_conc,,1,0.1,0.1,1FL 1ML 100MCG/ML
038922023,KUVAN*120CPR SOLUB 100MG,72858.4,True,Validated,parsed:direct_strength,,120,100.0,12000.0,120CPR SOLUB 100MG
044887065,UPTRAVI*60CPR RIV 800MCG,72298.7,True,Validated,parsed:direct_strength,,60,0.8,48.0,60CPR RIV 800MCG
034252027,METRONIDAZOLO BAX*EV 25FL500MG,72150.0,True,Validated,parsed:direct_strength,,25,500.0,12500.0,25FL500MG
041180187,ADOPORT*60CPS 1MG,72105.49,True,Validated,parsed:direct_strength,,60,1.0,60.0,60CPS 1MG
043447010,SYLVANT*EV FL 100MG,72067.25,True,Candidate,parsed:single_value_assumed_unit,,1,100.0,100.0,100MG
026844213,"GENOTROPIN MINI*7CART 0,8MG",71654.48,True,Candidate,parsed:single_value_assumed_unit,,1,0.8,0.8,"0,8MG"
029305012,YOVIS*OS GRAT 10BUST 1G,71596.82,True,Authoritative,aifa_ingredient_authoritative,,,,1000.0,FERMENTI LATTICI 1grammi
029848025,FUROSEMIDE GALEN*10F 20MG 2ML,71420.34,True,Validated,parsed:direct_strength,,10,20.0,200.0,10F 20MG
034692044,PHAREPA*EV 5FL 5ML 25000UI/5ML,71411.85,False,Unresolved,unresolved,other,,,,
035715034,"SODIO CLORURO 0,9%*30SAC 250ML",70942.06,False,Unresolved,unresolved,other,,,,
050880032,TYENNE*EV 1FL 10ML 20MG/ML,70785.0,True,Validated,parsed:vol_conc,,1,200.0,200.0,1FL 10ML 20MG/ML
041013018,"JEVTANA*EV 1FL 60MG 1,5ML+1FL",70413.76,True,Validated,parsed:direct_strength,,1,60.0,60.0,1FL 60MG
035725151,"SODIO CLORURO FKI*0,9% 20F10ML",70374.24,False,Unresolved,unresolved,other,,,,
026844252,"GENOTROPIN MINI*4TBF 1,6MG",70283.43,True,Candidate,parsed:single_value_assumed_unit,,1,1.6,1.6,"1,6MG"
033863010,IGANTET*IM 1SIR 1ML 250UI,69926.33,False,Unresolved,unresolved,other,,,,
035388026,CLINDAMICINA HIK*5F 600MG/4ML,69885.93,False,Unresolved,unresolved,other,,,,
044698227,NUBRIVEO*INF 10FL 5ML 10MG/ML,69731.39,True,Validated,parsed:vol_conc,,10,50.0,500.0,10FL 5ML 10MG/ML
030671046,FUROSEMIDE SALF*5FL 250MG/25ML,69698.29,False,Unresolved,unresolved,other,,,,
049099132,DABIGATRAN ETE EG*60CPS 150MG,69580.25,True,Validated,parsed:direct_strength,,60,150.0,9000.0,60CPS 150MG
045788027,VERASEAL*ADESIVO TISS 2SIR 4ML,69432.0,False,Unresolved,unresolved,other,,,,
032813103,POVIDERM*10% 20FL 500ML,69306.5,False,Unresolved,unresolved,other,,,,
050219056,"FILSUVEZ*GEL 30TUBI 23,4G 10%",69297.96,True,Candidate,parsed:single_value_assumed_unit,,1,23400.0,23400.0,"23,4G"
046927036,RXULTI*10CPR RIV 1MG,69097.45,True,Validated,parsed:direct_strength,,10,1.0,10.0,10CPR RIV 1MG
043620018,ZYDELIG*60CPR RIV 100MG FL,68987.1,True,Validated,parsed:direct_strength,,60,100.0,6000.0,60CPR RIV 100MG
038603066,ROCURONIO KABI*INIET 10FL100MG,68953.24,True,Validated,parsed:direct_strength,,10,100.0,1000.0,10FL100MG
049358068,RETSEVMO*56CPS 40MG,68678.33,True,Validated,parsed:direct_strength,,56,40.0,2240.0,56CPS 40MG
026844249,"GENOTROPIN MINI*4TBF 1,4MG",68643.7,True,Candidate,parsed:single_value_assumed_unit,,1,1.4,1.4,"1,4MG"
033302023,EXTRANEAL*SACCA 2LT,68574.27,False,Unresolved,unresolved,other,,,,
030772178,RINGER ACETATO FKI*20FL 500ML,68569.06,True,Authoritative,aifa_ingredient_authoritative,,,,0.2,CLORURO DI CALCIO 0.2milligrammi
037051024,NEBID*IM FL 4ML 1000MG 4ML,68542.51,True,Candidate,parsed:single_value_assumed_unit,,1,1000.0,1000.0,1000MG
030942674,"SODIO CLORURO*0,9% 12SAC1000ML",68021.61,False,Unresolved,unresolved,other,,,,
039551039,SAMSCA*10CPR 30MG,67917.92,True,Validated,parsed:direct_strength,,10,30.0,300.0,10CPR 30MG
041004033,XEPLION*1SIR IM 75MG RP+2AGHI,67845.21,True,Validated,parsed:direct_strength,,1,75.0,75.0,1SIR IM 75MG
048083012,ESPEROCT*IV 1FL 500UI+SIR PRE,67789.8,False,Unresolved,unresolved,other,,,,
041271166,ESBRIET*252CPR RIV 267MG,67652.89,True,Validated,parsed:direct_strength,,252,267.0,67284.0,252CPR RIV 267MG
030671010,FUROSEMIDE SALF*5F 20MG 2ML,67567.75,True,Validated,parsed:direct_strength,,5,20.0,100.0,5F 20MG
026899031,"GASTROMIRO*OS RETT 100ML 61,2%",67454.73,True,Authoritative,aifa_ingredient_authoritative,,,,61240.0,IOPAMIDOLO 61.24grammi
039193014,OMEPRAZOLO MY*INFUS 5FL 40MG,67419.91,True,Validated,parsed:direct_strength,,5,40.0,200.0,5FL 40MG
029719034,SODIO FOSFATO ALFA*RETT20FL120,67359.11,False,Unresolved,unresolved,other,,,,
034152037,MULTIHANCE*EV 1F 15ML,67309.5,False,Unresolved,unresolved,other,,,,
040695037,MEROPENEM HIK*EV POLV10FL500MG,67247.25,True,Validated,parsed:direct_strength,,10,500.0,5000.0,10FL500MG
019875057,CONNETTIVINA*10GARZE 2MG 10x10,67155.07,True,Candidate,parsed:single_value_assumed_unit,,1,2.0,2.0,2MG
051358024,TRUQAP*64CPR RIV 200MG,66554.51,True,Validated,parsed:direct_strength,,64,200.0,12800.0,64CPR RIV 200MG
040761025,SYCREST*60CPR SUBLING 5MG,66414.71,True,Validated,parsed:direct_strength,,60,5.0,300.0,60CPR SUBLING 5MG
027253020,TORADOL*IM IV 3F 30MG 1ML,66289.79,True,Validated,parsed:direct_strength,,3,30.0,90.0,3F 30MG
047885114,CONFEROPORT*30CPS 5MG RP,66201.76,True,Validated,parsed:direct_strength,,30,5.0,150.0,30CPS 5MG
028930016,MIOVISIN*OFT 6F POLV+6F SOLV,65703.8,False,Unresolved,unresolved,other,,,,
030763318,ELETTR REID III FKI*20FL 500ML,65677.78,False,Unresolved,unresolved,other,,,,
040170021,RIASTAP*FL POLV 1G 20MG/ML+DIS,65563.97,True,Candidate,parsed:single_value_assumed_unit,,1,1000.0,1000.0,1G
049507027,ALBUMINA UMANA GR*EV250ML50G/L,65521.5,False,Unresolved,unresolved,other,,,,
024659118,"LEDERFOLIN*10CPR 7,5MG",65399.0,True,Validated,parsed:direct_strength,,10,7.5,75.0,"10CPR 7,5MG"
028645012,NIPENT*IV FL 10MG,65365.11,True,Candidate,parsed:single_value_assumed_unit,,1,10.0,10.0,10MG
051155024,FABHALTA*56CPS 200MG,65362.38,True,Validated,parsed:direct_strength,,56,200.0,11200.0,56CPS 200MG
029520400,"PUREGON*SC 1CART 900UI/1,08ML",65224.0,False,Unresolved,unresolved,other,,,,
034632024,VANCOTEX*IV OS 1FL 1G,65166.15,True,Validated,parsed:direct_strength,,1,1000.0,1000.0,1FL 1G
027352057,LEVOFOLENE*INIET 1FL 25MG,65161.16,True,Authoritative,aifa_ingredient_authoritative,,,,25.0,CALCIO LEVOFOLINATO 25milligrammi
049733013,CARMUSTINA WAY*EV 100MG+F 3ML,65051.12,True,Candidate,parsed:single_value_assumed_unit,,1,100.0,100.0,100MG
043335025,"LATUDA*28CPR RIV 18,5MG",64974.42,True,Validated,parsed:direct_strength,,28,18.5,518.0,"28CPR RIV 18,5MG"
022483061,DEPAKIN*EV 4F 400MG+4F 4ML,64728.6,True,Validated,parsed:direct_strength,,4,400.0,1600.0,4F 400MG
039187063,ALBUNORM*1FL 50ML 20% 200G/L,64658.84,True,Validated,parsed:pct_weight,,1,40000.0,40000.0,20% 200G
045368026,COLISTIMETATO HI*EV IN10FL1MUI,64610.61,False,Unresolved,unresolved,other,,,,
038256057,DIACOMIT*60CPS 500MG FL,64509.5,True,Validated,parsed:direct_strength,,60,500.0,30000.0,60CPS 500MG
040359085,LEVOFLOXACINA KABI*INF10F100ML,64305.88,False,Unresolved,unresolved,other,,,,
034030015,BETAMETASONE LFM*EV IM3F4MG/ML,64182.04,False,Unresolved,unresolved,other,,,,
045912019,PADOVIEW*1FL 222MBQ/ML,64175.73,False,Unresolved,unresolved,other,,,,
040761052,SYCREST*60CPR SUBLING 10MG,64153.47,True,Validated,parsed:direct_strength,,60,10.0,600.0,60CPR SUBLING 10MG
048909016,BLENREP*EV 1FL POLV 100MG,64122.39,True,Validated,parsed:direct_strength,,1,100.0,100.0,1FL POLV 100MG
037112036,PACLITAXEL TEVA*EV 50ML 6MG/ML,64081.18,False,Unresolved,unresolved,other,,,,
032813091,POVIDERM*10% 12FL 1LT,64003.72,False,Unresolved,unresolved,other,,,,
049442092,ONTOZRY*28CPR RIV 150MG,63751.16,True,Validated,parsed:direct_strength,,28,150.0,4200.0,28CPR RIV 150MG
050799042,CEFTAZIDIMA FRE*EV IM 10FL 2G,63621.41,True,Validated,parsed:direct_strength,,10,2000.0,20000.0,10FL 2G
041258171,"RIVASTIGMINA ZENT*30CER 4,6MG",63286.32,True,Validated,parsed:direct_strength,,30,4.6,138.0,"30CER 4,6MG"
044698064,NUBRIVEO*56CPR RIV 25MG,63248.89,True,Validated,parsed:direct_strength,,56,25.0,1400.0,56CPR RIV 25MG
041850013,KEDCOM*FL 500UI+FL 20ML+SET,62976.86,False,Unresolved,unresolved,other,,,,
049537044,PALIPERIDONE TE*1SIR 150MG RP,62970.04,True,Validated,parsed:direct_strength,,1,150.0,150.0,1SIR 150MG
043657028,BIPHOZYL*2SAC 5000ML CONN LUER,62856.33,False,Unresolved,unresolved,other,,,,
050982038,"ZILBRYSQ*SC 7SIR 0,574ML",62660.88,False,Unresolved,unresolved,other,,,,
027666039,ALPROSTAR*EV/EA 1F POLV 60MCG,62641.41,True,Validated,parsed:direct_strength,,1,0.06,0.06,1F POLV 60MCG
051303105,NILOTINIB TEVA*112CPS 150MG,62629.8,True,Validated,parsed:direct_strength,,112,150.0,16800.0,112CPS 150MG
050667017,ELFABRIO*EV 1FL 2MG/ML 10ML,62452.56,False,Unresolved,unresolved,other,,,,
035370079,METALYSE*IV 1FL 5000U,62318.71,False,Unresolved,unresolved,other,,,,
046645038,RUBRACA*60CPR RIV 300MG FL,62275.63,True,Validated,parsed:direct_strength,,60,300.0,18000.0,60CPR RIV 300MG
026965107,ULTRAVIST*INF 200ML 370MG/ML,62196.18,False,Unresolved,unresolved,other,,,,
048083063,ESPEROCT*IV 1FL 4000UI+SIR PRE,61920.02,False,Unresolved,unresolved,other,,,,
047507025,ARSENICO TRIOSSIDO EG*10F 12ML,61774.24,False,Unresolved,unresolved,other,,,,
025300029,NORMIX*AD 12CPR RIV 200MG,61773.24,True,Validated,parsed:direct_strength,,12,200.0,2400.0,12CPR RIV 200MG
046673012,APREPITANT TE*1CPS125+2CPS80MG,61616.24,True,Validated,parsed:direct_strength,,2,80.0,160.0,2CPS80MG
034964155,"GADOVIST*SIR 7,5ML 1,0MMOL/ML",61302.61,False,Unresolved,unresolved,other,,,,
042018010,TEGLUTIK*OS SOSP FL300ML5MG/ML,61076.44,True,Candidate,parsed:implied_unit_vol_conc,,1,1500.0,1500.0,FL300ML5MG/ML
038904583,OSSIGENO*COMPR 200BAR 12x50LT,60840.0,False,Unresolved,unresolved,oxygen_gas,,,,
050964028,EBGLYSS*2SIR 250MG 2ML,60828.58,True,Validated,parsed:direct_strength,,2,250.0,500.0,2SIR 250MG
042919047,"LONQUEX*SC 6FL 6MG 0,6ML",60522.39,True,Validated,parsed:direct_strength,,6,6.0,36.0,6FL 6MG
050762018,TYRUKO*IV FL300MG 15ML 20MG/ML,60521.77,True,Candidate,parsed:single_value_assumed_unit,,1,300.0,300.0,300MG
043333018,"ADEMPAS*42CPR RIV 0,5MG",60357.57,True,Validated,parsed:direct_strength,,42,0.5,21.0,"42CPR RIV 0,5MG"
045226065,REKOVELLE*SC 1PEN 72MCG+15AGHI,60337.4,True,Validated,parsed:direct_strength,,1,0.072,0.072,1PEN 72MCG
030705040,EPSOCLAR*INFUS 10FL25000UI 5ML,60148.74,False,Unresolved,unresolved,other,,,,
035995012,METVIX*CREMA 2G 160MG/G,60052.13,True,Candidate,parsed:single_value_assumed_unit,,1,2000.0,2000.0,2G
038016022,REVLIMID*21CPS 10MG,59997.23,True,Validated,parsed:direct_strength,,21,10.0,210.0,21CPS 10MG
046924027,"TEGSEDI*SC 4SIR 189MG/ML 1,5ML",59935.81,False,Unresolved,unresolved,other,,,,
037221076,"BARACLUDE*30CPR RIV 0,5MG",59598.0,True,Validated,parsed:direct_strength,,30,0.5,15.0,"30CPR RIV 0,5MG"
051253060,ALTUVOCT*EV 3000UI+SIR SOLV3ML,59584.8,False,Unresolved,unresolved,other,,,,
005638022,LUAN*GEL 100G 1% CHIRURGICO,59528.37,True,Candidate,parsed:single_value_assumed_unit,,1,100000.0,100000.0,100G
033346040,CISPLATINO SAND*EV 100ML 100MG,59495.96,True,Candidate,parsed:single_value_assumed_unit,,1,100.0,100.0,100MG
028373025,RIDUTOX*10FL 600MG+10F 4ML SOL,59309.69,True,Authoritative,aifa_ingredient_authoritative,,,,600.0,GLUTATIONE SODICO 600milligrammi
030942700,"SODIO CLORURO*0,9% 2SAC 5000ML",59194.97,False,Unresolved,unresolved,other,,,,
044844025,"SEVELAMER AUR*OSPOLV60BUST2,4G",59082.55,True,Validated,parsed:direct_strength,,60,2400.0,144000.0,"60BUST2,4G"
046314023,EMPRESSIN*EV 10F 40UI/2ML,59004.0,False,Unresolved,unresolved,other,,,,
035565011,VIREAD*30CPR RIV 245MG FL,58941.15,True,Validated,parsed:direct_strength,,30,245.0,7350.0,30CPR RIV 245MG
039086018,TECHNESCAN HDP*KIT 5FL 10ml,58916.39,False,Unresolved,unresolved,other,,,,
041761053,OXALIPLATINO SUN*1FL 200MG40ML,58914.61,True,Validated,parsed:direct_strength,,1,200.0,200.0,1FL 200MG
033314030,CYSTAGON*100CPS 150MG FL,58890.3,True,Validated,parsed:direct_strength,,100,150.0,15000.0,100CPS 150MG
037668035,"PIPERACILLINA TA MY*10FL4G+0,5",58862.76,True,Validated,parsed:direct_strength,,10,4000.0,40000.0,10FL4G
026542050,FLUOROURACILE TEVA*IV 5G 100ML,58800.97,True,Candidate,parsed:single_value_assumed_unit,,1,5000.0,5000.0,5G
039125012,"ZARZIO*1SIR 30MU 0,5ML",58726.03,False,Unresolved,unresolved,other,,,,
045255039,"AFSTYLA*EV 1000UI+FLSOLV 2,5ML",58718.0,False,Unresolved,unresolved,other,,,,
038937013,ROACTEMRA*EV FL 4ML 20MG/ML,58648.69,True,Candidate,parsed:implied_unit_vol_conc,,1,80.0,80.0,FL 4ML 20MG/ML
039480064,"RENVELA*OS POLV 60BUST 2,4G",58579.54,True,Validated,parsed:direct_strength,,60,2400.0,144000.0,"60BUST 2,4G"
038252033,EUCREAS*60CPR RIV 50MG+850MG,58571.12,True,Validated,parsed:direct_strength,,60,50.0,3000.0,60CPR RIV 50MG
042728030,COLOBREATHE*POLV INAL 56CPS,58300.0,False,Unresolved,unresolved,other,,,,
047966104,DASATINIB MY*30CPR RIV 100MG,58293.09,True,Validated,parsed:direct_strength,,30,100.0,3000.0,30CPR RIV 100MG
037604182,SUBOXONE*28FILM SUBL 12MG+3MG,58269.34,True,Validated,parsed:direct_strength,,28,12.0,336.0,28FILM SUBL 12MG
006774018,EFFORTIL*EV IM 6F 10MG 1ML,58214.79,True,Validated,parsed:direct_strength,,6,10.0,60.0,6F 10MG
015628086,ENDOXAN BAXTER*INIET 1FL 1G,58023.89,True,Validated,parsed:direct_strength,,1,1000.0,1000.0,1FL 1G
026403079,NIMOTOP*INFUS 10MG/50ML+DEFL,57904.72,False,Unresolved,unresolved,other,,,,
046645014,RUBRACA*60CPR RIV 200MG FL,57759.44,True,Validated,parsed:direct_strength,,60,200.0,12000.0,60CPR RIV 200MG
044856060,"LONSURF*60CPR RIV 20MG+8,19MG",57715.48,True,Validated,parsed:direct_strength,,60,20.0,1200.0,60CPR RIV 20MG
048407011,BAQSIMI*1FL POLV NASALE 3MG,57693.78,True,Candidate,parsed:single_value_assumed_unit,,1,3.0,3.0,3MG
028725125,HAVRIX*AD IM 1SIR 1ML 1D,57599.46,False,Unresolved,unresolved,other,,,,
043781018,KETOCONAZOLE EST*60CPR 200MG,57519.96,True,Validated,parsed:direct_strength,,60,200.0,12000.0,60CPR 200MG
038144059,GALVUS*56CPR 50MG,57505.96,True,Validated,parsed:direct_strength,,56,50.0,2800.0,56CPR 50MG
031118021,ATENATIV*IV FL 1000UI+FL 20ML,57411.64,False,Unresolved,unresolved,other,,,,
037598048,HEXVIX*ENDOVESC 85MG 10ML+50ML,57331.12,True,Candidate,parsed:single_value_assumed_unit,,1,85.0,85.0,85MG
043023062,GIOTRIF*28CPR RIV 30MG,57163.99,True,Validated,parsed:direct_strength,,28,30.0,840.0,28CPR RIV 30MG
025243179,TISSEEL*ADESIVO TISS 1SIR 2ML,57133.22,False,Unresolved,unresolved,other,,,,
042581013,FYCOMPA*7CPR RIV 2MG,57131.45,True,Validated,parsed:direct_strength,,7,2.0,14.0,7CPR RIV 2MG
038116024,ATRIANCE*EV 1FL 250MG 50ML,57004.24,True,Validated,parsed:direct_strength,,1,250.0,250.0,1FL 250MG
035606072,"ARIXTRA*SC 10SIR 1,5MG 0,3ML",56927.2,True,Validated,parsed:direct_strength,,10,1.5,15.0,"10SIR 1,5MG"
045935044,IRINTO*EV FL 25ML 20MG/ML,56883.3,True,Candidate,parsed:implied_unit_vol_conc,,1,500.0,500.0,FL 25ML 20MG/ML
040850036,LEVETIRACETAM MY*10F 500MG 5ML,56536.07,True,Validated,parsed:direct_strength,,10,500.0,5000.0,10F 500MG
040546133,BRILIQUE*56CPR ORODISP 90MG,56467.02,True,Validated,parsed:direct_strength,,56,90.0,5040.0,56CPR ORODISP 90MG
035683150,"PEGASYS*SC SIR 0,5ML 90MCG+AGO",56308.78,True,Candidate,parsed:single_value_assumed_unit,,1,0.09,0.09,90MCG
023853070,CEFAZOLINA TEVA*EV 1FL 1G,56099.97,True,Validated,parsed:direct_strength,,1,1000.0,1000.0,1FL 1G
042510026,EYLEA*INIET 1FL 40MG/ML,56010.45,False,Unresolved,unresolved,other,,,,
040279010,"FLUMAZENIL HIK*5F 5ML 0,1MG/ML",55892.43,True,Validated,parsed:vol_conc,,5,0.5,2.5,"5F 5ML 0,1MG/ML"
041258068,"RIVASTIGMINA ZENT*30CER 9,5MG",55884.53,True,Validated,parsed:direct_strength,,30,9.5,285.0,"30CER 9,5MG"
029021033,PENTAGLOBIN*EV FL 50MG/ML50ML,55424.96,True,Authoritative,aifa_ingredient_authoritative,,,,50.0,IMMUNOGLOBULINA UMANA USO ENDOVENOSO 50milligrammi
033535055,BENEFIX*EV 1FL 500UI+SIR5ML+SE,55397.68,False,Unresolved,unresolved,other,,,,
042689036,ZALTRAP*EV 1FL8ML200MG 25MG/ML,55292.71,True,Candidate,parsed:single_value_assumed_unit,,1,200.0,200.0,200MG
034675102,"ENBREL*SC 4SIR 25MG 0,5ML+8TAM",55218.43,True,Validated,parsed:direct_strength,,4,25.0,100.0,4SIR 25MG
034960056,INFANRIX HEXA*IM 1FL+1SIR+2AGH,55193.6,False,Unresolved,unresolved,other,,,,
050167042,TABRECTA*120CPR RIV 200MG,54980.88,True,Validated,parsed:direct_strength,,120,200.0,24000.0,120CPR RIV 200MG
049537032,PALIPERIDONE TE*1SIR 100MG RP,54978.54,True,Validated,parsed:direct_strength,,1,100.0,100.0,1SIR 100MG
037835030,RISPERIDONE SAND*OS GTT 100ML,54906.06,False,Unresolved,unresolved,other,,,,
025333016,HALDOL DECANOAS*IM 3F 50MG 1ML,54897.32,True,Validated,parsed:direct_strength,,3,50.0,150.0,3F 50MG
030757049,ACQUA PI FKI*1FL 500ML,54893.72,False,Unresolved,unresolved,other,,,,
045315013,LEDAGA*GEL TOPICO 60G 160MCG/G,54450.0,True,Candidate,parsed:single_value_assumed_unit,,1,60000.0,60000.0,60G
045494010,VOSEVI*28CPR 400+100+100MG FL,54390.69,True,Candidate,parsed:single_value_assumed_unit,,1,100.0,100.0,100MG
042048049,APROKAM*10FL INIET 50MG+10AGHI,54366.56,True,Validated,parsed:direct_strength,,10,50.0,500.0,10FL INIET 50MG
024995058,CLISMALAX*20FL SOL RETT 133ML,54336.16,False,Unresolved,unresolved,other,,,,
031938412,"SODIO CLORURO FKI*0,9% 20FL250",54159.66,False,Unresolved,unresolved,other,,,,
034675037,ENBREL*SC 4FL 25MG+4SIR 1ML,54115.24,True,Validated,parsed:direct_strength,,4,25.0,100.0,4FL 25MG
037030071,"ULTRATECHNEKOW*1GEN 7,62GBQ5ML",54102.4,False,Unresolved,unresolved,other,,,,
043782046,VARGATEF*60CPS MOLLI 150MG,54005.89,True,Validated,parsed:direct_strength,,60,150.0,9000.0,60CPS MOLLI 150MG
050981024,"ELREXFIO*SC 1FL 1,9ML 40MG/ML",53956.98,True,Validated,parsed:vol_conc,,1,76.0,76.0,"1FL 1,9ML 40MG/ML"
026738308,SELEPARINA*10SIR 3800UI+SIST,53843.95,False,Unresolved,unresolved,other,,,,
028752184,"RISPERDAL*IM FL37,5MG+1SIR 2ML",53717.15,True,Authoritative,aifa_ingredient_authoritative,,,,4.0,RISPERIDONE 4milligrammi
043906039,XADAGO*30CPR RIV 50MG,53475.21,True,Validated,parsed:direct_strength,,30,50.0,1500.0,30CPR RIV 50MG
037151026,CUBICIN*EV POLV 500MG 50MG/ML,53389.93,True,Candidate,parsed:single_value_assumed_unit,,1,500.0,500.0,500MG
039857026,ORALAIR*30CPR SUBL 300IR,53374.94,False,Unresolved,unresolved,other,,,,
039943028,"ELONVA*SC 1SIR 150MCG 0,5ML+AG",53366.71,True,Validated,parsed:direct_strength,,1,0.15,0.15,1SIR 150MCG
043522010,SEVELAMER MY*180CPR 800MG FL,53249.48,True,Validated,parsed:direct_strength,,180,800.0,144000.0,180CPR 800MG
039480037,RENVELA*180CPR RIV 800MG FL,53222.15,True,Validated,parsed:direct_strength,,180,800.0,144000.0,180CPR RIV 800MG
025228053,UBIMAIOR*14CPS 50MG,53120.63,True,Authoritative,aifa_ingredient_authoritative,,,,50.0,UBIDECARENONE 50milligrammi
040409043,CHLORAPREP COLOR*26ML 1APPLIC,53108.0,False,Unresolved,unresolved,other,,,,
042091013,METOCLOPRAMIDE SALF*5F 10MG2ML,53093.12,True,Validated,parsed:direct_strength,,5,10.0,50.0,5F 10MG
047885090,CONFEROPORT*30CPS 3MG RP,52947.08,True,Validated,parsed:direct_strength,,30,3.0,90.0,30CPS 3MG
044887040,UPTRAVI*60CPR RIV 400MCG,52933.8,True,Validated,parsed:direct_strength,,60,0.4,24.0,60CPR RIV 400MCG
046889022,"HYRIMOZ*SC 2SIR 0,8ML 40MG",52853.47,True,Candidate,parsed:single_value_assumed_unit,,1,40.0,40.0,40MG
049737024,PALMEUX*IM 1SIR 50MG RP+2AGHI,52832.35,True,Validated,parsed:direct_strength,,1,50.0,50.0,1SIR 50MG
038381644,"RETACRIT*1SIR 6.000UI 0,6ML",52683.94,False,Unresolved,unresolved,other,,,,
036560011,LYSODREN*100CPR 500MG FL,52659.74,True,Validated,parsed:direct_strength,,100,500.0,50000.0,100CPR 500MG
028752196,RISPERDAL*IM FL 50MG+1SIR 2ML,52613.72,True,Authoritative,aifa_ingredient_authoritative,,,,4.0,RISPERIDONE 4milligrammi
038944233,OSSIGENO*COMPR 200BAR 40LT VAL,52608.6,False,Unresolved,unresolved,oxygen_gas,,,,
036146037,PRISMASOL*5000MLx2 2MMOL SACCA,52440.73,False,Unresolved,unresolved,other,,,,
045986181,LENALIDOMIDE SAN*21CPS 15MG,52114.13,True,Validated,parsed:direct_strength,,21,15.0,315.0,21CPS 15MG
049573049,ADTRALZA*SC 2PEN 300MG 2ML,52021.96,True,Validated,parsed:direct_strength,,2,300.0,600.0,2PEN 300MG
027865106,NAVELBINE*1CPS MOLLI 20MG,52001.02,True,Validated,parsed:direct_strength,,1,20.0,20.0,1CPS MOLLI 20MG
041495072,PARACETAMOLO SALF*30FL 100ML,51919.82,False,Unresolved,unresolved,other,,,,
051802027,IMULDOSA*SC 1SIR 1ML 90MG,51909.97,True,Candidate,parsed:single_value_assumed_unit,,1,90.0,90.0,90MG
048719278,RYBELSUS*30CPR 9MG,51802.95,True,Validated,parsed:direct_strength,,30,9.0,270.0,30CPR 9MG
046927075,RXULTI*28CPR RIV 4MG,51748.98,True,Validated,parsed:direct_strength,,28,4.0,112.0,28CPR RIV 4MG
048918054,PIQRAY*28CPR 50MG+28CPR 200MG,51320.43,True,Validated,parsed:direct_strength,,28,50.0,1400.0,28CPR 50MG
041381017,BENLYSTA*EV 1FL 120MG,51227.19,True,Validated,parsed:direct_strength,,1,120.0,120.0,1FL 120MG
049033020,AYVAKYT*30CPR RIV 200MG FL,51153.52,True,Validated,parsed:direct_strength,,30,200.0,6000.0,30CPR RIV 200MG
026600080,HAEMATE P*EV 500UI+1200UI+10ML,51125.0,False,Unresolved,unresolved,other,,,,
025197070,FARMORUBICINA*IV FL 50MG/25ML,50893.14,False,Unresolved,unresolved,other,,,,
050055096,PIRFENIDONE TE*84CPR 801MG,50828.72,True,Validated,parsed:direct_strength,,84,801.0,67284.0,84CPR 801MG
044888028,ALPROLIX*1FL 500UI+1SIR 5ML,50761.92,False,Unresolved,unresolved,other,,,,
033637024,HUMALOG*SC 1FL 10ML 100U/ML,50650.53,False,Unresolved,unresolved,other,,,,
013986043,FLEBOCORTID RICHTER*EV FL1G+F,50645.01,True,Candidate,parsed:single_value_assumed_unit,,1,1000.0,1000.0,1G
036967040,"ELIGARD*SC SIR+SIR 22,5MG+KIT",50580.53,True,Candidate,parsed:single_value_assumed_unit,,1,22.5,22.5,"22,5MG"
041479080,SEVOFLURANE PI*6FL 250ML100%+A,50479.29,False,Unresolved,unresolved,other,,,,
038944029,OSSIGENO*COMPR 200BAR 3LT VAL,50262.94,False,Unresolved,unresolved,oxygen_gas,,,,
044887053,UPTRAVI*60CPR RIV 600MCG,50242.91,True,Validated,parsed:direct_strength,,60,0.6,36.0,60CPR RIV 600MCG
040928020,GEMCITABINA ACC*INF CONC FL 1G,50152.68,True,Candidate,parsed:single_value_assumed_unit,,1,1000.0,1000.0,1G
033535081,BENEFIX*EV 1FL 3000UI+SIR5ML+S,50054.84,False,Unresolved,unresolved,other,,,,
038474058,VASOKINOX*BOMB 11L 800PPM MOL/,49920.0,False,Unresolved,unresolved,other,,,,
048099016,SODIO OXIBATO KA*OS 500MG/ML,49896.0,False,Unresolved,unresolved,other,,,,
042032134,SIGNIFOR*IM 1FL 20MG+SIR 2ML,49683.6,True,Validated,parsed:direct_strength,,1,20.0,20.0,1FL 20MG
048079014,DOPTELET*10CPR RIV 20MG,49540.17,True,Validated,parsed:direct_strength,,10,20.0,200.0,10CPR RIV 20MG
038944245,OSSIGENO*COMPR 200BAR 50LT VAL,49300.93,False,Unresolved,unresolved,oxygen_gas,,,,
044703027,ARMISARTE*1FL EV 20ML 25MG/ML,49272.09,True,Validated,parsed:vol_conc,,1,500.0,500.0,1FL EV 20ML 25MG/ML
035609027,"TRACLEER*56CPR RIV 62,5MG",49265.01,True,Validated,parsed:direct_strength,,56,62.5,3500.0,"56CPR RIV 62,5MG"
030805749,"SODIO CLORURO*0,45% FL 500ML",49047.93,False,Unresolved,unresolved,other,,,,
026653079,ENGERIX B*IM 1SIR 1ML 20MCG,49033.5,True,Candidate,parsed:single_value_assumed_unit,,1,0.02,0.02,20MCG
041393012,IMUNOCARE*CR 5% 12BUST 250MG,48945.57,True,Validated,parsed:direct_strength,,12,250.0,3000.0,12BUST 250MG
044553028,KYPROLIS*INFUS 1FL 10MG,48906.52,True,Validated,parsed:direct_strength,,1,10.0,10.0,1FL 10MG
037406307,CIPROFLOXACINA KABI*10FL 400MG,48906.27,True,Validated,parsed:direct_strength,,10,400.0,4000.0,10FL 400MG
049608021,SUGAMMADEX DR*10FL2ML 100MG/ML,48856.87,True,Validated,parsed:vol_conc,,10,200.0,2000.0,10FL2ML 100MG/ML
038232017,XEOMIN*INIET 1FL 100U,48787.2,False,Unresolved,unresolved,other,,,,
038382026,ECALTA*EV FL 100MG 30ML,48555.21,True,Candidate,parsed:single_value_assumed_unit,,1,100.0,100.0,100MG
034091165,REBIF*SC 12PEN 12MUI 44MCG,48478.1,True,Candidate,parsed:single_value_assumed_unit,,1,0.044,0.044,44MCG
048446025,SUNOSI*28CPR RIV 75MG,48469.2,True,Validated,parsed:direct_strength,,28,75.0,2100.0,28CPR RIV 75MG
035715022,"SODIO CLORURO 0,9%*50SAC 100ML",48404.88,False,Unresolved,unresolved,other,,,,
042594034,PARACALCITOLO MY*5F 1ML5MCG/ML,48361.45,True,Validated,parsed:vol_conc,,5,0.005,0.025,5F 1ML5MCG/ML
027666015,ALPROSTAR*EV/EA 1F POLV 20MCG,48355.6,True,Validated,parsed:direct_strength,,1,0.02,0.02,1F POLV 20MCG
024273070,LUVION*EV 6FL 200MG+6F 2ML,48335.16,True,Validated,parsed:direct_strength,,6,200.0,1200.0,6FL 200MG
043146012,VALGANCICLOVIR MY*60CPR 450MG,47848.57,True,Validated,parsed:direct_strength,,60,450.0,27000.0,60CPR 450MG
043519026,KALYDECO*56CPR RIV 150MG,47796.85,True,Validated,parsed:direct_strength,,56,150.0,8400.0,56CPR RIV 150MG
035699166,"EQUIBALANCE*1,5% 5000ML 2SACCH",47752.64,False,Unresolved,unresolved,other,,,,
042927083,IMNOVID*14CPS 4MG,47719.55,True,Validated,parsed:direct_strength,,14,4.0,56.0,14CPS 4MG
029055035,"PROHANCE*EV FL 20ML 279,3MG/ML",47709.2,True,Candidate,parsed:implied_unit_vol_conc,,1,5586.0,5586.0,"FL 20ML 279,3MG/ML"
048290050,"TRIAXIS POLIO*IM 1SIR 0,5ML+2A",47694.9,False,Unresolved,unresolved,other,,,,
038024459,INVEGA*28CPR 6MG RP OPA,47591.96,True,Validated,parsed:direct_strength,,28,6.0,168.0,28CPR 6MG
039009016,SODIO IODURO131I CURIUM*1CPS,47409.45,False,Unresolved,unresolved,other,,,,
036012058,CEFTAZIDIMA BIO*EV 1FL 2G,47298.51,True,Validated,parsed:direct_strength,,1,2000.0,2000.0,1FL 2G
040716122,SMOFKABIVEN*4SACC 1970ML C/EL,47261.8,False,Unresolved,unresolved,other,,,,
043455056,"MYDRANE*20F 0,6ML",47189.65,False,Unresolved,unresolved,other,,,,
043275054,MERIOFERT*SC IM 5FL150UI+5SIR,47182.01,False,Unresolved,unresolved,other,,,,
037106135,"OMNITROPE*SUREPAL CART 5MG/1,5",47098.77,False,Unresolved,unresolved,other,,,,
040634065,RIVONOX*BOMB 10L800PPM MOL/MOL,47087.03,False,Unresolved,unresolved,other,,,,
012611125,TALOFEN*GTT FL 30ML 40MG/ML,47068.22,True,Candidate,parsed:implied_unit_vol_conc,,1,1200.0,1200.0,GTT FL 30ML 40MG/ML
038256020,DIACOMIT*60CPS 250MG FL,46975.5,True,Validated,parsed:direct_strength,,60,250.0,15000.0,60CPS 250MG
038024410,INVEGA*28CPR 3MG RP OPA,46926.43,True,Validated,parsed:direct_strength,,28,3.0,84.0,28CPR 3MG
051246015,AGILUS*EV 6FL 120MG POLV,46818.0,True,Validated,parsed:direct_strength,,6,120.0,720.0,6FL 120MG
044563029,ELOCTA*IV 1FL 500UI+SIR PRERI,46798.65,False,Unresolved,unresolved,other,,,,
023103132,CLENIL*AER 20F 1D 800MCG 2ML,46789.77,True,Candidate,parsed:single_value_assumed_unit,,1,0.8,0.8,800MCG
042942146,REMSIMA*SC 4PEN 1ML 120MG/ML,46757.32,True,Validated,parsed:vol_conc,,4,120.0,480.0,4PEN 1ML 120MG/ML
045996067,CUTAQUIG*SC 1FL 48ML 165MG/ML,46710.27,True,Validated,parsed:vol_conc,,1,7920.0,7920.0,1FL 48ML 165MG/ML
040593042,FLUOROURACILE AHCL*FL 100ML 5G,46679.92,True,Candidate,parsed:single_value_assumed_unit,,1,5000.0,5000.0,5G
038352023,BICALUTAMIDE TEVA*28CPR RIV 50,46595.41,False,Unresolved,unresolved,other,,,,
023745019,KANRENOL*INIET 6FL 200MG+6F2ML,46594.52,True,Validated,parsed:direct_strength,,6,200.0,1200.0,6FL 200MG
046927063,RXULTI*28CPR RIV 3MG,46549.81,True,Validated,parsed:direct_strength,,28,3.0,84.0,28CPR RIV 3MG
039385048,WILATE*EV1000+1000UI+FL10ML+SI,46398.0,False,Unresolved,unresolved,other,,,,
035681055,EBIXA*OS SOLUZ 5MG/EROGAZIONE,46336.07,False,Unresolved,unresolved,other,,,,
027865118,NAVELBINE*1CPS MOLLI 30MG,46239.09,True,Validated,parsed:direct_strength,,1,30.0,30.0,1CPS MOLLI 30MG
045436019,DAPTOMICINA ACC*EV POLV 350MG,46067.79,True,Candidate,parsed:single_value_assumed_unit,,1,350.0,350.0,350MG
043782022,VARGATEF*120CPS MOLLI 100MG,46034.99,True,Validated,parsed:direct_strength,,120,100.0,12000.0,120CPS MOLLI 100MG
035108012,"SIMDAX*EV 1FL 5ML 2,5MG/ML",45966.93,True,Validated,parsed:vol_conc,,1,12.5,12.5,"1FL 5ML 2,5MG/ML"
026844264,"GENOTROPIN MINI*4TBF 1,8MG",45948.35,True,Candidate,parsed:single_value_assumed_unit,,1,1.8,1.8,"1,8MG"
029288026,SUPRANE*LIQ INAL 6FL 240ML,45910.03,False,Unresolved,unresolved,other,,,,
035120070,RAPAMUNE*100CPR RIV 1MG,45886.45,True,Validated,parsed:direct_strength,,100,1.0,100.0,100CPR RIV 1MG
033372018,PROPESS*5DISP VAG 10MG,45791.58,True,Candidate,parsed:single_value_assumed_unit,,1,10.0,10.0,10MG
028282364,IOMERON 350*IV FL 200ML,45761.76,False,Unresolved,unresolved,other,,,,
049734027,LORAZEPAM MAC*10F 1ML 4MG/ML,45345.55,True,Validated,parsed:vol_conc,,10,4.0,40.0,10F 1ML 4MG/ML
049928031,VINORELBINA MEDAC*1CPS 30MG,45148.73,True,Validated,parsed:direct_strength,,1,30.0,30.0,1CPS 30MG
038669026,METRONIDAZOLO KABI*IV 20FL500M,45120.96,False,Unresolved,unresolved,other,,,,
039941430,OLIMEL*N12 INF 10SACCHE 650ML,44995.41,False,Unresolved,unresolved,other,,,,
045092018,SIALANAR*OS FL 250ML 320MCG/ML,44791.77,True,Candidate,parsed:implied_unit_vol_conc,,1,80.0,80.0,FL 250ML 320MCG/ML
048719227,RYBELSUS*30CPR 4MG,44637.95,True,Validated,parsed:direct_strength,,30,4.0,120.0,30CPR 4MG
026962062,HUMATROPE*1CART 24MG(72UI)+SIR,44336.85,True,Candidate,parsed:single_value_assumed_unit,,1,24.0,24.0,24MG
030798019,MORFINA CL MONICO*5F 10MG 1ML,43847.16,True,Validated,parsed:direct_strength,,5,10.0,50.0,5F 10MG
035389028,CEPROTIN*IV 1000UI,43780.0,False,Unresolved,unresolved,other,,,,
026738221,SELEPARINA*10SIR 5700UI+DISP,43763.93,False,Unresolved,unresolved,other,,,,
037421144,EXJADE*30CPR RIV 180MG,43686.65,True,Validated,parsed:direct_strength,,30,180.0,5400.0,30CPR RIV 180MG
019995063,VALIUM*EV IM 5F 2ML 10MG/2ML,43665.11,True,Authoritative,aifa_ingredient_authoritative,,,,10.0,DIAZEPAM 10milligrammi
035693062,FENTANYL HAM*EV 10F50MCG/ML2ML,43596.39,False,Unresolved,unresolved,other,,,,
029165065,SIFRAMIN*EV 10FL 500ML 40MG/ML,43454.25,True,Validated,parsed:vol_conc,,10,20000.0,200000.0,10FL 500ML 40MG/ML
034369013,PROVIGIL*30CPR 100MG,43445.51,True,Validated,parsed:direct_strength,,30,100.0,3000.0,30CPR 100MG
040170019,RIASTAP*FL POLV 1G 20MG/ML,43438.01,True,Candidate,parsed:single_value_assumed_unit,,1,1000.0,1000.0,1G
037057039,REMODULIN*EV SC 20ML 5MG/ML,43400.0,False,Unresolved,unresolved,other,,,,
047188040,LENALIDOMIDE ACC*21CPS 5MG,43103.99,True,Validated,parsed:direct_strength,,21,5.0,105.0,21CPS 5MG
041018033,IVEMEND*EV POLV 1FL 10ML 150MG,43059.37,True,Candidate,parsed:single_value_assumed_unit,,1,150.0,150.0,150MG
045690056,ZEJULA*84CPR RIV 100MG,43052.5,True,Validated,parsed:direct_strength,,84,100.0,8400.0,84CPR RIV 100MG
043364102,"BEMFOLA*SC 5PEN 225UI/0,375ML+",43029.44,False,Unresolved,unresolved,other,,,,
043693023,IMBRUVICA*120CPS 140MG FL,43023.04,True,Validated,parsed:direct_strength,,120,140.0,16800.0,120CPS 140MG
034128052,PLAVIX*30CPR RIV 300MG,43012.49,True,Validated,parsed:direct_strength,,30,300.0,9000.0,30CPR RIV 300MG
026114076,DIPRIVAN*INFUS 1SIR 50ML 20MG/,42936.04,False,Unresolved,unresolved,other,,,,
047915018,ADENOSINA HIK*10F 2ML 6MG/2ML,42935.1,False,Unresolved,unresolved,other,,,,
049537020,PALIPERIDONE TE*1SIR 75MG RP,42910.87,True,Validated,parsed:direct_strength,,1,75.0,75.0,1SIR 75MG
045642170,MONOFERRIC*INIET 1FL 1G 10ML,42617.57,True,Validated,parsed:direct_strength,,1,1000.0,1000.0,1FL 1G
040102182,FLUCONAZOLO KABI*10FL 200ML,42613.09,False,Unresolved,unresolved,other,,,,
044698140,NUBRIVEO*56CPR RIV 75MG,42576.23,True,Validated,parsed:direct_strength,,56,75.0,4200.0,56CPR RIV 75MG
049616030,"RYEQO*28CPR 40MG+1MG+0,5MG",42402.51,True,Validated,parsed:direct_strength,,28,40.0,1120.0,28CPR 40MG
042494029,FORXIGA*28CPR RIV 5MG,42249.19,True,Validated,parsed:direct_strength,,28,5.0,140.0,28CPR RIV 5MG
041282017,NULOJIX*IV FL 250MG+SIR,42218.0,True,Candidate,parsed:single_value_assumed_unit,,1,250.0,250.0,250MG
046170080,CUSTODIOL*SOLUZ 6 SACCHE1000ML,42178.62,False,Unresolved,unresolved,other,,,,
041157049,HIZENTRA*SC 1FL 10ML 200MG/ML,42127.35,True,Validated,parsed:vol_conc,,1,2000.0,2000.0,1FL 10ML 200MG/ML
046275020,LEVETIRACETAM TI*10FL500MG 5ML,42113.44,True,Validated,parsed:direct_strength,,10,500.0,5000.0,10FL500MG
032192039,"AMUKINE MED*SOL CUT 1LT 0,05%",42046.31,False,Unresolved,unresolved,other,,,,
026970032,"STAMARIL*1FL+1SIR 0,5ML+2AGHI",41806.2,False,Unresolved,unresolved,other,,,,
037894019,"NEOXINAL ALCOL*12FL 1L 0,5+70%",41771.06,False,Unresolved,unresolved,other,,,,
036776019,"FENDRIX*IM 1SIR 20MCG 0,5ML+AG",41690.88,True,Validated,parsed:direct_strength,,1,0.02,0.02,1SIR 20MCG
034611044,ALBUMINA GRIFOLS*1FL 250ML 5%,41625.2,False,Unresolved,unresolved,other,,,,
045957014,"TRALEUSIN*10F 0,6ML 750U AXA",41562.03,False,Unresolved,unresolved,other,,,,
041926041,MISOONE*1CPR 400MCG,41514.44,True,Validated,parsed:direct_strength,,1,0.4,0.4,1CPR 400MCG
049039011,ICATIBANT TE*SC 1SIR 30MG 3ML,41477.89,True,Validated,parsed:direct_strength,,1,30.0,30.0,1SIR 30MG
013986031,FLEBOCORTID RICHTER*EV FL500MG,41157.39,True,Candidate,parsed:single_value_assumed_unit,,1,500.0,500.0,500MG
030902480,"SODIO CLORURO*0,9% 20F 10ML",41122.99,False,Unresolved,unresolved,other,,,,
046022012,CINACALCET TIL*28CPR RIV 30MG,41076.34,True,Validated,parsed:direct_strength,,28,30.0,840.0,28CPR RIV 30MG
026844201,"GENOTROPIN MINI*7CART 0,6MG",41067.61,True,Candidate,parsed:single_value_assumed_unit,,1,0.6,0.6,"0,6MG"
042729018,RAPISCAN*EV 1FL 5ML 80MCG/ML,40977.2,True,Validated,parsed:vol_conc,,1,0.4,0.4,1FL 5ML 80MCG/ML
044438024,CASPOFUNGIN SUN*EV FL 70MG,40871.96,True,Candidate,parsed:single_value_assumed_unit,,1,70.0,70.0,70MG
043375029,VOKANAMET*60CPR 50+850MG FL,40803.06,True,Candidate,parsed:single_value_assumed_unit,,1,850.0,850.0,850MG
031943931,GLUCOSIO FKI*5% 20FL 250ML,40789.28,False,Unresolved,unresolved,other,,,,
049682026,OZAWADE*30CPR RIV 18MG FL,40777.14,True,Validated,parsed:direct_strength,,30,18.0,540.0,30CPR RIV 18MG
043143092,ABILIFY MAINTENA*IM 1SIR 720MG,40456.45,True,Validated,parsed:direct_strength,,1,720.0,720.0,1SIR 720MG
042572014,"NANOTOP*SC 5FL 0,5MG",40221.5,True,Validated,parsed:direct_strength,,5,0.5,2.5,"5FL 0,5MG"
047623032,MIGLUSTAT DIPHARMA*84CPS 100MG,40186.08,True,Validated,parsed:direct_strength,,84,100.0,8400.0,84CPS 100MG
047547017,SORAFENIB MED*112CPR RIV 200MG,40117.83,True,Validated,parsed:direct_strength,,112,200.0,22400.0,112CPR RIV 200MG
051376061,POMALIDOMIDE ACC*21CPS 1MG,40094.36,True,Validated,parsed:direct_strength,,21,1.0,21.0,21CPS 1MG
038528042,VOLIBRIS*30CPR RIV 10MG,40082.26,True,Validated,parsed:direct_strength,,30,10.0,300.0,30CPR RIV 10MG
031174055,METILTIONINIO CL*10F100MG/10ML,40081.36,False,Unresolved,unresolved,other,,,,
044888030,ALPROLIX*1FL 1000UI+1SIR 5ML,40075.2,False,Unresolved,unresolved,other,,,,
045065087,"ENTECAVIR TE*30CPR RIV 0,5MG",40029.25,True,Validated,parsed:direct_strength,,30,0.5,15.0,"30CPR RIV 0,5MG"
023576061,CUROXIM*IV 1FL POLV 2G,40013.68,True,Validated,parsed:direct_strength,,1,2000.0,2000.0,1FL POLV 2G
032837015,CITOVIRAX*INFUS 1F 500MG,39988.28,True,Validated,parsed:direct_strength,,1,500.0,500.0,1F 500MG
033003029,ULTIVA*IV 5FL 2MG,39889.95,True,Validated,parsed:direct_strength,,5,2.0,10.0,5FL 2MG
041479041,SEVOFLURANE PIR*6FL 250ML 100%,39748.63,False,Unresolved,unresolved,other,,,,
028752172,RISPERDAL*IM FL 25MG+1SIR 2ML,39721.79,True,Authoritative,aifa_ingredient_authoritative,,,,4.0,RISPERIDONE 4milligrammi
043087182,"RIVASTIGMINA SAN*30CER 9,5MG",39650.05,True,Validated,parsed:direct_strength,,30,9.5,285.0,"30CER 9,5MG"
034498232,"NOVORAPID*PUMP5CART 1,6ML100U/",39489.25,False,Unresolved,unresolved,other,,,,
045254036,SULIQUA*3PEN 100U/ML+33MCG/ML,39467.14,False,Unresolved,unresolved,multi_active_combo,,,,
051204016,"EMBLAVEO*INFUS EV10FL1,5G+0,5G",39466.52,True,Validated,parsed:direct_strength,,10,1500.0,15000.0,"10FL1,5G"
049545027,EFMODY*50CPS 10MG RM FL,39466.42,True,Validated,parsed:direct_strength,,50,10.0,500.0,50CPS 10MG
035389016,CEPROTIN*IV 500UI,39402.0,False,Unresolved,unresolved,other,,,,
024153052,"ATEM*SOLxNEBUL 10FL 0,5MG/2ML",39261.91,False,Unresolved,unresolved,other,,,,
037353012,PIPERACILLINA TA KA*IM2G+250MG,39181.69,True,Candidate,parsed:single_value_assumed_unit,,1,2000.0,2000.0,2G
036602011,PEDEA*EV 4F 2ML 5MG/ML,39077.21,True,Validated,parsed:vol_conc,,4,10.0,40.0,4F 2ML 5MG/ML
045257045,"TERROSA*1PEN 2,4ML 20MCG/80MCL",39044.49,False,Unresolved,unresolved,single_dose_device_ambiguous,,,,
029399110,IPSTYL*SC 1SIR 60MG,38998.06,True,Authoritative,aifa_ingredient_authoritative,,,,60.0,LANREOTIDE 60milligrammi
047477029,OGIVRI*EV 1FL 420MG,38931.97,True,Validated,parsed:direct_strength,,1,420.0,420.0,1FL 420MG
034675215,ENBREL*BB SC 4FL10MG+4FL1ML+8T,38894.9,True,Validated,parsed:direct_strength,,4,10.0,40.0,4FL10MG
043087143,"RIVASTIGMINA SAN*30CER 4,6MG",38873.64,True,Validated,parsed:direct_strength,,30,4.6,138.0,"30CER 4,6MG"
046212027,PIOGLITAZONE MET EG*56CPR RIV,38854.36,False,Unresolved,unresolved,other,,,,
044379028,"ATOSIBAN EVER*EV 37,5MG/5ML",38660.04,False,Unresolved,unresolved,other,,,,
048924043,"DROPERIDOLO KAL*EV 10F 2,5MG",38563.37,True,Validated,parsed:direct_strength,,10,2.5,25.0,"10F 2,5MG"
038024497,INVEGA*28CPR 9MG RP OPA,38457.58,True,Validated,parsed:direct_strength,,28,9.0,252.0,28CPR 9MG
045491053,"KEVZARA*SC 2PEN 1,14ML 150MG",38456.84,True,Candidate,parsed:single_value_assumed_unit,,1,150.0,150.0,150MG
043873126,COSENTYX*SC SOLUZ 1SIR 75MG,38379.85,True,Validated,parsed:direct_strength,,1,75.0,75.0,1SIR 75MG
027388091,ECOCAIN*SPRAY OS 60ML10G/100ML,38367.33,False,Unresolved,unresolved,other,,,,
021458031,UGUROL*IV OS LOC 6F 5ML 500MG,38364.92,True,Candidate,parsed:single_value_assumed_unit,,1,500.0,500.0,500MG
028026019,CORLOPAM*1F 2ML 20MG/2ML,38350.64,False,Unresolved,unresolved,other,,,,
035691777,ARANESP*SC EV 1SIR 500MCG 1ML,38244.46,True,Validated,parsed:direct_strength,,1,0.5,0.5,1SIR 500MCG
039292065,AZOTO PROTOSS*BOMB LIQ 30KG,38187.21,False,Unresolved,unresolved,other,,,,
043294014,DOBUTAMINA HIK*EV 10FL 20ML,38021.27,False,Unresolved,unresolved,other,,,,
042699052,"MACROGOL SAND*OS 20BUST 13,8G",38020.64,True,Validated,parsed:direct_strength,,20,13800.0,276000.0,"20BUST 13,8G"
030658037,CALCIO GLUCONATO*10% 5F 10ML,37965.79,False,Unresolved,unresolved,other,,,,
040279046,"FLUMAZENIL HIK*5F 10ML0,1MG/ML",37846.81,True,Validated,parsed:vol_conc,,5,1.0,5.0,"5F 10ML0,1MG/ML"
033698034,ISOLYTE*INFUS 6SACC 2000ML,37792.83,False,Unresolved,unresolved,other,,,,
046918049,VERKAZIA*COLLIRIO 120FL 1MG/ML,37781.37,False,Unresolved,unresolved,other,,,,
044202075,JINARC*28CPR 15MG+28CPR 45MG,37728.62,True,Validated,parsed:direct_strength,,28,15.0,420.0,28CPR 15MG
041468024,DEXDOR*EV 25F 2ML 100MCG/ML,37714.71,True,Validated,parsed:vol_conc,,25,0.2,5.0,25F 2ML 100MCG/ML
042456158,"RIVASTIGMINA DOC*30CER 13,3MG",37639.6,True,Validated,parsed:direct_strength,,30,13.3,399.0,"30CER 13,3MG"
035867062,FIDATO*INF 10FL 2G POLV,37372.04,True,Validated,parsed:direct_strength,,10,2000.0,20000.0,10FL 2G
050458052,"QDENGA*SC 1FL 0,5ML+1SIR+2AGHI",37338.4,False,Unresolved,unresolved,other,,,,
035642014,NITROGLICERINA LIM*FL 50MG50ML,37329.71,False,Unresolved,unresolved,other,,,,
040254120,TACNI*60CPS 1MG,37187.14,True,Validated,parsed:direct_strength,,60,1.0,60.0,60CPS 1MG
039055090,EFIENT*28CPR RIV 10MG,37027.74,True,Validated,parsed:direct_strength,,28,10.0,280.0,28CPR RIV 10MG
043615057,"ACCOFIL*1SIR 30MU 0,5ML+AGO",36921.22,False,Unresolved,unresolved,other,,,,
044227027,PALONOSETRON FRE*10FL 250MCG,36758.41,True,Validated,parsed:direct_strength,,10,0.25,2.5,10FL 250MCG
044450017,TERIPARATIDE TE*1PE20MCG/80MCL,36726.65,False,Unresolved,unresolved,other,,,,
039827136,REVOLADE*OS SOSP 30BUST 25MG,36447.96,True,Validated,parsed:direct_strength,,30,25.0,750.0,30BUST 25MG
029111097,"CLEXANE T*10SIR 8000UI 0,8ML",36433.3,False,Unresolved,unresolved,other,,,,
038320014,AMIODARONE HIK*10F 150MG 3ML,36397.39,True,Validated,parsed:direct_strength,,10,150.0,1500.0,10F 150MG
035698075,"BALANCE*2,3% 2000ML 4SACCHE",36359.92,False,Unresolved,unresolved,other,,,,
037141013,SEVOFLURANE BAX*6FL 250ML 100%,36322.56,False,Unresolved,unresolved,other,,,,
044269090,"GHEMAXAN*10SIR 6000UI 0,6ML+S",36285.48,False,Unresolved,unresolved,other,,,,
048393019,DAPTOMICINA ACC*1FL POLV 350MG,36253.91,True,Validated,parsed:direct_strength,,1,350.0,350.0,1FL POLV 350MG
044865018,DESCOVY*30CPR RIV 200MG+10MG,36211.46,True,Validated,parsed:direct_strength,,30,200.0,6000.0,30CPR RIV 200MG
018002030,VISUMIDRIATIC*COLL10ML 10MG/ML,36195.48,False,Unresolved,unresolved,other,,,,
039292091,AZOTO PROTOSS*12BOMB LIQ 30KG,36192.0,False,Unresolved,unresolved,other,,,,
028439026,PREPIDIL*GEL VAG 1SIR 1MG/3G,36085.28,True,Candidate,parsed:single_value_assumed_unit,,1,3000.0,3000.0,3G
030819155,"SODIO BICARB*8,4% 100ML",36034.05,False,Unresolved,unresolved,other,,,,
041333170,TEMOZOLOMIDE SUN*5CPS 100MG,35904.23,True,Validated,parsed:direct_strength,,5,100.0,500.0,5CPS 100MG
035878065,CEFTRIAXONE MY*EV 10FL 1G,35840.76,True,Validated,parsed:direct_strength,,10,1000.0,10000.0,10FL 1G
031917685,ACQUA PI FKI*20FL 500ML,35785.13,False,Unresolved,unresolved,other,,,,
028752095,RISPERDAL*OS SOLUZ100ML 1MG/ML,35785.0,False,Unresolved,unresolved,other,,,,
027441029,ZAVEDOS*EV 1FL 10MG,35700.94,True,Authoritative,aifa_ingredient_authoritative,,,,10.0,IDARUBICINA CLORIDRATO 10milligrammi
033280049,TASMAR*100CPR RIV 100MG FL,35690.98,True,Validated,parsed:direct_strength,,100,100.0,10000.0,100CPR RIV 100MG
043685092,TENOFOVIR DISOPROXIL TE*30CPR,35687.2,False,Unresolved,unresolved,other,,,,
045198052,VENCLYXTO*7CPR RIV 100MG,35643.56,True,Validated,parsed:direct_strength,,7,100.0,700.0,7CPR RIV 100MG
035802053,CEFTRIAXONE RAT*EV 1FL 2G,35629.95,True,Validated,parsed:direct_strength,,1,2000.0,2000.0,1FL 2G
027154044,TAD*IM EV 10FL 600MG+10F 4ML,35530.03,True,Validated,parsed:direct_strength,,10,600.0,6000.0,10FL 600MG
038890012,KETAMINA MOLT*5F 2ML 50MG/ML,35472.6,True,Validated,parsed:vol_conc,,5,100.0,500.0,5F 2ML 50MG/ML
029724034,"DOTAREM*EV 1FL 15ML 0,5MMOL/ML",35450.7,False,Unresolved,unresolved,other,,,,
047188077,LENALIDOMIDE ACC*21CPS 10MG,35449.26,True,Validated,parsed:direct_strength,,21,10.0,210.0,21CPS 10MG
038085054,PERGOVERIS*SC 1PEN 450UI+225UI,35303.31,False,Unresolved,unresolved,other,,,,
040801019,RILUZOLO SUN*56CPR RIV 50MG,35119.29,True,Validated,parsed:direct_strength,,56,50.0,2800.0,56CPR RIV 50MG
032776039,CARBOPLATINO PFI*EV 450MG 45ML,34734.55,True,Candidate,parsed:single_value_assumed_unit,,1,450.0,450.0,450MG
047335056,POSACONAZOLO MY*24CPR 100MG,34664.07,True,Validated,parsed:direct_strength,,24,100.0,2400.0,24CPR 100MG
028313029,BACTRIM PERFUSIONE*IV 5F 5ML,34488.63,True,Authoritative,aifa_ingredient_authoritative,,,,400.0,SULFAMETOSSAZOLO 400milligrammi
039857014,ORALAIR*31CPR SUBL 100IR-300IR,34434.82,False,Unresolved,unresolved,other,,,,
036982039,REVATIO*OS POLVxSOSP 10MG/ML,34402.94,False,Unresolved,unresolved,other,,,,
024372094,DANTRIUM*12FL INFUS 20MG,34388.66,True,Validated,parsed:direct_strength,,12,20.0,240.0,12FL INFUS 20MG
043839024,LEVOBUPIVACAINA LIM*10F 5MG/ML,34342.96,False,Unresolved,unresolved,other,,,,
013986029,FLEBOCORTID RICHTER*1F100MG+1F,34262.35,True,Validated,parsed:direct_strength,,1,100.0,100.0,1F100MG
048001010,MYRELEZ*SC 1SIR 60MG+AGO,34233.94,True,Validated,parsed:direct_strength,,1,60.0,60.0,1SIR 60MG
046705024,BENDAMUSTINA HIK*5FL 100MG,34232.8,True,Validated,parsed:direct_strength,,5,100.0,500.0,5FL 100MG
029724147,"DOTAREM*EV 1SIR 15ML0,5MMOL/ML",34213.63,False,Unresolved,unresolved,other,,,,
037791062,BICALUTAMIDE AUR*28CPR RIV50MG,34191.3,True,Validated,parsed:direct_strength,,28,50.0,1400.0,28CPR RIV50MG
044554018,CINACALCET VI*28CPR RIV 30MG,34122.88,True,Validated,parsed:direct_strength,,28,30.0,840.0,28CPR RIV 30MG
045676095,"DUPIXENT*SC 1SIR 200MG 1,14ML",34046.82,True,Validated,parsed:direct_strength,,1,200.0,200.0,1SIR 200MG
044839013,"WAKIX*30CPR RIV 4,5MG FL",34000.87,True,Validated,parsed:direct_strength,,30,4.5,135.0,"30CPR RIV 4,5MG"
024928119,NORMOPARIN*IV 10F 25000UI 5ML,33974.59,False,Unresolved,unresolved,other,,,,
029874536,SODIO CLORURO*10F 20MEQ 10ML,33917.77,False,Unresolved,unresolved,other,,,,
034702074,ARAVA*30CPR RIV 20MG FL,33892.61,True,Validated,parsed:direct_strength,,30,20.0,600.0,30CPR RIV 20MG
039727045,GEMCITABINA HIK*INF 5FL 1G,33759.0,True,Validated,parsed:direct_strength,,5,1000.0,5000.0,5FL 1G
030798058,MORFINA CL MONICO*5F 50MG 5ML,33743.55,True,Validated,parsed:direct_strength,,5,50.0,250.0,5F 50MG
035715059,"SODIO CLORURO 0,9%*10SAC1000ML",33710.2,False,Unresolved,unresolved,other,,,,
026738017,"SELEPARINA*6SIR 0,3ML 2850UI",33667.99,False,Unresolved,unresolved,other,,,,
025333028,HALDOL DECANOAS*IM F 150MG 3ML,33622.13,True,Candidate,parsed:single_value_assumed_unit,,1,150.0,150.0,150MG
049859010,SUGAMMADEX TEV*10FL2ML100MG/ML,33615.14,True,Validated,parsed:vol_conc,,10,200.0,2000.0,10FL2ML100MG/ML
029498021,TALAVIR*21CPR RIV 1G,33596.8,True,Authoritative,aifa_ingredient_authoritative,,,,1000.0,VALACICLOVIR CLORIDRATO 1grammi
037154010,NEXAVAR*112CPR RIV 200MG,33593.69,True,Validated,parsed:direct_strength,,112,200.0,22400.0,112CPR RIV 200MG
048910071,BYANNLI*IM 1SIR 700MG RP+AGO,33570.98,True,Validated,parsed:direct_strength,,1,700.0,700.0,1SIR 700MG
037030069,"ULTRATECHNEKOW*1GEN 5,71GBQ 11",33385.0,False,Unresolved,unresolved,other,,,,
045338011,SIKLOS*30CPR RIV 1000MG FL,33327.0,True,Validated,parsed:direct_strength,,30,1000.0,30000.0,30CPR RIV 1000MG
034199087,PRIORIX*10F POLV +10SIR+20AGHI,33319.44,False,Unresolved,unresolved,other,,,,
050484017,ZYNLONTA*EV 1FL 10MG POLV,33285.06,True,Validated,parsed:direct_strength,,1,10.0,10.0,1FL 10MG
049993025,PANTOPRAZOLO ZEN*EV 10FL 40MG,33242.14,True,Validated,parsed:direct_strength,,10,40.0,400.0,10FL 40MG
035628256,VFEND*INF EV FL 200MG,32802.85,True,Candidate,parsed:single_value_assumed_unit,,1,200.0,200.0,200MG
032151146,"BRAUNOL*7,5% SOL CUT 10FL 1000",32767.62,False,Unresolved,unresolved,other,,,,
039941404,OLIMEL*N12E INF 6SACCHE 1000ML,32688.59,False,Unresolved,unresolved,other,,,,
039857038,ORALAIR*90CPR SUBL 300IR,32634.9,False,Unresolved,unresolved,other,,,,
039737034,GRANISETRON HIK*INIET 5F 3MG,32590.23,True,Validated,parsed:direct_strength,,5,3.0,15.0,5F 3MG
051230062,"AWIQLI*SC 1PEN700U/ML1,5ML+14A",32361.9,False,Unresolved,unresolved,other,,,,
036598023,MIMPARA*28CPR RIV 30MG,32302.05,True,Validated,parsed:direct_strength,,28,30.0,840.0,28CPR RIV 30MG
042776221,MEMANTINA MY*28CPR RIV 20MG,32281.44,True,Validated,parsed:direct_strength,,28,20.0,560.0,28CPR RIV 20MG
044442010,LABETALOLO SALF*5F 5MG/ML 20ML,32263.31,False,Unresolved,unresolved,other,,,,
034430456,NEORECORMON*IV SC 1SIR 30000UI,32147.31,False,Unresolved,unresolved,other,,,,
036624070,AMPICILLINA SUL IBI*10FL1G+500,32087.99,True,Validated,parsed:direct_strength,,10,1000.0,10000.0,10FL1G
013972056,KENACORT*INIET 3FL 1ML 40MG/ML,31849.79,True,Validated,parsed:vol_conc,,3,40.0,120.0,3FL 1ML 40MG/ML
035268022,NERIXIA*INFUS IV CONC 2F 100MG,31848.43,True,Validated,parsed:direct_strength,,2,100.0,200.0,2F 100MG
035004050,VANCOMICINA HIK*INF OS 10FL 1G,31789.62,True,Validated,parsed:direct_strength,,10,1000.0,10000.0,10FL 1G
029526047,SALAGEN*84CPR RIV 5MG,31735.0,True,Authoritative,aifa_ingredient_authoritative,,,,5.0,PILOCARPINA CLORIDRATO 5milligrammi
045450018,RIXATHON*EV 2FL 10ML 10MG/ML,31644.38,True,Validated,parsed:vol_conc,,2,100.0,200.0,2FL 10ML 10MG/ML
041479039,SEVOFLURANE PIR*1FL 250ML 100%,31624.82,False,Unresolved,unresolved,other,,,,
051223016,FLUENZ*SPRAY NAS 1NEBUL 25-26,31581.0,False,Unresolved,unresolved,other,,,,
040774034,NUMETA*INF 6SACCHE 1000ML G19E,31574.48,False,Unresolved,unresolved,other,,,,
045266018,TRUXIMA*INFUS 1FL 500MG 50ML,31478.07,True,Validated,parsed:direct_strength,,1,500.0,500.0,1FL 500MG
044898017,VAXIGRIP TETRA*1SIR+AGO 25-26,31460.0,False,Unresolved,unresolved,other,,,,
049623539,LENALIDOMIDE SUN*21CPS 10MG,31401.13,True,Validated,parsed:direct_strength,,21,10.0,210.0,21CPS 10MG
050594050,RADELUMIN*INIET 2000MBQ/ML15ML,31318.65,False,Unresolved,unresolved,other,,,,
027015179,"EPREX*1SIR 4000UI 0,4ML",31250.52,False,Unresolved,unresolved,other,,,,
040585022,JEXT*INIETT 1PENNA 150MCG,31184.17,True,Validated,parsed:direct_strength,,1,0.15,0.15,1PENNA 150MCG
042418018,CLONIDINA CL LIM*10F 150MCG/ML,31112.82,False,Unresolved,unresolved,other,,,,
039027014,OSTEOCIS*KIT PER HMDP 5FL 3MG,31098.35,True,Validated,parsed:direct_strength,,5,3.0,15.0,5FL 3MG
044380018,"FIBRICLOTTE*FL POLV 1,5G 100ML",31020.0,True,Candidate,parsed:single_value_assumed_unit,,1,1500.0,1500.0,"1,5G"
030727034,LATTULAC EPS*1SAC RETT SOL200G,30891.56,True,Validated,parsed:direct_strength,,1,200000.0,200000.0,1SAC RETT SOL200G
044034015,"QUINSAIR*INAL 56F 240MG 2,4ML",30857.86,True,Validated,parsed:direct_strength,,56,240.0,13440.0,56F 240MG
050537024,"PIPERACILLINA TA KA*10FL2+0,25",30810.75,False,Unresolved,unresolved,other,,,,
045196033,IVABRADINA KR*56CPR RIV 5MG,30716.86,True,Validated,parsed:direct_strength,,56,5.0,280.0,56CPR RIV 5MG
041465016,"POLITRATE*FL 3,75MG+SIR 2ML RP",30553.99,True,Candidate,parsed:single_value_assumed_unit,,1,3.75,3.75,"3,75MG"
039696012,MYFENAX*100CPS 250MG,30449.43,True,Validated,parsed:direct_strength,,100,250.0,25000.0,100CPS 250MG
037567029,DURATOCIN*EV IM 5FL 1ML 100MCG,30430.18,True,Candidate,parsed:single_value_assumed_unit,,1,0.1,0.1,100MCG
014684029,SYNTOCINON*EV IM 6F 1ML 5UI,30417.95,False,Unresolved,unresolved,other,,,,
034430342,NEORECORMON*IV SC 6SIR 5000UI,30387.06,False,Unresolved,unresolved,other,,,,
048719177,"RYBELSUS*30CPR 1,5MG",30379.6,True,Validated,parsed:direct_strength,,30,1.5,45.0,"30CPR 1,5MG"
045493044,SKILARENCE*90CPR GASTR 120MG,30298.15,True,Validated,parsed:direct_strength,,90,120.0,10800.0,90CPR GASTR 120MG
010058030,MYCOSTATIN*OS SOSP FL 100ML,30265.27,False,Unresolved,unresolved,other,,,,
041298047,FAMPYRA*56CPR 10MG RP,30250.01,True,Validated,parsed:direct_strength,,56,10.0,560.0,56CPR 10MG
028282135,IOMERON 400*IV FL 50ML,30213.53,False,Unresolved,unresolved,other,,,,
050967025,"VANFLYTA*28CPR RIV 17,7MG",30211.37,True,Validated,parsed:direct_strength,,28,17.7,495.6,"28CPR RIV 17,7MG"
039545076,AMOXICILLINA AC CLA AUR*12CPR,30055.74,False,Unresolved,unresolved,other,,,,
038138032,CELSENTRI*60CPR RIV 150MG,29996.82,True,Validated,parsed:direct_strength,,60,150.0,9000.0,60CPR RIV 150MG
037045097,"ROTARIX*1TUBO OS SOSP 1,5ML",29947.5,False,Unresolved,unresolved,other,,,,
051002018,REZZAYO*INFUS EV 1FL 200MG,29928.98,True,Validated,parsed:direct_strength,,1,200.0,200.0,1FL 200MG
038944068,OSSIGENO*COMPR 200BAR 14LT VAL,29849.08,False,Unresolved,unresolved,oxygen_gas,,,,
038705024,MYCAMINE*EV FL 100MG,29817.81,True,Candidate,parsed:single_value_assumed_unit,,1,100.0,100.0,100MG
037794144,XELEVIA*28CPR RIV 100MG,29814.19,True,Validated,parsed:direct_strength,,28,100.0,2800.0,28CPR RIV 100MG
038875035,VINORELBINA AUR*1FL 5ML10MG/ML,29808.8,True,Validated,parsed:vol_conc,,1,50.0,50.0,1FL 5ML10MG/ML
052000027,"YESINTEK*SC 1SIR 45MG 0,5ML",29737.95,True,Validated,parsed:direct_strength,,1,45.0,45.0,1SIR 45MG
042581126,FYCOMPA*28CPR RIV 10MG,29700.22,True,Validated,parsed:direct_strength,,28,10.0,280.0,28CPR RIV 10MG
035120017,RAPAMUNE*OS FL 60ML+30SIR DOS+,29683.66,False,Unresolved,unresolved,other,,,,
039557121,ARIA AIR LIQUIDE*200BAR12x50LT,29577.6,False,Unresolved,unresolved,other,,,,
035120094,RAPAMUNE*30CPR RIV 2MG,29393.25,True,Validated,parsed:direct_strength,,30,2.0,60.0,30CPR RIV 2MG
044274013,LANDIOBLOC*1FL POLV INF 300MG,29370.0,True,Validated,parsed:direct_strength,,1,300.0,300.0,1FL POLV INF 300MG
041157191,HIZENTRA*SC 1SIR 20ML 200MG/ML,29359.74,True,Validated,parsed:vol_conc,,1,4000.0,4000.0,1SIR 20ML 200MG/ML
032192027,"AMUKINE MED*SOL CUT 500ML0,05%",29300.58,False,Unresolved,unresolved,other,,,,
049361013,TUKYSA*88CPR RIV 50MG,29242.5,True,Validated,parsed:direct_strength,,88,50.0,4400.0,88CPR RIV 50MG
029231038,"ADDAMEL N*20F 10ML 7,7MG/10ML",29053.91,False,Unresolved,unresolved,other,,,,
041650021,BACLOFENE LIM*INTRAT5F10MG/5ML,28980.67,False,Unresolved,unresolved,other,,,,
024273094,LUVION*40CPR 50MG,28755.13,True,Validated,parsed:direct_strength,,40,50.0,2000.0,40CPR 50MG
037030057,"ULTRATECHNEKOW*1GEN 5,71GBQ5ML",28743.0,False,Unresolved,unresolved,other,,,,
039231028,ZYPADHERA*IM 1FL 300MG+F RP,28641.84,True,Validated,parsed:direct_strength,,1,300.0,300.0,1FL 300MG
038572018,TALIDOMIDE BMS*28CPS 50MG,28282.82,True,Validated,parsed:direct_strength,,28,50.0,1400.0,28CPS 50MG
040889026,PEYONA*EV OS 10F 1ML 20MG/ML,28264.5,True,Validated,parsed:vol_conc,,10,20.0,200.0,10F 1ML 20MG/ML
028896025,CEPIM*IM IV FL 1G+F 3ML,28264.4,True,Candidate,parsed:single_value_assumed_unit,,1,1000.0,1000.0,1G
025561073,SOFARGEN*CREMA 120G 1%,28232.39,True,Candidate,parsed:single_value_assumed_unit,,1,120000.0,120000.0,120G
036624029,AMPICILLINA SUL IBI*500+250MG,28071.55,True,Candidate,parsed:single_value_assumed_unit,,1,250.0,250.0,250MG
042312013,EZEMANTIS*56CPR RIV 10MG,28069.86,True,Validated,parsed:direct_strength,,56,10.0,560.0,56CPR RIV 10MG
047070014,"ENTECAVIR SUN*30CPR RIV 0,5MG",28062.79,True,Validated,parsed:direct_strength,,30,0.5,15.0,"30CPR RIV 0,5MG"
047411020,ALITRECARE*30CPS MOLLI 30MG,28052.35,True,Validated,parsed:direct_strength,,30,30.0,900.0,30CPS MOLLI 30MG
048971016,"LIVOGIVA*1PEN 2,7ML20MCG/80MCL",27953.65,False,Unresolved,unresolved,single_dose_device_ambiguous,,,,
039551078,"SAMSCA*10CPR 7,5MG",27822.48,True,Validated,parsed:direct_strength,,10,7.5,75.0,"10CPR 7,5MG"
012611101,TALOFEN*INIET 6F 2ML 25MG/ML,27818.36,True,Validated,parsed:vol_conc,,6,50.0,300.0,6F 2ML 25MG/ML
036892053,"XOLAIR*SC 1SIR 75MG 0,5ML",27798.08,True,Validated,parsed:direct_strength,,1,75.0,75.0,1SIR 75MG
038944346,OSSIGENO*CRIOGEN 31LT MOBILE,27785.64,False,Unresolved,unresolved,oxygen_gas,,,,
050684012,"VERORAB*IM ID 3,25UI+1SIR0,5ML",27686.18,False,Unresolved,unresolved,other,,,,
029376011,MUPHORAN*IV 1FL 208MG+F SOLV,27676.25,True,Authoritative,aifa_ingredient_authoritative,,,,208.0,FOTEMUSTINA 208milligrammi
049376155,"YUFLYMA*1PEN 0,8ML 80MG+2TAMP",27661.26,True,Candidate,parsed:single_value_assumed_unit,,1,80.0,80.0,80MG
049432014,ALYMSYS*INF 1FL 4ML 25MG/ML,27590.01,True,Validated,parsed:vol_conc,,1,100.0,100.0,1FL 4ML 25MG/ML
049176023,PEMETREXED EV*EV FL20ML25MG/ML,27577.49,True,Candidate,parsed:implied_unit_vol_conc,,1,500.0,500.0,FL20ML25MG/ML
039941442,OLIMEL*N12 INF 6SACCHE 1000ML,27337.65,False,Unresolved,unresolved,other,,,,
046991042,APREPITANT AC*1CPS125+2CPS80MG,27336.24,True,Validated,parsed:direct_strength,,2,80.0,160.0,2CPS80MG
037314010,TOSTREX*GEL MULTID 60G 2%+DOSA,27229.19,True,Candidate,parsed:single_value_assumed_unit,,1,60000.0,60000.0,60G
041157239,HIZENTRA*SC 1SIR 50ML 200MG/ML,27170.0,True,Validated,parsed:vol_conc,,1,10000.0,10000.0,1SIR 50ML 200MG/ML
039405055,PACLITAXEL KABI*1FL 300MG/50ML,27154.77,False,Unresolved,unresolved,other,,,,
043801024,ARIPIPRAZOLO EG*28CPR 5MG,27135.18,True,Validated,parsed:direct_strength,,28,5.0,140.0,28CPR 5MG
045928049,JORVEZA*90CPR ORODISP 1MG,27049.37,True,Validated,parsed:direct_strength,,90,1.0,90.0,90CPR ORODISP 1MG
048149025,POSACONAZOLO ACC*24CPR 100MG,27042.21,True,Validated,parsed:direct_strength,,24,100.0,2400.0,24CPR 100MG
034127074,"TETRAVAC*1SIR 0,5ML+AGO",26990.7,False,Unresolved,unresolved,other,,,,
045317031,"AMGEVITA*SC 2SIR 0,8ML 40MG",26933.28,True,Candidate,parsed:single_value_assumed_unit,,1,40.0,40.0,40MG
025969039,NALOREX*14CPR RIV 50MG,26794.19,True,Validated,parsed:direct_strength,,14,50.0,700.0,14CPR RIV 50MG
050446057,TOLVAPTAN TEVA*10CPR 15MG,26785.02,True,Validated,parsed:direct_strength,,10,15.0,150.0,10CPR 15MG
041427028,ZYTIGA*56CPR RIV 500MG,26768.84,True,Validated,parsed:direct_strength,,56,500.0,28000.0,56CPR RIV 500MG
047855010,PAZENIR*EV 1FL 100MG 5MG/ML,26750.75,True,Validated,parsed:direct_strength,,1,100.0,100.0,1FL 100MG
045902018,ALUTARD APIS MELL*100000SQU/ML,26749.42,False,Unresolved,unresolved,other,,,,
034951057,LUVERIS*SC 3FL 75UI+3FL SOLV,26726.42,False,Unresolved,unresolved,other,,,,
038344026,ONDANSETRONE HIK*EV 5F 8MG 4ML,26695.77,True,Validated,parsed:direct_strength,,5,8.0,40.0,5F 8MG
036146049,PRISMASOL*5000MLx2 4MMOL SACCA,26557.43,False,Unresolved,unresolved,other,,,,
035410226,ZYVOXID*10CPR RIV 600MG BLIST,26495.64,True,Validated,parsed:direct_strength,,10,600.0,6000.0,10CPR RIV 600MG
023616055,SELOKEN*IV 5F 5ML 5MG,26363.32,True,Candidate,parsed:single_value_assumed_unit,,1,5.0,5.0,5MG
035739022,VALCYTE*OS POLV FL 12G 50MG/ML,26327.42,True,Candidate,parsed:single_value_assumed_unit,,1,12000.0,12000.0,12G
037793142,JANUVIA*28CPR RIV 100MG,26251.9,True,Validated,parsed:direct_strength,,28,100.0,2800.0,28CPR RIV 100MG
036849065,PROPOFOL KABI*10FL 50ML 500MG,26231.05,True,Candidate,parsed:single_value_assumed_unit,,1,500.0,500.0,500MG
031917697,ACQUA PI FKI*20F 10ML,26202.69,False,Unresolved,unresolved,other,,,,
027756028,"EMLA*CR 5TUB 5G 2,5+2,5%+10CER",26196.59,True,Candidate,parsed:single_value_assumed_unit,,1,5000.0,5000.0,5G
039941087,OLIMEL*N9E INF 6SACCHE 1000ML,26166.68,False,Unresolved,unresolved,other,,,,
044330013,"SEVELAMER EG*OS POLV60BUST2,4G",26143.15,True,Validated,parsed:direct_strength,,60,2400.0,144000.0,"60BUST2,4G"
028752057,RISPERDAL*60CPR 1MG BIANCHE,26129.78,True,Authoritative,aifa_ingredient_authoritative,,,,1.0,RISPERIDONE 1milligrammi
035715085,"SODIO CLORURO 0,9%*60SAC 100ML",26081.25,False,Unresolved,unresolved,other,,,,
029485048,PROGRAF*30CPS 5MG,25978.69,True,Validated,parsed:direct_strength,,30,5.0,150.0,30CPS 5MG
039646031,DOXORUBICINA TE*IV 50MG/25ML,25872.67,False,Unresolved,unresolved,other,,,,
035714043,GLUCOSIO 5%*20SACCHE 500ML,25783.43,False,Unresolved,unresolved,other,,,,
034430429,NEORECORMON*IV SC 6SIR 4000UI,25768.5,False,Unresolved,unresolved,other,,,,
048001022,MYRELEZ*SC 1SIR 90MG+AGO,25640.74,True,Validated,parsed:direct_strength,,1,90.0,90.0,1SIR 90MG
043030218,INCRESYNC*28CPR RIV 25+30MG,25576.25,True,Candidate,parsed:single_value_assumed_unit,,1,30.0,30.0,30MG
026844199,"GENOTROPIN MINI*7CART 0,4MG",25489.04,True,Candidate,parsed:single_value_assumed_unit,,1,0.4,0.4,"0,4MG"
037716038,"MYDRIASERT*20INSERTI0,28/5,4MG",25423.2,True,Candidate,parsed:single_value_assumed_unit,,1,5.4,5.4,"5,4MG"
028439038,PREPIDIL*GEL VAG 1SIR 2MG/3G,25369.38,True,Candidate,parsed:single_value_assumed_unit,,1,3000.0,3000.0,3G
022711129,"LAEVOLAC EPS*SCIR 180ML 66,7%",25363.1,False,Unresolved,unresolved,other,,,,
045608078,EVEROLIMUS ETHYP*30CPR 10MG,25345.58,True,Validated,parsed:direct_strength,,30,10.0,300.0,30CPR 10MG
043801063,ARIPIPRAZOLO EG*28CPR 10MG,25335.31,True,Validated,parsed:direct_strength,,28,10.0,280.0,28CPR 10MG
045490048,"REAGILA*30CPS 1,5MG",25292.59,True,Validated,parsed:direct_strength,,30,1.5,45.0,"30CPS 1,5MG"
044686032,DOCETAXEL HIK*INF 160MG/8ML,25264.76,False,Unresolved,unresolved,other,,,,
049685035,EVRENZO*12CPR RIV 70MG,25224.07,True,Validated,parsed:direct_strength,,12,70.0,840.0,12CPR RIV 70MG
044464028,LEVETIRACETAM AUR*10FL500MG5ML,25198.76,True,Validated,parsed:direct_strength,,10,500.0,5000.0,10FL500MG
008776078,KONAKION*OS INIET 5F 10MG 1ML,25171.42,True,Validated,parsed:direct_strength,,5,10.0,50.0,5F 10MG
043045172,"VIPDOMET*56CPR RIV 12,5+1000MG",25137.8,True,Candidate,parsed:single_value_assumed_unit,,1,1000.0,1000.0,1000MG
034562088,AMINOVEN*10FL 250ML 15%,24991.79,False,Unresolved,unresolved,other,,,,
047197013,MEKTOVI*84CPR RIV 15MG,24810.3,True,Validated,parsed:direct_strength,,84,15.0,1260.0,84CPR RIV 15MG
029236027,MEPICAIN*10F 2ML 2%,24808.12,True,Authoritative,aifa_ingredient_authoritative,,,,20.0,MEPIVACAINA CLORIDRATO 20milligrammi
040035065,LEVOFLOXACINA LIM*25FL 100ML,24771.61,False,Unresolved,unresolved,other,,,,
040541070,RILUZOLO AUR*56CPR RIV 50MG,24627.12,True,Validated,parsed:direct_strength,,56,50.0,2800.0,56CPR RIV 50MG
038237020,LITAK*SC 5FL 5ML 2MG/ML,24554.74,True,Validated,parsed:vol_conc,,5,10.0,50.0,5FL 5ML 2MG/ML
045257019,"TERROSA*1CAR 2,4ML 20MCG/80MCL",24536.03,False,Unresolved,unresolved,other,,,,
039056027,BERINERT*IV FL1500UI+FL3ML+SET,24513.72,False,Unresolved,unresolved,other,,,,
030942662,"SODIO CLORURO*0,9% 20SAC 500ML",24481.83,False,Unresolved,unresolved,other,,,,
044389017,"SEVELAMER SA*OS POLV60BUST2,4G",24221.67,True,Validated,parsed:direct_strength,,60,2400.0,144000.0,"60BUST2,4G"
028600094,LANSOX*14CPR ORODISP GASTR30MG,24161.71,True,Authoritative,aifa_ingredient_authoritative,,,,30.0,LANSOPRAZOLO 30milligrammi
035683059,"PEGASYS*SC SIR 0,5ML 135MCG+AG",24138.48,True,Candidate,parsed:single_value_assumed_unit,,1,0.135,0.135,135MCG
044500015,PRALUENT*SC 1PEN 75MG 1ML,24120.46,True,Validated,parsed:direct_strength,,1,75.0,75.0,1PEN 75MG
034091138,REBIF*SC 12PEN 6MUI 22MCG,24107.51,True,Candidate,parsed:single_value_assumed_unit,,1,0.022,0.022,22MCG
040646046,NETEKA*1F 40MG/20ML,24107.07,False,Unresolved,unresolved,other,,,,
037666029,"PIPERACILLINA TA TE*EV 4G+0,5G",24085.68,True,Candidate,parsed:single_value_assumed_unit,,1,4000.0,4000.0,4G
038348090,"MIRCERA*IV SC SIR 75MCG 0,3ML",24042.56,True,Candidate,parsed:single_value_assumed_unit,,1,0.075,0.075,75MCG
047070053,ENTECAVIR SUN*30CPR RIV 1MG,24025.89,True,Validated,parsed:direct_strength,,30,1.0,30.0,30CPR RIV 1MG
041180062,"ADOPORT*30CPS 0,5MG",24022.84,True,Validated,parsed:direct_strength,,30,0.5,15.0,"30CPS 0,5MG"
036694026,WILZIN*250CPS 50MG FL,23977.41,True,Validated,parsed:direct_strength,,250,50.0,12500.0,250CPS 50MG
043538026,BRONCHITOL*INAL 280CPS 40MG+2I,23952.79,True,Validated,parsed:direct_strength,,280,40.0,11200.0,280CPS 40MG
030676011,MAGNESIO SOLFATO*5F 1G 10ML,23928.81,True,Validated,parsed:direct_strength,,5,1000.0,5000.0,5F 1G
050537012,"PIPERACILLINA TA KA*1FL2+0,25G",23894.63,True,Candidate,parsed:single_value_assumed_unit,,1,250.0,250.0,"0,25G"
039134224,OSSIGENO*CRIOGEN 31LT MOBILE,23846.01,False,Unresolved,unresolved,oxygen_gas,,,,
043364088,"BEMFOLA*SC 5PEN 150UI/0,25ML+A",23821.95,False,Unresolved,unresolved,other,,,,
020698015,VISUMIDRIATIC FENIL*COLL 10ML,23784.62,False,Unresolved,unresolved,other,,,,
029236039,MEPICAIN*10F 10ML 2%,23741.21,True,Authoritative,aifa_ingredient_authoritative,,,,20.0,MEPIVACAINA CLORIDRATO 20milligrammi
038904292,OSSIGENO*COMPR 200BAR 5L VR TA,23712.0,False,Unresolved,unresolved,oxygen_gas,,,,
038033015,FLUDARABINA TEVA*EV 1F50MG 2ML,23670.9,True,Validated,parsed:direct_strength,,1,50.0,50.0,1F50MG
017932029,DEPOMEDROL*3FL 40MG 1ML,23577.02,True,Validated,parsed:direct_strength,,3,40.0,120.0,3FL 40MG
035712025,TRISENOX*EV 10FL 6ML 2MG/ML,23534.51,True,Validated,parsed:vol_conc,,10,12.0,120.0,10FL 6ML 2MG/ML
048910083,BYANNLI*IM 1SIR 1000MG RP+AGO,23481.78,True,Validated,parsed:direct_strength,,1,1000.0,1000.0,1SIR 1000MG
038672034,JANUMET*56CPR RIV 50MG+850MG,23465.2,True,Validated,parsed:direct_strength,,56,50.0,2800.0,56CPR RIV 50MG
030788032,CALCIO GLUCONATO*10F 1000MG10M,23465.18,True,Authoritative,aifa_ingredient_authoritative,,,,950.0,CALCIO GLUCONATO 950milligrammi
033866070,FANHDI*EV FL1500UI+SIR SOLV+S,23446.5,False,Unresolved,unresolved,other,,,,
049545015,EFMODY*50CPS 5MG RM FL,23427.23,True,Validated,parsed:direct_strength,,50,5.0,250.0,50CPS 5MG
021033028,REOMAX*IV F 50MG+F 20ML SOLV,23414.71,True,Authoritative,aifa_ingredient_authoritative,,,,50.0,ACIDO ETACRINICO SALE SODICO 50milligrammi
039132182,OSSIGENO*COMPR 200BAR 12x50LT,23371.69,False,Unresolved,unresolved,oxygen_gas,,,,
050290016,VEGZELMA*INF 1FL 4ML 25MG/ML,23278.02,True,Validated,parsed:vol_conc,,1,100.0,100.0,1FL 4ML 25MG/ML
034152025,MULTIHANCE*EV 1F 10ML,23274.25,False,Unresolved,unresolved,other,,,,
015896018,MUSCORIL*IM 6F 4MG 2ML,23268.3,True,Validated,parsed:direct_strength,,6,4.0,24.0,6F 4MG
052000039,YESINTEK*SC 1SIR 90MG 1ML,23265.45,True,Validated,parsed:direct_strength,,1,90.0,90.0,1SIR 90MG
025266178,IG VENA*EV 1FL 200ML 50G/L+SET,23191.67,False,Unresolved,unresolved,other,,,,
021110135,RIFADIN*EV 1F 600MG+F 10ML,23183.66,True,Validated,parsed:direct_strength,,1,600.0,600.0,1F 600MG
034164069,CITARABINA HIK*1F 2G/20ML,23156.42,False,Unresolved,unresolved,other,,,,
047674054,DEFERASIROX ZEN*30CPR RIV360MG,23049.77,True,Validated,parsed:direct_strength,,30,360.0,10800.0,30CPR RIV360MG
037025246,"PRIMOVIST*1SIR10ML 0,25MMOL/ML",23017.5,False,Unresolved,unresolved,other,,,,
046925018,AIMOVIG*SC 1PEN 70MG 1ML,22930.37,True,Validated,parsed:direct_strength,,1,70.0,70.0,1PEN 70MG
020702282,"MAALOX*OS SOSP 250ML 4+3,5% ME",22918.39,False,Unresolved,unresolved,other,,,,
044078032,GEMCITABINA AURO*INF FL 2G,22840.82,True,Candidate,parsed:single_value_assumed_unit,,1,2000.0,2000.0,2G
037406257,CIPROFLOXACINA KABI*10FL 200MG,22781.32,True,Validated,parsed:direct_strength,,10,200.0,2000.0,10FL 200MG
037092069,RISPERIDONE TE*60CPR RIV 1MG,22774.61,True,Validated,parsed:direct_strength,,60,1.0,60.0,60CPR RIV 1MG
029610108,METADONE CLOR MOL*OS 5MG/ML10M,22771.34,False,Unresolved,unresolved,other,,,,
024022170,ARTROSILENE*6F 2ML 160MG/2ML,22722.08,False,Unresolved,unresolved,other,,,,
048442014,ISTURISA*60CPR RIV 1MG,22600.17,True,Validated,parsed:direct_strength,,60,1.0,60.0,60CPR RIV 1MG
043187107,BRINTELLIX*28CPR RIV 10MG,22586.62,True,Validated,parsed:direct_strength,,28,10.0,280.0,28CPR RIV 10MG
009324029,"NOVESINA*30FL 0,5ML 4MG/ML",22501.83,True,Validated,parsed:vol_conc,,30,2.0,60.0,"30FL 0,5ML 4MG/ML"
049442015,"ONTOZRY*14CPR 25MG+14CPR 12,5",22307.05,True,Validated,parsed:direct_strength,,14,25.0,350.0,14CPR 25MG
032813115,POVIDERM*10% 48FL 100ML,22306.42,False,Unresolved,unresolved,other,,,,
045983018,CAPAXYL*8SACCHE 1500ML,22273.92,False,Unresolved,unresolved,other,,,,
018259034,URBASON SOL*IM EV 40MG+1F 1ML,22185.37,True,Candidate,parsed:single_value_assumed_unit,,1,40.0,40.0,40MG
041106028,DACARBAZINA LIPOMED*10FL 200MG,22119.21,True,Validated,parsed:direct_strength,,10,200.0,2000.0,10FL 200MG
043051212,VIPIDIA*28CPR RIV 25MG,22087.17,True,Validated,parsed:direct_strength,,28,25.0,700.0,28CPR RIV 25MG
042203051,"JENTADUETO*56CPR RIV2,5+850MG",22038.48,True,Candidate,parsed:single_value_assumed_unit,,1,850.0,850.0,850MG
045928090,"JORVEZA*90CPR ORODISP 0,5MG",22006.75,True,Validated,parsed:direct_strength,,90,0.5,45.0,"90CPR ORODISP 0,5MG"
048984037,KAFTRIO*28BUST GRAT 60+40+80MG,21933.0,True,Candidate,parsed:single_value_assumed_unit,,1,80.0,80.0,80MG
049757026,CIFOBAN*INFUS 8SA 136MMOL/L SA,21833.28,False,Unresolved,unresolved,other,,,,
045491014,"KEVZARA*SC 2SIR 1,14ML 150MG",21768.57,True,Candidate,parsed:single_value_assumed_unit,,1,150.0,150.0,150MG
045488020,REFIXIA*EV 1FL 1000UI+SIR4ML+S,21705.96,False,Unresolved,unresolved,other,,,,
022395026,BLEOPRIM*INIET 1FL 15MG,21700.62,True,Authoritative,aifa_ingredient_authoritative,,,,15.0,BLEOMICINA SOLFATO 15milligrammi
040928044,GEMCITABINA ACC*INF CONC FL 2G,21681.22,True,Candidate,parsed:single_value_assumed_unit,,1,2000.0,2000.0,2G
043616010,BUSULFAN FK*INF 8FL 10ML6MG/ML,21662.07,True,Validated,parsed:vol_conc,,8,60.0,480.0,8FL 10ML6MG/ML
030912099,ELETTROL BIL MANT GLU II*20FL,21606.27,False,Unresolved,unresolved,other,,,,
045865223,TACFORIUS*30CPS 5MG RP,21518.64,True,Validated,parsed:direct_strength,,30,5.0,150.0,30CPS 5MG
038922011,KUVAN*30CPR SOLUB 100MG,21405.76,True,Validated,parsed:direct_strength,,30,100.0,3000.0,30CPR SOLUB 100MG
035694025,PLUSFLEX*5SACCHE 2000ML,21367.5,False,Unresolved,unresolved,other,,,,
036967077,"ELIGARD*SC SIR+SIR 7,5MG+KIT",21340.72,True,Candidate,parsed:single_value_assumed_unit,,1,7.5,7.5,"7,5MG"
036582207,"ABILIFY*IM FL 1,3ML 7,5MG/ML",21238.78,True,Candidate,parsed:implied_unit_vol_conc,,1,9.75,9.75,"FL 1,3ML 7,5MG/ML"
045705023,"ANAGRELIDE TEVA*100CPS 0,5MG F",21208.87,True,Validated,parsed:direct_strength,,100,0.5,50.0,"100CPS 0,5MG"
037028026,EDEVEN CM*GEL TUBO 40G 2%+5%,21206.56,True,Candidate,parsed:single_value_assumed_unit,,1,40000.0,40000.0,40G
038256083,DIACOMIT*OS SOSP 60BUST 250MG,21174.8,True,Validated,parsed:direct_strength,,60,250.0,15000.0,60BUST 250MG
039232020,FIRMAGON*INIET 2FL 120MG+2SIR,21154.2,True,Validated,parsed:direct_strength,,2,120.0,240.0,2FL 120MG
035867035,"FIDATO*IM 1FL 1G+1F 3,5ML",21149.04,True,Validated,parsed:direct_strength,,1,1000.0,1000.0,1FL 1G
029872431,SODIO BICARB*10F 10ML 1MEQ/ML,21101.96,False,Unresolved,unresolved,other,,,,
044318018,EVOTAZ*30CPR RIV 300+150MG FL,21091.32,True,Candidate,parsed:single_value_assumed_unit,,1,150.0,150.0,150MG
035699026,"EQUIBALANCE*1,5% 2000ML 4SACCH",21064.16,False,Unresolved,unresolved,other,,,,
024515076,DICLOREUM*INIET 6F 75MG 3ML,21010.11,True,Validated,parsed:direct_strength,,6,75.0,450.0,6F 75MG
044996041,ENTECAVIR KA*30CPR RIV 1MG,21006.99,True,Validated,parsed:direct_strength,,30,1.0,30.0,30CPR RIV 1MG
048245029,CAFFEINA CITR MON*10F 20MG/ML,20999.33,False,Unresolved,unresolved,other,,,,
035325012,MIDAZOLAM HAM*5F 1ML 5MG/ML,20985.15,True,Validated,parsed:vol_conc,,5,5.0,25.0,5F 1ML 5MG/ML
025306022,SANDIMMUN*INF 10F 5ML 50MG/ML,20944.87,True,Validated,parsed:vol_conc,,10,250.0,2500.0,10F 5ML 50MG/ML
045490149,REAGILA*30CPS 3MG,20924.57,True,Validated,parsed:direct_strength,,30,3.0,90.0,30CPS 3MG
044273011,AZYLUNG*EV 1FL 500MG POLV,20885.56,True,Validated,parsed:direct_strength,,1,500.0,500.0,1FL 500MG
035947035,RABIPUR*1FL POLV+1SIR 1ML,20862.04,False,Unresolved,unresolved,other,,,,
031377031,ELETTROL EQUIL PED FKI*250ML,20787.57,False,Unresolved,unresolved,other,,,,
028282248,IOMERON 350*IV FL 100ML,20767.01,False,Unresolved,unresolved,other,,,,
030211039,GENTAMICINA SOLFATO*3F 80MG/2M,20735.37,False,Unresolved,unresolved,other,,,,
047496017,"ILOPROST TE*INF 1F 50MCG/0,5ML",20727.43,False,Unresolved,unresolved,other,,,,
044784015,CASPOFUNGIN MY*FL POLV 50MG,20692.0,True,Candidate,parsed:single_value_assumed_unit,,1,50.0,50.0,50MG
044703015,ARMISARTE*1FL EV 4ML 25MG/ML,20619.36,True,Validated,parsed:vol_conc,,1,100.0,100.0,1FL EV 4ML 25MG/ML
034562025,AMINOVEN*10FL 500ML 5%,20611.95,False,Unresolved,unresolved,other,,,,
003785033,DOBETIN*SC IM 5F 1000MCG 1ML,20571.74,True,Validated,parsed:direct_strength,,5,1.0,5.0,5F 1000MCG
019163017,CICLOLUX*COLL FL 3ML 10MG/ML,20570.99,True,Candidate,parsed:implied_unit_vol_conc,,1,30.0,30.0,FL 3ML 10MG/ML
042203190,"JENTADUETO*56CPR RIV2,5+1000MG",20525.92,True,Candidate,parsed:single_value_assumed_unit,,1,1000.0,1000.0,1000MG
037353036,PIPERACILLINA TA KA*10FL2G+250,20517.49,True,Validated,parsed:direct_strength,,10,2000.0,20000.0,10FL2G
022991057,"BRONCOVALEAS*NEBUL 15ML 0,5%",20503.96,False,Unresolved,unresolved,other,,,,
048940100,SITAGLIPTIN MY*28CPR 100MG,20491.24,True,Validated,parsed:direct_strength,,28,100.0,2800.0,28CPR 100MG
042860015,LIDODEPOMEDROL*FL 1ML 40+10MG,20467.89,True,Candidate,parsed:single_value_assumed_unit,,1,10.0,10.0,10MG
031090588,SODIO BICARB*10F 10MEQ 10ML,20411.8,False,Unresolved,unresolved,other,,,,
040949087,"GILENYA*28CPS 0,25MG",20390.45,True,Validated,parsed:direct_strength,,28,0.25,7.0,"28CPS 0,25MG"
039576095,ARIA NIPPON GAS*200BAR 50LT VI,20302.54,False,Unresolved,unresolved,other,,,,
038672109,JANUMET*56CPR RIV 50MG+1000MG,20288.2,True,Validated,parsed:direct_strength,,56,50.0,2800.0,56CPR RIV 50MG
035473026,"FASTURTEC*EV 1F 7,5MG+1F 5ML",20188.12,True,Validated,parsed:direct_strength,,1,7.5,7.5,"1F 7,5MG"
037797014,CYSTADANE*OS 1FL 180G+3CUCCH,20146.01,True,Validated,parsed:direct_strength,,1,180000.0,180000.0,1FL 180G
030918306,ELETTROL REID III*20SACC 500ML,20092.76,False,Unresolved,unresolved,other,,,,
036204016,DIAZEPAM MY*OS GTT 20ML 5MG/ML,20073.65,True,Candidate,parsed:implied_unit_vol_conc,,1,100.0,100.0,GTT 20ML 5MG/ML
050880018,TYENNE*EV 1FL 4ML 20MG/ML,20072.36,True,Validated,parsed:vol_conc,,1,80.0,80.0,1FL 4ML 20MG/ML
041180466,ADOPORT*30CPS 2MG,20015.12,True,Validated,parsed:direct_strength,,30,2.0,60.0,30CPS 2MG
039002074,NPLATE*FL 500MCG POLV+SOLV,19990.32,True,Candidate,parsed:single_value_assumed_unit,,1,0.5,0.5,500MCG
043041021,PROCYSBI*250CPS 75MG FL,19967.2,True,Validated,parsed:direct_strength,,250,75.0,18750.0,250CPS 75MG
036644019,KIVEXA*30CPR RIV 600MG+300MG,19941.61,True,Validated,parsed:direct_strength,,30,600.0,18000.0,30CPR RIV 600MG
026738183,SELEPARINA*6SIR 2850UI+DISP,19914.12,False,Unresolved,unresolved,other,,,,
030906453,ACQUA PI*20SACCHE VIAFLO 500ML,19893.34,False,Unresolved,unresolved,other,,,,
041106030,DACARBAZINA LIPOMED*1FL 500MG,19740.8,True,Validated,parsed:direct_strength,,1,500.0,500.0,1FL 500MG
040844021,IMIPENEM CILAST HIK*10F500+500,19727.98,False,Unresolved,unresolved,other,,,,
022483111,DEPAKIN CHRONO*30CPR 500MG RP,19629.66,True,Validated,parsed:direct_strength,,30,500.0,15000.0,30CPR 500MG
048551117,OSSIGENO*COMPR 200BAR 5LT UNI,19618.56,False,Unresolved,unresolved,oxygen_gas,,,,
035068042,TAXIME*EV 1FL 2G+F10ML 2G/10ML,19605.52,True,Validated,parsed:direct_strength,,1,2000.0,2000.0,1FL 2G
022088052,"TANTUM VERDE*COLLUT 120ML0,15%",19501.25,True,Authoritative,aifa_ingredient_authoritative,,,,200.0,BENZIDAMINA CLORIDRATO 0.2grammi
044703039,ARMISARTE*1FL EV 40ML 25MG/ML,19459.0,True,Validated,parsed:vol_conc,,1,1000.0,1000.0,1FL EV 40ML 25MG/ML
045685029,MIGLUSTAT ACC*84CPS 100MG,19404.0,True,Validated,parsed:direct_strength,,84,100.0,8400.0,84CPS 100MG
034405011,ALDARA*CREMA 5% 12BUST 250MG,19355.1,True,Validated,parsed:direct_strength,,12,250.0,3000.0,12BUST 250MG
044315012,LIXIANA*10CPR RIV 15MG,19292.84,True,Validated,parsed:direct_strength,,10,15.0,150.0,10CPR RIV 15MG
036918023,POTASSIO ASP PH*10F 10ML 3MEQ/,19289.13,False,Unresolved,unresolved,other,,,,
027015268,"EPREX*1SIR 8000UI 0,8ML",19259.79,False,Unresolved,unresolved,other,,,,
026966034,"CLEXANE*6SIR 2000UI 0,2ML",19244.89,False,Unresolved,unresolved,other,,,,
008783110,ESAFOSFINA*EV 1FL 5G+1FL 50ML,19241.48,True,Validated,parsed:direct_strength,,1,5000.0,5000.0,1FL 5G
050222025,YSELTY*28CPR RIV 200MG,19192.2,True,Validated,parsed:direct_strength,,28,200.0,5600.0,28CPR RIV 200MG
031981044,PANTORC*14CPR GASTR 20MG,19168.34,True,Validated,parsed:direct_strength,,14,20.0,280.0,14CPR GASTR 20MG
047626027,RIZMOIC*28CPR RIV 200MCG,19141.24,True,Validated,parsed:direct_strength,,28,0.2,5.6,28CPR RIV 200MCG
024036042,LENTOKALIUM*40CPS 600MG,19061.9,True,Authoritative,aifa_ingredient_authoritative,,,,600.0,POTASSIO CLORURO 600milligrammi
032776027,CARBOPLATINO PFI*EV 150MG 15ML,19037.08,True,Candidate,parsed:single_value_assumed_unit,,1,150.0,150.0,150MG
042776094,MEMANTINA MY*56CPR RIV 10MG,19034.08,True,Validated,parsed:direct_strength,,56,10.0,560.0,56CPR RIV 10MG
025369051,NICETILE*20BUST 500MG,18997.61,True,Validated,parsed:direct_strength,,20,500.0,10000.0,20BUST 500MG
046106011,HERZUMA*EV 1FL 150MG,18988.3,True,Validated,parsed:direct_strength,,1,150.0,150.0,1FL 150MG
032167482,CLINIMIX N17G35E*6SAC 750+750,18972.2,False,Unresolved,unresolved,other,,,,
050079019,ORGOVYX*30CPR RIV 120MG FL,18955.87,True,Validated,parsed:direct_strength,,30,120.0,3600.0,30CPR RIV 120MG
043465020,NORADRENALINA AGU*10FL 25MG,18949.36,True,Validated,parsed:direct_strength,,10,25.0,250.0,10FL 25MG
037807029,PACLITAXEL SAN*EV 100MG 6MG/ML,18940.21,True,Candidate,parsed:single_value_assumed_unit,,1,100.0,100.0,100MG
034416014,FLUORESCEINA SODICA MON*IV 10F,18930.53,False,Unresolved,unresolved,other,,,,
035698164,"BALANCE*1,5% 5000ML 2SACCHE",18903.65,False,Unresolved,unresolved,other,,,,
051802015,"IMULDOSA*SC 1SIR 0,5ML 45MG",18848.38,True,Candidate,parsed:single_value_assumed_unit,,1,45.0,45.0,45MG
041800020,ATKED*FL 1000UI+FL 20ML+SET,18848.22,False,Unresolved,unresolved,other,,,,
050867011,TERIFLUNOMIDE VIAT*28CPR 14MG,18764.51,True,Validated,parsed:direct_strength,,28,14.0,392.0,28CPR 14MG
035642026,"NITROGLICERINA LIM*10F 5MG/1,5",18731.71,False,Unresolved,unresolved,other,,,,
038352124,BICALUTAMIDE TEVA*28CPR RIV150,18730.14,False,Unresolved,unresolved,other,,,,
049928017,VINORELBINA MEDAC*1CPS 20MG,18698.16,True,Validated,parsed:direct_strength,,1,20.0,20.0,1CPS 20MG
019499072,"SOLDESAM*OS GTT 10ML 0,2%",18694.12,False,Unresolved,unresolved,other,,,,
035606173,"ARIXTRA*SC 10SIR 10MG 0,8ML",18671.99,True,Validated,parsed:direct_strength,,10,10.0,100.0,10SIR 10MG
006979037,BUSCOPAN*IM IV 6F 1ML 20MG,18664.66,True,Candidate,parsed:single_value_assumed_unit,,1,20.0,20.0,20MG
047411018,ALITRECARE*30CPS MOLLI 10MG,18639.37,True,Validated,parsed:direct_strength,,30,10.0,300.0,30CPS MOLLI 10MG
041759010,"CLEVIPREX*10FL 50ML 0,5MG/ML",18585.6,True,Validated,parsed:vol_conc,,10,25.0,250.0,"10FL 50ML 0,5MG/ML"
039186325,QUETIAPINA AUR*60CPR RIV 100MG,18515.42,True,Validated,parsed:direct_strength,,60,100.0,6000.0,60CPR RIV 100MG
030784021,METILTIONINIO*5F 10ML 100MG,18496.07,True,Authoritative,aifa_ingredient_authoritative,,,,100.0,BLU DI METILENE 100milligrammi
050997067,"VUEWAY*EV 1FL 15ML 0,5MMOL/ML",18480.0,False,Unresolved,unresolved,other,,,,
051303360,NILOTINIB TEVA*112CPS 200MG,18472.25,True,Validated,parsed:direct_strength,,112,200.0,22400.0,112CPS 200MG
030942686,"SODIO CLORURO*0,9% 6SAC 2000ML",18452.69,False,Unresolved,unresolved,other,,,,
030697054,POTASSIO CLOR SALF*5F 20MEQ10M,18433.66,False,Unresolved,unresolved,other,,,,
026458012,TARGOSID*IM IV OS 200MG+F 3ML,18418.76,True,Authoritative,aifa_ingredient_authoritative,,,,200.0,TEICOPLANINA 200milligrammi
036166066,MULTIBIC*2SAC 5000ML C/K 2MMOL,18354.96,False,Unresolved,unresolved,other,,,,
045935032,IRINTO*EV FL 15ML 20MG/ML,18337.54,True,Candidate,parsed:implied_unit_vol_conc,,1,300.0,300.0,FL 15ML 20MG/ML
024515114,DICLOREUM*20CPS 150MG RP,18318.64,True,Authoritative,aifa_ingredient_authoritative,,,,150.0,DICLOFENAC SODICO 150milligrammi
040135028,URASAP*EV 5F 10ML 50MG/10ML,18298.67,False,Unresolved,unresolved,other,,,,
024425100,IOPAMIRO 300*FL 100ML,18256.88,False,Unresolved,unresolved,other,,,,
019499084,SOLDESAM*EV IM 3F 8MG/2ML,18237.11,False,Unresolved,unresolved,other,,,,
040432027,LEVETIRACETAM TE*EV 10FL 5ML,18195.17,False,Unresolved,unresolved,other,,,,
029838024,VESANOID*100CPS 10MG MOLLI FL,18163.38,True,Validated,parsed:direct_strength,,100,10.0,1000.0,100CPS 10MG
037192010,SUTENT*30CPS 25MG,18049.05,True,Validated,parsed:direct_strength,,30,25.0,750.0,30CPS 25MG
040651010,COLFINAIR*NEBUL 56MONOD 1MUI,18036.48,False,Unresolved,unresolved,other,,,,
036591055,CEFTAZIDIMA KABI*EV 1FL 2G,18029.53,True,Validated,parsed:direct_strength,,1,2000.0,2000.0,1FL 2G
030942698,"SODIO CLORURO*0,9% 4SAC 3000ML",18016.6,False,Unresolved,unresolved,other,,,,
038085041,PERGOVERIS*SC 1PEN 300UI+150UI,17994.57,False,Unresolved,unresolved,other,,,,
038904951,OSSIGENO*COMPR 200BAR 5L AL VA,17971.2,False,Unresolved,unresolved,oxygen_gas,,,,
041711019,EVIPLERA*30CPR 200+25+245MG FL,17963.41,True,Candidate,parsed:single_value_assumed_unit,,1,245.0,245.0,245MG
040158077,"NIVESTIM*SC EV 1SIR 48MU 0,5ML",17941.37,False,Unresolved,unresolved,other,,,,
043045057,"VIPDOMET*56CPR RIV 12,5+850MG",17934.65,True,Candidate,parsed:single_value_assumed_unit,,1,850.0,850.0,850MG
048404014,QUOFENIX*EV 10FL 300MG,17911.63,True,Validated,parsed:direct_strength,,10,300.0,3000.0,10FL 300MG
027248032,BREVIBLOC*INF 250ML 10MG/ML,17903.43,False,Unresolved,unresolved,other,,,,
045219019,TENOFOVIR DISOPROXIL VI*30CPR,17902.36,False,Unresolved,unresolved,other,,,,
039025022,CAPSION*1CPS 380-3700MBQ,17838.15,False,Unresolved,unresolved,other,,,,
044380020,"FIBRICLOTTE*INIET INFUS FL1,5G",17820.0,True,Candidate,parsed:single_value_assumed_unit,,1,1500.0,1500.0,"1,5G"
045451034,"ERELZI*4SIR SC 25MG 0,5ML",17805.74,True,Validated,parsed:direct_strength,,4,25.0,100.0,4SIR SC 25MG
036289039,SCABIANIL*CREMA 60G 5%,17727.41,True,Candidate,parsed:single_value_assumed_unit,,1,60000.0,60000.0,60G
040510152,QUETIAPINA TE*30CPR RIV 25MG,17719.83,True,Validated,parsed:direct_strength,,30,25.0,750.0,30CPR RIV 25MG
043368012,"HEMANGIOL*OS FL 120ML3,75MG/ML",17709.77,True,Candidate,parsed:implied_unit_vol_conc,,1,450.0,450.0,"FL 120ML3,75MG/ML"
049360047,LENALIDOMIDE GRIN*21CPS 5MG,17705.71,True,Validated,parsed:direct_strength,,21,5.0,105.0,21CPS 5MG
043349099,RAPIVA*INFUS 10FL 50ML 20MG/ML,17651.52,True,Validated,parsed:vol_conc,,10,1000.0,10000.0,10FL 50ML 20MG/ML
043426028,BUSETTE*4CER TRANSD 5MCG/H,17643.2,False,Unresolved,unresolved,other,,,,
034611018,ALBUMINA GRIF*EV 50ML 200G/L,17641.8,False,Unresolved,unresolved,other,,,,
036585026,EMTRIVA*30CPS 200MG FL,17526.23,True,Validated,parsed:direct_strength,,30,200.0,6000.0,30CPS 200MG
037752019,SAVENE*EV 10FL 500MG+3FL SOLV,17480.0,True,Validated,parsed:direct_strength,,10,500.0,5000.0,10FL 500MG
041157013,HIZENTRA*SC 1FL 5ML 200MG/ML,17479.0,True,Validated,parsed:vol_conc,,1,1000.0,1000.0,1FL 5ML 200MG/ML
045493018,SKILARENCE*42CPR GASTR 30MG,17383.27,True,Validated,parsed:direct_strength,,42,30.0,1260.0,42CPR GASTR 30MG
032159016,"LACRIMART*COLL 10ML 0,01%+0,15",17319.85,False,Unresolved,unresolved,other,,,,
035609066,TRACLEER*56CPR DISP 32MG,17293.7,True,Validated,parsed:direct_strength,,56,32.0,1792.0,56CPR DISP 32MG
050995048,ELUCIREM*EV 1FL 10ML,17292.0,False,Unresolved,unresolved,other,,,,
040503029,REMIFENTANIL MY*INFUS 5FL 1MG,17291.21,True,Validated,parsed:direct_strength,,5,1.0,5.0,5FL 1MG
043519089,"KALYDECO*OS GRAT 28BUST 59,5MG",17243.16,True,Validated,parsed:direct_strength,,28,59.5,1666.0,"28BUST 59,5MG"
049929084,SITAGLIPTIN MET MY*50+1000MG,17191.76,True,Candidate,parsed:single_value_assumed_unit,,1,1000.0,1000.0,1000MG
043490162,OMEPRAZOLO MY*28CPS GASTR 20MG,17188.23,True,Validated,parsed:direct_strength,,28,20.0,560.0,28CPS GASTR 20MG
033637190,HUMALOG*KWIKPEN 100U/ML BORDEA,17166.44,False,Unresolved,unresolved,other,,,,
049829017,"TRABECTEDINA TEVA*EV 1FL0,25MG",17157.17,True,Validated,parsed:direct_strength,,1,0.25,0.25,"1FL0,25MG"
045690070,ZEJULA*84CPR RIV 100MG,17144.09,True,Validated,parsed:direct_strength,,84,100.0,8400.0,84CPR RIV 100MG
044039028,ENOXAPARINA ROVI*6SIR 2000UI,17104.72,False,Unresolved,unresolved,other,,,,
035691738,"ARANESP*SC EV 1SIR 150MCG 0,3M",17060.97,True,Validated,parsed:direct_strength,,1,0.15,0.15,1SIR 150MCG
041140017,LAMIVUDINA TEVA*28CPR RIV100MG,17060.52,True,Validated,parsed:direct_strength,,28,100.0,2800.0,28CPR RIV100MG
031943917,GLUCOSIO FKI*5% 40FL 100ML,17058.53,False,Unresolved,unresolved,other,,,,
039603117,ARIA SOL*200BAR 12X50LT,16998.87,False,Unresolved,unresolved,other,,,,
045790019,TRELEGY ELL*14D 92+55+22MCG,16932.76,True,Candidate,parsed:single_value_assumed_unit,,1,0.022,0.022,22MCG
044331015,CEFIXIMA AUR*5CPR RIV 400MG,16923.99,True,Validated,parsed:direct_strength,,5,400.0,2000.0,5CPR RIV 400MG
034330047,ANBINEX*FL 1000UI+SIR 20ML+SET,16903.2,False,Unresolved,unresolved,other,,,,
040102105,FLUCONAZOLO KABI*10FL 100ML,16781.61,False,Unresolved,unresolved,other,,,,
045650013,VIVOTIF*3CPS GASTR 2000MLN,16778.85,False,Unresolved,unresolved,other,,,,
043429024,NEVIRAPINA MY*30CPR 400MG RP,16698.0,True,Validated,parsed:direct_strength,,30,400.0,12000.0,30CPR 400MG
051749012,"AFQLIR*SIR OFT 40MG/ML 0,165ML",16646.69,False,Unresolved,unresolved,other,,,,
008194033,VIT C SALF*IM EV 5F 1000MG 5ML,16641.65,True,Validated,parsed:direct_strength,,5,1000.0,5000.0,5F 1000MG
036624094,AMPICILLINA SUL IBI*10FL 2G+1G,16618.28,True,Validated,parsed:direct_strength,,10,2000.0,20000.0,10FL 2G
021925060,PROCTOLYN*CR RETT 30G,16592.2,True,Candidate,parsed:single_value_assumed_unit,,1,30000.0,30000.0,30G
036537013,GENTAMICINA BETAM MY*CR 30G,16529.8,True,Candidate,parsed:single_value_assumed_unit,,1,30000.0,30000.0,30G
039132143,OSSIGENO*COMPR 200BAR 5LT VAL,16516.62,False,Unresolved,unresolved,oxygen_gas,,,,
025312024,UROMITEXAN*EV 15F 4ML 400MG/4M,16504.1,False,Unresolved,unresolved,other,,,,
041334020,TOBI PODHALER*224CPS 28MG+5INA,16498.11,True,Validated,parsed:direct_strength,,224,28.0,6272.0,224CPS 28MG
033003017,ULTIVA*IV 5FL 1MG,16433.83,True,Validated,parsed:direct_strength,,5,1.0,5.0,5FL 1MG
021409418,MARCAINA*IPERBAR 5F 4ML 5MG/ML,16378.81,True,Validated,parsed:vol_conc,,5,20.0,100.0,5F 4ML 5MG/ML
038107037,OXALIPLATINO TEVA*EV100MG 20ML,16376.39,True,Candidate,parsed:single_value_assumed_unit,,1,100.0,100.0,100MG
043527035,"PLEGRIDY*SC 2SIR 125MCG 0,5ML",16372.21,True,Validated,parsed:direct_strength,,2,0.125,0.25,2SIR 125MCG
045104039,"INHIXA*2SIR 4000UI 0,4ML",16365.12,False,Unresolved,unresolved,other,,,,
003671106,"DIFTETALL*INIET 1SIR 0,5ML",16340.5,False,Unresolved,unresolved,other,,,,
029189053,TPH*EV 30FL 250ML,16337.77,False,Unresolved,unresolved,other,,,,
040637011,TAIOFTAL*1FL 80MG/ML 1ML,16328.87,False,Unresolved,unresolved,other,,,,
048918080,PIQRAY*28CPR RIV 200MG,16292.21,True,Validated,parsed:direct_strength,,28,200.0,5600.0,28CPR RIV 200MG
038549010,VINCRISTINA TEVA*EV 1ML 1MG/ML,16212.41,False,Unresolved,unresolved,other,,,,
044204042,"BOSENTAN TEVA*56CPR RIV 62,5MG",16206.12,True,Validated,parsed:direct_strength,,56,62.5,3500.0,"56CPR RIV 62,5MG"
036373227,"CERTICAN*60CPR DISPERS 0,25MG",16182.78,True,Validated,parsed:direct_strength,,60,0.25,15.0,"60CPR DISPERS 0,25MG"
047418025,"JIVI*EV FL 500UI+SIR 2,5ML",16166.61,False,Unresolved,unresolved,other,,,,
040409031,"CHLORAPREP COLOR*10,5ML 25APPL",16153.5,False,Unresolved,unresolved,other,,,,
042492013,TIROFIBAN IB*1SA250ML 50MCG/ML,16122.97,False,Unresolved,unresolved,other,,,,
033403015,APOFIN*INFUS SC5F 5ML 50MG/5ML,16110.57,False,Unresolved,unresolved,other,,,,
050232026,"SUNLENCA*SC 309MG/ML 1,5ML 2FL",16060.31,False,Unresolved,unresolved,other,,,,
044974121,PARACETAMOLO AUR*16CPR 1000MG,16056.8,True,Validated,parsed:direct_strength,,16,1000.0,16000.0,16CPR 1000MG
035715046,"SODIO CLORURO 0,9%*20SAC 500ML",15998.28,False,Unresolved,unresolved,other,,,,
029719061,SODIO FOSFATO ALFA*RETT20FL120,15988.65,False,Unresolved,unresolved,other,,,,
045595028,CEFTRIAXONE QILU*IM EV 10FL 1G,15988.37,True,Validated,parsed:direct_strength,,10,1000.0,10000.0,10FL 1G
016805095,SERENASE*OS GTT 15ML 2MG/ML,15975.55,True,Candidate,parsed:implied_unit_vol_conc,,1,30.0,30.0,GTT 15ML 2MG/ML
040254029,"TACNI*30CPS 0,5MG",15935.56,True,Validated,parsed:direct_strength,,30,0.5,15.0,"30CPS 0,5MG"
039644012,ZUTECTRA*SC 5SIR 1ML 500UI,15883.14,False,Unresolved,unresolved,other,,,,
043694037,VALGANCICLOVIR SAN*60CPR 450MG,15862.0,True,Validated,parsed:direct_strength,,60,450.0,27000.0,60CPR 450MG
045053067,IMATINIB DR*120CPS 100MG,15822.67,True,Validated,parsed:direct_strength,,120,100.0,12000.0,120CPS 100MG
028853063,CONTRAMAL*INIET 5F 100MG 2ML,15781.22,True,Validated,parsed:direct_strength,,5,100.0,500.0,5F 100MG
050995024,"ELUCIREM*EV 1FL 7,5ML",15774.0,False,Unresolved,unresolved,other,,,,
023593078,EN*OS GTT FL 20ML 1MG/ML,15765.45,True,Candidate,parsed:implied_unit_vol_conc,,1,20.0,20.0,GTT FL 20ML 1MG/ML
036587020,ALIMTA*1FL POLV 100MG,15749.56,True,Validated,parsed:direct_strength,,1,100.0,100.0,1FL POLV 100MG
039576069,ARIA NIPPON GAS*200BAR 16X50LT,15724.45,False,Unresolved,unresolved,other,,,,
039290061,AZOTO PROTOSS*BOMB LIQ 30KG,15717.89,False,Unresolved,unresolved,other,,,,
048974099,LENALIDOMIDE PIR*21CPS 25MG,15694.99,True,Validated,parsed:direct_strength,,21,25.0,525.0,21CPS 25MG
040594018,CELSIOR*4SACCHE 1LT,15660.7,False,Unresolved,unresolved,other,,,,
043305061,ACIDO MICOFENOLICO AC*50CPR360,15540.0,False,Unresolved,unresolved,other,,,,
049322023,URAPIDIL KAL*EV 5F 50MG 10ML,15532.41,True,Validated,parsed:direct_strength,,5,50.0,250.0,5F 50MG
047494188,"INNOHEP*10SIR 12000UI/0,6ML",15469.95,False,Unresolved,unresolved,other,,,,
035575036,"PROTOPIC*UNG 0,1% 30G",15465.47,True,Validated,parsed:pct_weight,,1,30.0,30.0,"0,1% 30G"
039110111,OSSIGENO*CRIOGEN 31LT MOBILE,15444.87,False,Unresolved,unresolved,oxygen_gas,,,,
049452030,ABEVMY*INF 1FL 16ML 25MG/ML,15426.31,True,Validated,parsed:vol_conc,,1,400.0,400.0,1FL 16ML 25MG/ML
036825077,STALEVO*100CPR 100+25+200MG,15400.65,True,Candidate,parsed:single_value_assumed_unit,,1,200.0,200.0,200MG
042644183,IMATINIB TEVA*30CPR 400MG,15395.4,True,Validated,parsed:direct_strength,,30,400.0,12000.0,30CPR 400MG
050080035,VYDURA*16LIOF 75MG,15388.88,True,Candidate,parsed:single_value_assumed_unit,,1,75.0,75.0,75MG
046616140,PALIPERIDONE SAN*28CPR 9MG RP,15385.04,True,Validated,parsed:direct_strength,,28,9.0,252.0,28CPR 9MG
026544054,METOTRESSATO TEVA*FL 5G 50ML,15333.12,True,Authoritative,aifa_ingredient_authoritative,,,,5000.0,METOTREXATO 5grammi
035498169,"BICAVERA*1,5% GLU 5000ML 2SACC",15331.68,False,Unresolved,unresolved,other,,,,
024459137,AMICASIL*IM EV 10F 500MG/2ML,15317.43,False,Unresolved,unresolved,other,,,,
044013011,IKERVIS*30FL MONOD COLL 1MG/ML,15274.71,False,Unresolved,unresolved,other,,,,
045676133,"DUPIXENT*SC 1PEN 200MG 1,14ML",15268.04,True,Validated,parsed:direct_strength,,1,200.0,200.0,1PEN 200MG
051670026,"VAXIGRIP*10SIR 0,5ML+AGO 25-26",15195.18,False,Unresolved,unresolved,other,,,,
040278057,GEMSOL*INF 1FL 2G 50ML 40MG/ML,15157.5,True,Validated,parsed:direct_strength,,1,2000.0,2000.0,1FL 2G
026270090,"FLUXUM*SC 6SIR 0,6ML 6400UIAXA",15145.36,False,Unresolved,unresolved,other,,,,
045104104,INHIXA*10SIR 10000UI 1ML,15129.15,False,Unresolved,unresolved,other,,,,
044998019,CASPOFUNGIN HIK*EV FL 50MG,15125.0,True,Candidate,parsed:single_value_assumed_unit,,1,50.0,50.0,50MG
040778211,OSSIGENO*CRIOGEN 32LT MOBILE,15004.24,False,Unresolved,unresolved,oxygen_gas,,,,
043154020,RELVAR ELL*INAL 92+22MCG 30D,14992.35,True,Candidate,parsed:single_value_assumed_unit,,1,0.022,0.022,22MCG
049913015,"NGENLA*SC 1PEN 24MG 1,2ML",14991.16,True,Validated,parsed:direct_strength,,1,24.0,24.0,1PEN 24MG
033314016,CYSTAGON*100CPS 50MG FL,14938.7,True,Validated,parsed:direct_strength,,100,50.0,5000.0,100CPS 50MG
038381669,"RETACRIT*1SIR 8.000UI 0,8ML",14895.47,False,Unresolved,unresolved,other,,,,
038348102,"MIRCERA*IV SC SIR 100MCG 0,3ML",14851.1,True,Candidate,parsed:single_value_assumed_unit,,1,0.1,0.1,100MCG
045181017,"NINLARO*3CPS 2,3MG",14850.0,True,Validated,parsed:direct_strength,,3,2.3,6.9,"3CPS 2,3MG"
050296019,TECVAYLI*SC 1FL 10MG/ML 3ML,14828.85,False,Unresolved,unresolved,other,,,,
030868158,MANNITOLO*18% 250ML,14792.92,False,Unresolved,unresolved,other,,,,
045865161,TACFORIUS*30CPS 3MG RP,14774.87,True,Validated,parsed:direct_strength,,30,3.0,90.0,30CPS 3MG
041761038,OXALIPLATINO SUN*1FL 100MG20ML,14708.02,True,Validated,parsed:direct_strength,,1,100.0,100.0,1FL 100MG
037152055,NEUPRO*28CER 4MG/24H,14702.66,False,Unresolved,unresolved,other,,,,
035325113,MIDAZOLAM HAM*5F 3ML 5MG/ML,14693.6,True,Validated,parsed:vol_conc,,5,15.0,75.0,5F 3ML 5MG/ML
045969058,PALIPERIDONE KRKA*28CPR 6MG RP,14682.97,True,Validated,parsed:direct_strength,,28,6.0,168.0,28CPR 6MG
045198064,VENCLYXTO*14CPR RIV 100MG,14644.73,True,Validated,parsed:direct_strength,,14,100.0,1400.0,14CPR RIV 100MG
043094010,CORMETO*50CPS MOLLI 250MG FL,14531.69,True,Validated,parsed:direct_strength,,50,250.0,12500.0,50CPS MOLLI 250MG
030819054,"SODIO BICARB*1,4% 500ML",14473.57,False,Unresolved,unresolved,other,,,,
049881016,TAVNEOS*30CPS 10MG FL,14469.12,True,Validated,parsed:direct_strength,,30,10.0,300.0,30CPS 10MG
047090028,"PELGRAZ*SC 1INIET 6MG 0,6ML",14462.6,True,Candidate,parsed:single_value_assumed_unit,,1,6.0,6.0,6MG
026844187,"GENOTROPIN MINI*7CART 0,2MG",14441.0,True,Candidate,parsed:single_value_assumed_unit,,1,0.2,0.2,"0,2MG"
034686016,NICOTINAMIDE IDI*30CPR 250MG,14439.25,True,Validated,parsed:direct_strength,,30,250.0,7500.0,30CPR 250MG
032819070,ACC FLUIDIFICANTE AN*10F 300MG,14435.86,True,Validated,parsed:direct_strength,,10,300.0,3000.0,10F 300MG
039235039,MIDAZOLAM ACC*10F 3ML 5MG/ML,14423.6,True,Validated,parsed:vol_conc,,10,15.0,150.0,10F 3ML 5MG/ML
038528028,VOLIBRIS*30CPR RIV 5MG,14394.9,True,Validated,parsed:direct_strength,,30,5.0,150.0,30CPR RIV 5MG
032151211,"BRAUNOL*7,5% 20FL 250ML",14379.49,False,Unresolved,unresolved,other,,,,
047188091,LENALIDOMIDE ACC*21CPS 15MG,14351.16,True,Validated,parsed:direct_strength,,21,15.0,315.0,21CPS 15MG
038165015,"YONDELIS*EV 1FL POLV 0,25MG",14344.57,True,Validated,parsed:direct_strength,,1,0.25,0.25,"1FL POLV 0,25MG"
019499019,SOLDESAM*EV IM 3F 4MG/ML,14343.86,False,Unresolved,unresolved,other,,,,
035188073,"OVITRELLE*SC 1SIR 250MCG/0,5ML",14282.27,False,Unresolved,unresolved,single_dose_device_ambiguous,,,,
047660055,ATANTO*1CPS 125MG+2CPS 80MG,14258.67,True,Validated,parsed:direct_strength,,1,125.0,125.0,1CPS 125MG
030797017,MAGNESIO SOLFATO*5F 1G 10ML,14235.92,True,Validated,parsed:direct_strength,,5,1000.0,5000.0,5F 1G
020009080,RIFOCIN*LOCALE 1F 90MG/18ML+F,14233.94,True,Authoritative,aifa_ingredient_authoritative,,,,92.84,RIFAMICINA SODICA 92.84milligrammi
037073020,DUOSOL*2SAC 5000ML C/K 2MMOL/L,14222.21,False,Unresolved,unresolved,other,,,,
038138083,CELSENTRI*60CPR RIV 300MG,14208.84,True,Validated,parsed:direct_strength,,60,300.0,18000.0,60CPR RIV 300MG
045374194,VILDAGLIPTIN MET SA*50+1000MG,14154.84,True,Candidate,parsed:single_value_assumed_unit,,1,1000.0,1000.0,1000MG
027370042,KLACID*EV 1F 500MG+F 10ML SOLV,14153.97,True,Validated,parsed:direct_strength,,1,500.0,500.0,1F 500MG
042032084,"SIGNIFOR*SC 60F 0,6MG 1ML",14131.12,True,Validated,parsed:direct_strength,,60,0.6,36.0,"60F 0,6MG"
035714031,GLUCOSIO 5%*30SACCHE 250ML,14118.92,False,Unresolved,unresolved,other,,,,
045969021,PALIPERIDONE KRKA*28CPR 3MG RP,14081.34,True,Validated,parsed:direct_strength,,28,3.0,84.0,28CPR 3MG
043171091,MEMANTINA ACC*28CPR RIV 20MG,14028.33,True,Validated,parsed:direct_strength,,28,20.0,560.0,28CPR RIV 20MG
030898124,ACQUA PI*10FL 500ML,14017.35,False,Unresolved,unresolved,other,,,,
027015243,"EPREX*1SIR 6000UI 0,6ML",14012.29,False,Unresolved,unresolved,other,,,,
035691017,"ARANESP*SC EV 1SIR 10MCG 0,4ML",14008.59,True,Validated,parsed:direct_strength,,1,0.01,0.01,1SIR 10MCG
049685023,EVRENZO*12CPR RIV 50MG,14007.82,True,Validated,parsed:direct_strength,,12,50.0,600.0,12CPR RIV 50MG
046042014,"BORTEZOMIB DR*EV SC 1FL 3,5MG",13990.84,True,Validated,parsed:direct_strength,,1,3.5,3.5,"1FL 3,5MG"
043187362,BRINTELLIX*OS GTT 15ML 20MG/ML,13913.83,True,Candidate,parsed:implied_unit_vol_conc,,1,300.0,300.0,GTT 15ML 20MG/ML
029209044,ESMERON*EV 10FL 10ML 10MG/ML,13849.66,True,Validated,parsed:vol_conc,,10,100.0,1000.0,10FL 10ML 10MG/ML
038904571,OSSIGENO*COMPR 200BAR 12x40LT,13832.0,False,Unresolved,unresolved,oxygen_gas,,,,
041761014,OXALIPLATINO SUN*1FL 50MG 10ML,13768.59,True,Validated,parsed:direct_strength,,1,50.0,50.0,1FL 50MG
040798023,PARACETAMOLO B.BR*10FL 100ML,13767.18,False,Unresolved,unresolved,other,,,,
034498093,NOVORAPID*FLEX5PEN 3ML 100U/ML,13763.61,False,Unresolved,unresolved,other,,,,
044780029,DAPTOMICINA DR*EV POLV 500MG,13679.6,True,Candidate,parsed:single_value_assumed_unit,,1,500.0,500.0,500MG
046416044,CARBOPLATINO HIK*EV 1FL 60ML,13674.76,False,Unresolved,unresolved,other,,,,
023440086,"CLENIL COMP*20F 2ML 0,8+1,6MG",13669.51,True,Candidate,parsed:single_value_assumed_unit,,1,1.6,1.6,"1,6MG"
043426093,BUSETTE*4CER TRANSD 10MCG/H,13667.97,False,Unresolved,unresolved,other,,,,
050055045,PIRFENIDONE TE*252CPR 267MG,13641.79,True,Validated,parsed:direct_strength,,252,267.0,67284.0,252CPR 267MG
047188115,LENALIDOMIDE ACC*21CPS 25MG,13595.07,True,Validated,parsed:direct_strength,,21,25.0,525.0,21CPS 25MG
026738195,SELEPARINA*6SIR 3800UI+DISP,13570.53,False,Unresolved,unresolved,other,,,,
030819546,SODIO BICARB*10F 1MEQ/ML 10ML,13563.14,False,Unresolved,unresolved,other,,,,
030868374,MANNITOLO*18% 250ML SACCA,13556.36,False,Unresolved,unresolved,other,,,,
035370067,METALYSE*IV 1FL 10000U/10ML+SI,13478.96,False,Unresolved,unresolved,other,,,,
028725101,"HAVRIX*BB IM 1SIR 0,5ML",13465.21,False,Unresolved,unresolved,other,,,,
020009015,RIFOCIN*IM 1F 250MG 3ML,13445.33,True,Validated,parsed:direct_strength,,1,250.0,250.0,1F 250MG
050007018,"SONDELBAY*1PEN2,4ML20MCG/80MCL",13350.92,False,Unresolved,unresolved,other,,,,
032151161,BRAUNOL*10% UNG 10TUBI 100G,13338.95,True,Validated,parsed:pct_weight,,1,10000.0,10000.0,10% UNG 10TUBI 100G
042581241,FYCOMPA*SOSP 340ML 1FL+2S+1AD,13330.27,False,Unresolved,unresolved,other,,,,
030791014,EFEDRINA CLORIDR*5F 25MG 1ML,13323.61,True,Authoritative,aifa_ingredient_authoritative,,,,25.0,EFEDRINA CLORIDRATO 25milligrammi
029520386,"PUREGON*SC 1CART 300UI/0,36ML",13261.4,False,Unresolved,unresolved,other,,,,
044265078,ARIPIPRAZOLO ZEN*28CPR 10MG,13192.96,True,Validated,parsed:direct_strength,,28,10.0,280.0,28CPR 10MG
014159040,MEDROL*20CPR 16MG,13169.13,True,Validated,parsed:direct_strength,,20,16.0,320.0,20CPR 16MG
043275027,MERIOFERT*SC IM 5FL75UI+5SIR,13139.37,False,Unresolved,unresolved,other,,,,
039058060,OSSIGENO*CRIOGEN 41LT MOBILE,13113.46,False,Unresolved,unresolved,oxygen_gas,,,,
047198015,BRAFTOVI*28CPS 50MG,13100.23,True,Validated,parsed:direct_strength,,28,50.0,1400.0,28CPS 50MG
043217013,TECFIDERA*14CPS 120MG,13099.22,True,Validated,parsed:direct_strength,,14,120.0,1680.0,14CPS 120MG
043029014,"OVALEAP*SC CART 300UI/0,5ML+10",13066.75,False,Unresolved,unresolved,other,,,,
044691057,"BENEPALI*4SIR 25MG 0,51ML",13054.8,True,Validated,parsed:direct_strength,,4,25.0,100.0,4SIR 25MG
040433068,QUETIAPINA TE*60CPR 50MG RP,13009.11,True,Validated,parsed:direct_strength,,60,50.0,3000.0,60CPR 50MG
038474021,VASOKINOX*BOMB 20L 450PPM MOL/,13000.0,False,Unresolved,unresolved,other,,,,
029612013,"NALOXONE CLOR MOLT*F 0,4MG 1ML",12967.97,True,Authoritative,aifa_ingredient_authoritative,,,,0.4,NALOXONE CLORIDRATO 0.4milligrammi
031381039,ELETT REINT GLU/K/NA FKI*500ML,12964.78,False,Unresolved,unresolved,other,,,,
044332068,BENDAMUSTINA EG*EV 5FL 100MG,12947.89,True,Validated,parsed:direct_strength,,5,100.0,500.0,5FL 100MG
043737129,ARIPIPRAZOLO KRKA*28CPR 10MG,12943.03,True,Validated,parsed:direct_strength,,28,10.0,280.0,28CPR 10MG
041156023,"OCTREOTIDE SUN*5F 0,1MG/1ML",12930.27,False,Unresolved,unresolved,other,,,,
034005064,SOMATOSTATINA*EV 3FL 3MG/2ML+3,12920.18,False,Unresolved,unresolved,other,,,,
044987028,TIGECICLINA MY*EV10FL 5ML 50MG,12911.81,True,Candidate,parsed:single_value_assumed_unit,,1,50.0,50.0,50MG
036006029,ELIDEL*CREMA 1% 30G,12898.03,True,Validated,parsed:pct_weight,,1,300.0,300.0,1% 30G
049972021,SAPROPTERINA DI*120CPR100MG FL,12870.0,True,Validated,parsed:direct_strength,,120,100.0,12000.0,120CPR100MG
038107025,OXALIPLATINO TEVA*EV 50MG 10ML,12827.89,True,Candidate,parsed:single_value_assumed_unit,,1,50.0,50.0,50MG
044463026,LINEZOLID KR*10SAC300ML 2MG/ML,12815.02,True,Validated,parsed:vol_conc,,10,600.0,6000.0,10SAC300ML 2MG/ML
029247032,METACOLINA LOFARMA*10MG/ML,12802.35,True,Authoritative,aifa_ingredient_authoritative,,,,30.0,METACOLINA CLORURO 30milligrammi
002309045,FOLINA*20CPS MOLLI 5MG,12793.98,True,Authoritative,aifa_ingredient_authoritative,,,,5.0,ACIDO FOLICO 5milligrammi
037030107,"ULTRATECHNEKOW*1GEN 9,53GBQ 11",12784.2,False,Unresolved,unresolved,other,,,,
044373076,EMTRICITABINA TEN TE*30CPR FL,12753.41,False,Unresolved,unresolved,other,,,,
049394012,GLYCOPHOS*EV 20F 6G/20ML,12723.39,False,Unresolved,unresolved,other,,,,
030795025,LIDOCAINA CLORIDR*5F 200MG10ML,12701.22,True,Validated,parsed:direct_strength,,5,200.0,1000.0,5F 200MG
049685047,EVRENZO*12CPR RIV 100MG,12685.62,True,Validated,parsed:direct_strength,,12,100.0,1200.0,12CPR RIV 100MG
045965023,PIOGLITAZONE MET DOC*56CPR RIV,12677.96,False,Unresolved,unresolved,other,,,,
042932044,MEMANTINA DOC*OS SOL 50ML EROG,12652.06,False,Unresolved,unresolved,other,,,,
032188056,DIPEPTIVEN*IV 10FL 100ML,12609.0,True,Authoritative,aifa_ingredient_authoritative,,,,200.0,ALANILGLUTAMINA 200milligrammi
002039055,"AUREOMICINA*UNG DERM 3% 14,2G",12606.93,True,Validated,parsed:pct_weight,,1,426.0,426.0,"3% 14,2G"
046892055,EVEROLIMUS SAN*30CPR 5MG,12604.43,True,Validated,parsed:direct_strength,,30,5.0,150.0,30CPR 5MG
049544012,PONVORY*14CPR RIV,12580.19,False,Unresolved,unresolved,other,,,,
042545032,VALGANCICLOVIR TEV*60CPR 450MG,12551.22,True,Validated,parsed:direct_strength,,60,450.0,27000.0,60CPR 450MG
045447012,"ENTECAVIR AUR*30CPR RIV 0,5MG",12455.85,True,Validated,parsed:direct_strength,,30,0.5,15.0,"30CPR RIV 0,5MG"
026171013,"IMOVAX TETANO*1SIR 0,5ML 40UI",12441.56,False,Unresolved,unresolved,other,,,,
042408043,MEMANTINA SAND*56CPR RIV 10MG,12406.86,True,Validated,parsed:direct_strength,,56,10.0,560.0,56CPR RIV 10MG
029830078,CALCIO CLORURO GS*10F 1G 10ML,12362.11,True,Validated,parsed:direct_strength,,10,1000.0,10000.0,10F 1G
044409023,TERLIPRESSINA EVER*5FL 5ML 1MG,12348.51,True,Candidate,parsed:single_value_assumed_unit,,1,1.0,1.0,1MG
020430029,VELBE*EV 1FL 10MG,12289.11,True,Authoritative,aifa_ingredient_authoritative,,,,10.0,VINBLASTINA SOLFATO 10milligrammi
021394022,KAYEXALATE*OS RETT SOSP FL454G,12274.94,True,Authoritative,aifa_ingredient_authoritative,,,,453600.0,SODIO POLISTIRENE SOLFONATO 453.6grammi
045104054,"INHIXA*2SIR 6000UI 0,6ML",12263.95,False,Unresolved,unresolved,other,,,,
044150011,"CLONAZEPAM EG*OS GTT 2,5MG/ML",12252.81,False,Unresolved,unresolved,other,,,,
043364049,"BEMFOLA*SC PEN 300UI/0,50ML+AG",12229.19,False,Unresolved,unresolved,other,,,,
039132194,OSSIGENO*COMPR 200BAR 16x50LT,12211.32,False,Unresolved,unresolved,oxygen_gas,,,,
040716286,SMOFKABIVEN*4SACC 1970ML S/EL,12204.53,False,Unresolved,unresolved,other,,,,
034957011,VISUDYNE*INFUS 1FL 15MG 10ML,12186.93,True,Validated,parsed:direct_strength,,1,15.0,15.0,1FL 15MG
043104013,FLUDARABINA ACC*1FL2ML 25MG/ML,12149.82,True,Validated,parsed:vol_conc,,1,50.0,50.0,1FL2ML 25MG/ML
043919063,BOSENTAN SUN*56CPR RIV 125MG,12140.5,True,Validated,parsed:direct_strength,,56,125.0,7000.0,56CPR RIV 125MG
026471021,"ZOLADEX*SC SIR 10,8MG RP",12126.61,True,Authoritative,aifa_ingredient_authoritative,,,,10.8,GOSERELIN ACETATO 10.8milligrammi
038558033,TEXTAZO*EV 10FL 4G+500MG,12114.02,True,Validated,parsed:direct_strength,,10,4000.0,40000.0,10FL 4G
039043017,TECHNEMIBI*INIET 5FL 1MG,12102.75,True,Validated,parsed:direct_strength,,5,1.0,5.0,5FL 1MG
045932050,VALGANCICLOVIR AUR*60CPR 450MG,12083.76,True,Validated,parsed:direct_strength,,60,450.0,27000.0,60CPR 450MG
045447063,ENTECAVIR AUR*30CPR RIV 1MG,12044.91,True,Validated,parsed:direct_strength,,30,1.0,30.0,30CPR RIV 1MG
021553021,ENTUMIN*OS GTT 10ML 100MG/ML,11986.81,True,Authoritative,aifa_ingredient_authoritative,,,,100.0,CLOTIAPINA 100milligrammi
046306015,"FLUREKAIN*COLL FL 1,25+3MG/ML",11941.6,False,Unresolved,unresolved,multi_active_combo,,,,
038190322,"BINOCRIT*6SIR 3.000UI 0,3ML+DI",11907.4,False,Unresolved,unresolved,other,,,,
047885025,"CONFEROPORT*30CPS 0,5MG RP",11891.47,True,Validated,parsed:direct_strength,,30,0.5,15.0,"30CPS 0,5MG"
044726065,KOVALTRY*EV POLV 1000UI+SOLV,11886.66,False,Unresolved,unresolved,other,,,,
029610019,METADONE CLOR MOL*OS 1MG/ML5ML,11851.07,False,Unresolved,unresolved,other,,,,
045985138,LENALIDOMIDE TEVA*21CPS 10MG,11822.29,True,Validated,parsed:direct_strength,,21,10.0,210.0,21CPS 10MG
023593104,EN*IM IV 3F 1ML 5MG/ML,11813.39,True,Validated,parsed:vol_conc,,3,5.0,15.0,3F 1ML 5MG/ML
039812019,"MITOBRIN*COLL 20FL 0,25ML 0,3%",11796.92,False,Unresolved,unresolved,other,,,,
049100047,"RISPERIDONE TE*IM FL37,5MG+2ML",11793.48,True,Candidate,parsed:single_value_assumed_unit,,1,37.5,37.5,"37,5MG"
034994032,CEFOTAXIME MY*IM IV 1F 1G+F4ML,11782.29,True,Validated,parsed:direct_strength,,1,1000.0,1000.0,1F 1G
040014021,"OCTREOTIDE LIM*10F 0,1MG/ML",11759.67,False,Unresolved,unresolved,other,,,,
035691423,"ARANESP*SC 1PEN 300MCG 0,6ML",11706.09,True,Validated,parsed:direct_strength,,1,0.3,0.3,1PEN 300MCG
044840027,"COAGADEX*EV FL 500UI+FL 2,5ML",11660.0,False,Unresolved,unresolved,other,,,,
047494240,"INNOHEP*10SIR 14000UI/0,7ML",11624.94,False,Unresolved,unresolved,other,,,,
027210044,LEVOBREN*IM EV 6F 25MG 2ML,11619.74,True,Validated,parsed:direct_strength,,6,25.0,150.0,6F 25MG
023202043,SOLUMEDROL*IM EV FL 125MG 2ML,11609.44,True,Candidate,parsed:single_value_assumed_unit,,1,125.0,125.0,125MG
035726013,SOMAVERT*SC 30FL 10MG+30SIR,11577.22,True,Validated,parsed:direct_strength,,30,10.0,300.0,30FL 10MG
041282029,NULOJIX*IV 2FL 250MG+2SIR,11554.4,True,Validated,parsed:direct_strength,,2,250.0,500.0,2FL 250MG
023605138,DEURSIL*20CPS 450MG RP,11551.27,True,Authoritative,aifa_ingredient_authoritative,,,,450.0,ACIDO URSODESOSSICOLICO 450milligrammi
040381028,PARACETAMOLO KAB*INF 10FL 50ML,11534.7,False,Unresolved,unresolved,other,,,,
032167254,CLINIMIX N9G15E*4SAC 1LT+1LT,11473.54,False,Unresolved,unresolved,other,,,,
010089035,DELTACORTENE*10CPR 25MG,11470.88,True,Validated,parsed:direct_strength,,10,25.0,250.0,10CPR 25MG
033014162,TWINRIX ADULTI*IM 1SIR20MCG/ML,11457.61,False,Unresolved,unresolved,other,,,,
043738032,EFEDRINA AGU*10SIR 10ML 3MG/ML,11454.3,True,Validated,parsed:vol_conc,,10,30.0,300.0,10SIR 10ML 3MG/ML
050606060,"PIXXOSCAN*10FL 15ML 1,0MMOL/ML",11411.4,False,Unresolved,unresolved,other,,,,
051360016,FRUZAQLA*21CPS 1MG FL,11409.4,True,Validated,parsed:direct_strength,,21,1.0,21.0,21CPS 1MG
045492042,"VELTASSA*OS POLV 30BUST 16,8G",11394.16,True,Validated,parsed:direct_strength,,30,16800.0,504000.0,"30BUST 16,8G"
047494125,"INNOHEP*10SIR 10000UI/0,5ML",11394.06,False,Unresolved,unresolved,other,,,,
035699204,"EQUIBALANCE*2,3% 5000ML 2SACCH",11383.84,False,Unresolved,unresolved,other,,,,
048818013,"ZEPOSIA*4CPS 0,23MG+3CPS 0,46",11383.34,True,Validated,parsed:direct_strength,,4,0.23,0.92,"4CPS 0,23MG"
037061102,"PROCORALAN*56CPR RIV 7,5MG ALL",11330.55,True,Validated,parsed:direct_strength,,56,7.5,420.0,"56CPR RIV 7,5MG"
029144019,"NORMASE*SCIR 200ML 66,7G/100ML",11324.44,True,Authoritative,aifa_ingredient_authoritative,,,,66700.0,LATTULOSIO 66.7grammi
027860042,ZITROMAX*3CPR RIV 500MG,11323.58,True,Validated,parsed:direct_strength,,3,500.0,1500.0,3CPR RIV 500MG
032798023,PRONTINAL*NEBUL 20F 800MCG 2ML,11315.73,True,Authoritative,aifa_ingredient_authoritative,,,,40.0,BECLOMETASONE 40milligrammi
035867023,FIDATO*IM 1FL 500MG+1F 2ML,11305.27,True,Validated,parsed:direct_strength,,1,500.0,500.0,1FL 500MG
035003033,LEVOVANOX*4CPS 250MG,11284.41,True,Validated,parsed:direct_strength,,4,250.0,1000.0,4CPS 250MG
038143032,IRINOTECAN AURO*FL25ML 20MG/ML,11281.96,True,Candidate,parsed:implied_unit_vol_conc,,1,500.0,500.0,FL25ML 20MG/ML
038804136,IRINOTECAN MY*1FL 25ML 20MG/ML,11275.0,True,Validated,parsed:vol_conc,,1,500.0,500.0,1FL 25ML 20MG/ML
027530118,MACLADIN*14CPR RIV 500MG,11271.99,True,Validated,parsed:direct_strength,,14,500.0,7000.0,14CPR RIV 500MG
021455023,"FERLIXIT*OS IV 5F 62,5MG 5ML",11250.42,True,Validated,parsed:direct_strength,,5,62.5,312.5,"5F 62,5MG"
030770147,MANNITOLO FKI*18% 500ML,11244.39,False,Unresolved,unresolved,other,,,,
038805014,STAMICIS*EV 5FL 1MG,11206.25,True,Validated,parsed:direct_strength,,5,1.0,5.0,5FL 1MG
039132168,OSSIGENO*COMPR 200BAR 7LT VAL,11190.78,False,Unresolved,unresolved,oxygen_gas,,,,
029503024,ZELITREX*21CPR RIV 1000MG,11158.54,True,Validated,parsed:direct_strength,,21,1000.0,21000.0,21CPR RIV 1000MG
035693011,FENTANYL HAM*EV 5F 100MCG 2ML,11157.87,True,Validated,parsed:direct_strength,,5,0.1,0.5,5F 100MCG
023638012,KCL RETARD*40CPR 600MG RP,11148.98,True,Authoritative,aifa_ingredient_authoritative,,,,600.0,POTASSIO CLORURO 600milligrammi
026738258,SELEPARINA*10SIR 7600UI+DISP,11113.61,False,Unresolved,unresolved,other,,,,
031101506,SODIO CLORURO*10F 10ML 2MEQ/ML,11112.15,True,Authoritative,aifa_ingredient_authoritative,,,,100.0,SODIO CLORURO 0.1grammi
035699077,"EQUIBALANCE*2,3% 2000ML 4SACCH",11105.12,False,Unresolved,unresolved,other,,,,
030794010,"ISOPRENALINA CLORIDR*5F 0,2MG",11062.29,True,Authoritative,aifa_ingredient_authoritative,,,,0.2,ISOPRENALINA CLORIDRATO 0.2milligrammi
046259014,ANIDULAFUNGINA TE*EV 1FL 100MG,10963.98,True,Validated,parsed:direct_strength,,1,100.0,100.0,1FL 100MG
036387025,FASLODEX*IM 2SIR 5ML+2AGHI,10963.34,False,Unresolved,unresolved,other,,,,
040385027,"PHOXILIUM*2SA 5L 1,2MMOL/L PO",10961.6,False,Unresolved,unresolved,other,,,,
043927058,OSSICODONE MOLT*5F 1ML 50MG/ML,10942.99,True,Validated,parsed:vol_conc,,5,50.0,250.0,5F 1ML 50MG/ML
044317028,REPATHA*SC 1PEN 140MG 1ML,10937.71,True,Validated,parsed:direct_strength,,1,140.0,140.0,1PEN 140MG
040328041,PECFENT*SPRAY NAS 4FL 400MCG/D,10928.23,False,Unresolved,unresolved,other,,,,
040597041,PANTOPRAZOLO TEVA*28CPR 20MG,10845.99,True,Validated,parsed:direct_strength,,28,20.0,560.0,28CPR 20MG
036374054,ZEMPLAR*28CPS MOLLI 1MCG,10843.64,True,Validated,parsed:direct_strength,,28,0.001,0.028,28CPS MOLLI 1MCG
021035023,DAUNOBLASTINA*EV 1FL 20MG+10ML,10836.21,True,Validated,parsed:direct_strength,,1,20.0,20.0,1FL 20MG
026965160,ULTRAVIST*INF 500ML 370MG/ML,10723.18,False,Unresolved,unresolved,other,,,,
027457011,"TOBRADEX*COLL 5ML 0,3%+0,1%",10722.31,False,Unresolved,unresolved,other,,,,
041333232,TEMOZOLOMIDE SUN*5CPS 250MG,10715.04,True,Validated,parsed:direct_strength,,5,250.0,1250.0,5CPS 250MG
045041035,EPACLOB*OS SOSP 1MG/ML 250ML,10694.55,False,Unresolved,unresolved,other,,,,
029724073,"DOTAREM*EV 1FL 60ML 0,5MMOL/ML",10682.1,False,Unresolved,unresolved,other,,,,
040328027,PECFENT*SPRAY NAS 4FL 100MCG/D,10643.47,False,Unresolved,unresolved,other,,,,
038904443,OSSIGENO*COMPR 200BAR 7LT ACC,10592.4,False,Unresolved,unresolved,oxygen_gas,,,,
043873049,COSENTYX*SC SOLUZ 1PEN 150MG,10586.16,True,Validated,parsed:direct_strength,,1,150.0,150.0,1PEN 150MG
037789017,FOSTER*SOLxINAL 120D 100+6MCG,10506.19,True,Candidate,parsed:single_value_assumed_unit,,1,0.006,0.006,6MCG
040941155,LEVOFLOXACINA AUR*5CPR 500MG,10503.4,True,Validated,parsed:direct_strength,,5,500.0,2500.0,5CPR 500MG
025653054,IMMUNOHBS*IM 1SIR 1000UI 3ML,10473.43,False,Unresolved,unresolved,other,,,,
043860028,COPEMYL*SC 28SIR 20MG/ML,10393.2,False,Unresolved,unresolved,other,,,,
036501029,TOTTIZIM*IM 1FL+1F 1G/3ML,10385.55,False,Unresolved,unresolved,other,,,,
049376179,"YUFLYMA*2SIR 0,2ML 20MG+2TAMP",10362.9,True,Candidate,parsed:single_value_assumed_unit,,1,20.0,20.0,20MG
025860077,"TOBRAL*UNG OFT 3,5G 0,3%",10353.72,True,Authoritative,aifa_ingredient_authoritative,,,,300.0,TOBRAMICINA 0.3grammi
043362197,"LEVOBUPIVACAINA KA*5F 7,5MG/ML",10332.35,False,Unresolved,unresolved,other,,,,
045969084,PALIPERIDONE KRKA*28CPR 9MG RP,10312.65,True,Validated,parsed:direct_strength,,28,9.0,252.0,28CPR 9MG
027496064,"OPTOCAIN*50CART 1,8ML ADR 1:80",10306.33,False,Unresolved,unresolved,other,,,,
037052065,LATTULOSIO TE*OS 200ML670MG/ML,10253.89,False,Unresolved,unresolved,other,,,,
047401029,"FULPHILA*SC 1SIR 0,6ML 6MG+CAP",10228.56,True,Candidate,parsed:single_value_assumed_unit,,1,6.0,6.0,6MG
028473015,ACTHIB*IM 1FL 1D LIOF+SIR,10223.9,True,Authoritative,aifa_ingredient_authoritative,,,,0.01,VACCINO HAEMOPHILUS INFLUENZAE B CONIUGATO CON TOSSOIDETETANICO 10microgrammi
045429014,"TRUMENBA*IM 1SIR 0,5ML CON AGO",10219.44,False,Unresolved,unresolved,other,,,,
043917032,"ATROPINA SOLFATO*10SIR 0,5MG",10210.2,True,Validated,parsed:direct_strength,,10,0.5,5.0,"10SIR 0,5MG"
030653036,ATROPINA SOLFATO*5F 1MG 1ML,10204.02,True,Validated,parsed:direct_strength,,5,1.0,5.0,5F 1MG
040846040,LEVETIRACETAM AUR*60CPR 500MG,10199.35,True,Validated,parsed:direct_strength,,60,500.0,30000.0,60CPR 500MG
044039206,ENOXAPARINA ROVI*10SIR 8000UI,10195.79,False,Unresolved,unresolved,other,,,,
033003031,ULTIVA*IV 5FL 5MG,10195.27,True,Validated,parsed:direct_strength,,5,5.0,25.0,5FL 5MG
043364037,"BEMFOLA*SC PEN 225UI/0,375ML+A",10194.83,False,Unresolved,unresolved,other,,,,
023491172,MICOTEF*CREMA CUT 30G 2%,10140.5,True,Candidate,parsed:single_value_assumed_unit,,1,30000.0,30000.0,30G
039110123,OSSIGENO*CRIOGEN 37LT MOBILE,10138.76,False,Unresolved,unresolved,oxygen_gas,,,,
022593216,BRUFEN*30CPR RIV 600MG,10137.55,True,Validated,parsed:direct_strength,,30,600.0,18000.0,30CPR RIV 600MG
031507104,ORAMORPH*OS FL 20ML 20MG/ML,10099.73,True,Candidate,parsed:implied_unit_vol_conc,,1,400.0,400.0,FL 20ML 20MG/ML
045510031,METOXSALENE GL*50F 5ML20MCG/ML,10080.0,True,Validated,parsed:vol_conc,,50,0.1,5.0,50F 5ML20MCG/ML
030649331,ACQUA PI SALF*2SACCHE 5000ML,10052.68,False,Unresolved,unresolved,other,,,,
043364052,"BEMFOLA*SC PEN 450UI/0,75ML+AG",10033.92,False,Unresolved,unresolved,other,,,,
039132105,OSSIGENO*COMPR 200BAR 50LT,10020.61,False,Unresolved,unresolved,oxygen_gas,,,,
036160190,ADVATE*EV 1000UI+FL SOLV 2ML,10010.0,False,Unresolved,unresolved,other,,,,
044287011,ESMOLOLO CL HIK*10FL 10ML100MG,9975.91,True,Candidate,parsed:single_value_assumed_unit,,1,100.0,100.0,100MG
030770135,MANNITOLO FKI*18% 250ML,9964.21,False,Unresolved,unresolved,other,,,,
020582019,FLUIMUCIL*EV AER 5F 300MG 3ML,9962.01,True,Validated,parsed:direct_strength,,5,300.0,1500.0,5F 300MG
025707011,HUMULIN R*1F 10ML 100UI/ML,9958.31,False,Unresolved,unresolved,other,,,,
044202101,JINARC*28CPR 30MG+28CPR 60MG,9928.64,True,Validated,parsed:direct_strength,,28,30.0,840.0,28CPR 30MG
037152028,NEUPRO*28CER 2MG/24H,9909.79,False,Unresolved,unresolved,other,,,,
044265027,ARIPIPRAZOLO ZEN*28CPR 5MG,9905.63,True,Validated,parsed:direct_strength,,28,5.0,140.0,28CPR 5MG
039409065,ROPIVACAINA CL LIM*10F 50MG,9898.08,True,Validated,parsed:direct_strength,,10,50.0,500.0,10F 50MG
043301011,NEURACEQ*EV 1FL 300MBQ/ML,9890.4,False,Unresolved,unresolved,other,,,,
047966015,DASATINIB MY*60CPR RIV 50MG,9856.77,True,Validated,parsed:direct_strength,,60,50.0,3000.0,60CPR RIV 50MG
047254053,POSACONAZOLO EG*24CPR 100MG,9828.06,True,Validated,parsed:direct_strength,,24,100.0,2400.0,24CPR 100MG
044042051,IBUPROFENE ABC*30CPR RIV 600MG,9815.63,True,Validated,parsed:direct_strength,,30,600.0,18000.0,30CPR RIV 600MG
029856059,LIDOCAINA CLORID*10F 10ML200MG,9814.84,True,Authoritative,aifa_ingredient_authoritative,,,,20.0,LIDOCAINA CLORIDRATO 20milligrammi
029724046,"DOTAREM*EV 1FL 20ML 0,5MMOL/ML",9805.73,False,Unresolved,unresolved,other,,,,
039409089,ROPIVACAINA CL LIM*10F 100MG,9804.79,True,Validated,parsed:direct_strength,,10,100.0,1000.0,10F 100MG
026965095,ULTRAVIST*INF 100ML 370MG/ML,9778.18,False,Unresolved,unresolved,other,,,,
034078446,"EXELON*30CER 13,3MG/24H",9765.36,False,Unresolved,unresolved,other,,,,
021473018,CARDIAZOL PARACODINA*GTT 10ML,9699.04,False,Unresolved,unresolved,other,,,,
019875095,CONNETTIVINA*GEL 30G 2MG/G,9644.6,True,Candidate,parsed:single_value_assumed_unit,,1,30000.0,30000.0,30G
050755026,"CAMZYOS*28CPS 2,5MG",9632.95,True,Validated,parsed:direct_strength,,28,2.5,70.0,"28CPS 2,5MG"
035436070,MENJUGATE*SOSP INIET1SIR 10MCG,9619.5,True,Validated,parsed:direct_strength,,1,0.01,0.01,1SIR 10MCG
026270076,"FLUXUM*SC 6SIR 0,3ML 3200UIAXA",9595.95,False,Unresolved,unresolved,other,,,,
039025010,CAPSION*1CPS 50-370MBQ,9584.29,False,Unresolved,unresolved,other,,,,
028282123,IOMERON 350*IV FL 50ML,9574.84,False,Unresolved,unresolved,other,,,,
035943012,TAMIFLU*10CPS 75MG,9574.41,True,Validated,parsed:direct_strength,,10,75.0,750.0,10CPS 75MG
050755040,CAMZYOS*28CPS 5MG,9559.34,True,Validated,parsed:direct_strength,,28,5.0,140.0,28CPS 5MG
008776066,KONAKION*PR INF OS INIET 5F2MG,9523.48,True,Validated,parsed:direct_strength,,5,2.0,10.0,5F2MG
029552015,FLUDARA*EV 5FL 50MG,9522.32,True,Validated,parsed:direct_strength,,5,50.0,250.0,5FL 50MG
026354011,HYALGAN*INIET 1FL 20MG 2ML,9521.6,True,Authoritative,aifa_ingredient_authoritative,,,,20.0,SODIO IALURONATO 20milligrammi
048664054,MIDAZOLAM KAL*10F 3ML 5MG/ML,9518.53,True,Validated,parsed:vol_conc,,10,15.0,150.0,10F 3ML 5MG/ML
040078293,RISPERIDONE AURO*60CPR 2MG,9516.05,True,Validated,parsed:direct_strength,,60,2.0,120.0,60CPR 2MG
033638204,ZYPREXA*IM 1FL 10MG,9497.15,True,Validated,parsed:direct_strength,,1,10.0,10.0,1FL 10MG
035498132,"BICAVERA*1,5% GLU 3000ML 4SACC",9472.32,False,Unresolved,unresolved,other,,,,
037894021,"NEOXINAL ALCOL*24FL250ML0,5+70",9466.61,False,Unresolved,unresolved,other,,,,
033609013,MIOZAC*INFUS FL 250MG 20ML,9436.01,True,Candidate,parsed:single_value_assumed_unit,,1,250.0,250.0,250MG
005638010,"LUAN*GEL 15G 2,5%+APPLICATORE",9426.16,True,Candidate,parsed:single_value_assumed_unit,,1,15000.0,15000.0,15G
027134030,CEFIXORAL*5CPR RIV 400MG,9424.84,True,Validated,parsed:direct_strength,,5,400.0,2000.0,5CPR RIV 400MG
040107029,DAXAS*30CPR RIV 500MCG,9405.92,True,Validated,parsed:direct_strength,,30,0.5,15.0,30CPR RIV 500MCG
034357018,AGGRASTAT*IV FL50ML 250MCG/ML,9399.15,True,Candidate,parsed:implied_unit_vol_conc,,1,12.5,12.5,FL50ML 250MCG/ML
045128028,LINEZOLID B BR*INF 10FL 300ML,9356.6,False,Unresolved,unresolved,other,,,,
045312028,COLISTIMETATO ACC*10F2000000UI,9352.81,False,Unresolved,unresolved,other,,,,
026664021,CIPROXIN*6CPR RIV 500MG,9293.48,True,Validated,parsed:direct_strength,,6,500.0,3000.0,6CPR RIV 500MG
021922024,FERROGRAD*40CPR 105MG RP,9288.8,True,Validated,parsed:direct_strength,,40,105.0,4200.0,40CPR 105MG
047811017,BICNU*1F 100MG+F SOLV 5ML,9273.0,True,Validated,parsed:direct_strength,,1,100.0,100.0,1F 100MG
047494036,"INNOHEP*10SIR 8000UI/0,4ML",9247.23,False,Unresolved,unresolved,other,,,,
045563018,ANIDULAFUNGINA MED*EV1FL 100MG,9236.43,True,Validated,parsed:direct_strength,,1,100.0,100.0,1FL 100MG
040864050,"CHENPEN*IM 1SIR 500MCG/0,3ML",9235.43,False,Unresolved,unresolved,single_dose_device_ambiguous,,,,
039763091,DUOPLAVIN*28CPR RIV 75MG+100MG,9225.04,True,Validated,parsed:direct_strength,,28,75.0,2100.0,28CPR RIV 75MG
040712010,PRILOTEKAL*INIET 10F 5ML20MG/G,9207.0,False,Unresolved,unresolved,other,,,,
023535166,"NORMASE EPS*SCIR 200ML 66,7%",9200.14,True,Authoritative,aifa_ingredient_authoritative,,,,66700.0,LATTULOSIO 66.7grammi
049485079,DESAMETASONE KAL*10F 2ML4MG/ML,9188.88,True,Validated,parsed:vol_conc,,10,8.0,80.0,10F 2ML4MG/ML
042673069,ETOPOSIDE ACC*1FL 50ML 20MG/ML,9174.08,True,Validated,parsed:vol_conc,,1,1000.0,1000.0,1FL 50ML 20MG/ML
046616025,PALIPERIDONE SAN*28CPR 3MG RP,9165.08,True,Validated,parsed:direct_strength,,28,3.0,84.0,28CPR 3MG
045198049,VENCLYXTO*7CPR RIV 50MG,9163.6,True,Validated,parsed:direct_strength,,7,50.0,350.0,7CPR RIV 50MG
046036051,PALIPERIDONE TE*28CPR 6MG RP,9159.16,True,Validated,parsed:direct_strength,,28,6.0,168.0,28CPR 6MG
035367554,LUCEN*OS GRATxSOSP 28BUST 10MG,9156.67,True,Validated,parsed:direct_strength,,28,10.0,280.0,28BUST 10MG
043442058,ENTYVIO*SC 1PEN 108MG,9145.45,True,Validated,parsed:direct_strength,,1,108.0,108.0,1PEN 108MG
033640640,CARBOSEN*10F 10ML 10MG/ML,9144.39,True,Validated,parsed:vol_conc,,10,100.0,1000.0,10F 10ML 10MG/ML
049281013,VOCABRIA*30CPR RIV 30MG FL,9135.17,True,Validated,parsed:direct_strength,,30,30.0,900.0,30CPR RIV 30MG
035739010,VALCYTE*60CPR RIV 450MG FL,9131.21,True,Validated,parsed:direct_strength,,60,450.0,27000.0,60CPR RIV 450MG
031902012,"HIBERIX*IM 1FL 1D+SIR 0,5ML",9110.51,True,Authoritative,aifa_ingredient_authoritative,,,,0.01,VACCINO HAEMOPHILUS INFLUENZAE B CONIUGATO CON TOSSOIDETETANICO 10microgrammi
032921049,FOSTIMON*10FL 75UI+10F 1ML,9101.85,False,Unresolved,unresolved,other,,,,
035849025,"MYOVIEW*5FL 0,23MG",9075.0,True,Validated,parsed:direct_strength,,5,0.23,1.15,"5FL 0,23MG"
049360086,LENALIDOMIDE GRIN*21CPS 10MG,9070.93,True,Validated,parsed:direct_strength,,21,10.0,210.0,21CPS 10MG
043796046,RIXUBIS*EV 1FL 2000UI 5ML,9048.06,False,Unresolved,unresolved,other,,,,
050357577,"MOUNJARO*4DOSI DA12,5MG 1KWIKP",9044.18,True,Candidate,parsed:single_value_assumed_unit,,1,12.5,12.5,"12,5MG"
041582038,PANTOPRAZOLO TEVA*POLV10FL40MG,9037.94,True,Validated,parsed:direct_strength,,10,40.0,400.0,10FL40MG
037151014,CUBICIN*EV POLV 350MG 50MG/ML,9019.07,True,Candidate,parsed:single_value_assumed_unit,,1,350.0,350.0,350MG
038632028,CYANOKIT*POLV IV 1FL 5G+SET,8981.5,True,Validated,parsed:direct_strength,,1,5000.0,5000.0,1FL 5G
047966078,DASATINIB MY*30CPR RIV 80MG,8970.2,True,Validated,parsed:direct_strength,,30,80.0,2400.0,30CPR RIV 80MG
030805384,SODIO CLORURO*10F 10ML 2MEQ/ML,8970.2,False,Unresolved,unresolved,other,,,,
034525016,FERRIPROX*100CPR RIV 500MG,8951.68,True,Validated,parsed:direct_strength,,100,500.0,50000.0,100CPR RIV 500MG
024425074,IOPAMIRO 370*FL 50ML,8934.2,False,Unresolved,unresolved,other,,,,
043793052,MOVENTIG*30CPR RIV 25MG,8897.81,True,Validated,parsed:direct_strength,,30,25.0,750.0,30CPR RIV 25MG
038744064,XARELTO*10CPR RIV 10MG,8881.69,True,Validated,parsed:direct_strength,,10,10.0,100.0,10CPR RIV 10MG
023639026,"CLOBESOL*CREMA 30G 0,05%",8879.59,True,Candidate,parsed:single_value_assumed_unit,,1,30000.0,30000.0,30G
027457023,"TOBRADEX*UNG OFT 3,5G 0,3+0,1%",8878.47,True,Candidate,parsed:single_value_assumed_unit,,1,3500.0,3500.0,"3,5G"
025998042,"NALADOR*EV 1FL 0,5MG",8875.11,True,Authoritative,aifa_ingredient_authoritative,,,,0.5,SULPROSTONE 0.5milligrammi
036967065,ELIGARD*SC SIR+SIR 45MG KIT,8832.48,True,Candidate,parsed:single_value_assumed_unit,,1,45.0,45.0,45MG
030939324,RINGER LATTATO BAX*20SAC 500ML,8822.0,False,Unresolved,unresolved,other,,,,
024787018,MYLERAN*100CPR RIV 2MG,8815.62,True,Validated,parsed:direct_strength,,100,2.0,200.0,100CPR RIV 2MG
028440079,CONNETTIVINA PLUS*10GARZE10x10,8772.06,False,Unresolved,unresolved,other,,,,
035710019,TARGRETIN*100CPS MOLLI 75MG FL,8736.24,True,Validated,parsed:direct_strength,,100,75.0,7500.0,100CPS MOLLI 75MG
026899029,"GASTROMIRO*OS RETT 50ML 30,62G",8732.87,True,Authoritative,aifa_ingredient_authoritative,,,,30620.0,IOPAMIDOLO 30.62grammi
022199071,ATOSSISCLEROL*5F 2ML 3%,8724.95,False,Unresolved,unresolved,other,,,,
022323063,TRITTICO*30CPR 75MG RP,8713.24,True,Authoritative,aifa_ingredient_authoritative,,,,75.0,TRAZODONE CLORIDRATO 75milligrammi
048022014,HELIDIAG*1CPR 50MG,8693.85,True,Validated,parsed:direct_strength,,1,50.0,50.0,1CPR 50MG
036982015,REVATIO*90CPR RIV 20MG,8672.87,True,Validated,parsed:direct_strength,,90,20.0,1800.0,90CPR RIV 20MG
040124113,ESOMEPRAZOLO MY*28CPS 40MG,8636.36,True,Validated,parsed:direct_strength,,28,40.0,1120.0,28CPS 40MG
038774016,MICOFENOLATO M AHCL*50CPR500MG,8624.33,True,Validated,parsed:direct_strength,,50,500.0,25000.0,50CPR500MG
043653068,ARIPIPRAZOLO AURO*28CPR 15MG,8609.39,True,Validated,parsed:direct_strength,,28,15.0,420.0,28CPR 15MG
034430304,NEORECORMON*IV SC 6SIR 2000UI,8605.39,False,Unresolved,unresolved,other,,,,
027984018,SOLUVIT*AD EV 10FL 10ML,8601.98,False,Unresolved,unresolved,other,,,,
035120120,"RAPAMUNE*100CPR RIV 0,5MG",8544.02,True,Validated,parsed:direct_strength,,100,0.5,50.0,"100CPR RIV 0,5MG"
038407019,FENTICER*3CER 25MCG/ORA,8506.25,False,Unresolved,unresolved,other,,,,
035498068,"BICAVERA*2,3% GLU 2000ML 4SACC",8496.8,False,Unresolved,unresolved,other,,,,
039087010,TECHNESCAN DTPA*EV 5FL 10ML,8470.0,False,Unresolved,unresolved,other,,,,
023085020,GASTROGRAFIN*OS RETT FL 100ML,8453.23,True,Authoritative,aifa_ingredient_authoritative,,,,100.0,AMIDOTRIZOATO SODICO 100milligrammi
041261304,"DEMELORA*30CER 13,3MG/24H",8432.6,False,Unresolved,unresolved,other,,,,
046460022,EVEROLIMUS MEDAC*30CPR 10MG,8431.15,True,Validated,parsed:direct_strength,,30,10.0,300.0,30CPR 10MG
029825041,ADRENALINA GS*10F 1MG 1ML,8422.26,True,Authoritative,aifa_ingredient_authoritative,,,,1.0,EPINEFRINA 1milligrammi
030780035,ADRENALINA MONICO*10F 1MG 1ML,8397.18,True,Authoritative,aifa_ingredient_authoritative,,,,1.0,EPINEFRINA 1milligrammi
044110017,PALONOSETRON DR*FL 250MCG 5ML,8377.39,True,Candidate,parsed:single_value_assumed_unit,,1,0.25,0.25,250MCG
044856033,"LONSURF*60CPR RIV 15MG+6,14MG",8358.07,True,Validated,parsed:direct_strength,,60,15.0,900.0,60CPR RIV 15MG
036825255,"STALEVO*100CPR 125+31,25+200MG",8330.58,True,Candidate,parsed:single_value_assumed_unit,,1,200.0,200.0,200MG
045374055,VILDAGLIPTIN MET SA*50+850MG,8327.14,True,Candidate,parsed:single_value_assumed_unit,,1,850.0,850.0,850MG
046947089,CINACALCET AUR*28CPR RIV 60MG,8317.03,True,Validated,parsed:direct_strength,,28,60.0,1680.0,28CPR RIV 60MG
040014045,OCTREOTIDE LIM*FL 1MG 5ML,8303.7,True,Candidate,parsed:single_value_assumed_unit,,1,1.0,1.0,1MG
049316058,"PEMAZYRE*14CPR 13,5MG",8290.02,True,Validated,parsed:direct_strength,,14,13.5,189.0,"14CPR 13,5MG"
049316033,PEMAZYRE*14CPR 9MG,8290.02,True,Validated,parsed:direct_strength,,14,9.0,126.0,14CPR 9MG
037219247,CIPROFLOXACINA MY*6CPR 500MG,8287.4,True,Validated,parsed:direct_strength,,6,500.0,3000.0,6CPR 500MG
033919010,TRIACORT*INIET 3FL 40MG 1ML,8269.21,True,Validated,parsed:direct_strength,,3,40.0,120.0,3FL 40MG
038979011,ADREVIEW*1FL 74MBQ/ML,8250.0,False,Unresolved,unresolved,other,,,,
023451014,FRISIUM*30CPS 10MG,8243.43,True,Authoritative,aifa_ingredient_authoritative,,,,10.0,CLOBAZAM 10milligrammi
038143044,IRINOTECAN AURO*FL 15ML20MG/ML,8239.06,True,Candidate,parsed:implied_unit_vol_conc,,1,300.0,300.0,FL 15ML20MG/ML
039409077,ROPIVACAINA CL LIM*10F 75MG,8214.92,True,Validated,parsed:direct_strength,,10,75.0,750.0,10F 75MG
023142058,MADOPAR*30CPR DISPERS 100+25MG,8208.0,True,Candidate,parsed:single_value_assumed_unit,,1,25.0,25.0,25MG
042408068,MEMANTINA SAND*28CPR RIV 20MG,8190.46,True,Validated,parsed:direct_strength,,28,20.0,560.0,28CPR RIV 20MG
029724162,"DOTAREM*1FL 20ML 0,0025MMOL/ML",8151.66,False,Unresolved,unresolved,other,,,,
045974019,MELFALAN TE*INFUS FL 50MG+F,8150.99,True,Candidate,parsed:single_value_assumed_unit,,1,50.0,50.0,50MG
040510265,QUETIAPINA TE*60CPR RIV 100MG,8137.36,True,Validated,parsed:direct_strength,,60,100.0,6000.0,60CPR RIV 100MG
034127086,"TETRAVAC*1SIR 0,5ML+2AGHI",8098.2,False,Unresolved,unresolved,other,,,,
035410416,ZYVOXID*10SAC INF 2MG/ML 300ML,8073.57,False,Unresolved,unresolved,other,,,,
043839036,"LEVOBUPIVACAINA LIM*10F7,5MG/M",8065.59,False,Unresolved,unresolved,other,,,,
038348138,"MIRCERA*IV SC SIR 250MCG 0,3ML",8021.25,True,Candidate,parsed:single_value_assumed_unit,,1,0.25,0.25,250MCG
034634030,ZENGAC*IV OS 10FL 500MG,8017.24,True,Validated,parsed:direct_strength,,10,500.0,5000.0,10FL 500MG
007899014,LARGACTIL*IM 5F 2ML 50MG,8010.78,True,Candidate,parsed:single_value_assumed_unit,,1,50.0,50.0,50MG
045575180,DASATINIB EG*30CPR RIV 100MG,7981.08,True,Validated,parsed:direct_strength,,30,100.0,3000.0,30CPR RIV 100MG
043801101,ARIPIPRAZOLO EG*28CPR 15MG,7962.7,True,Validated,parsed:direct_strength,,28,15.0,420.0,28CPR 15MG
046284016,CINACALCET EG*28CPR RIV 30MG,7960.17,True,Validated,parsed:direct_strength,,28,30.0,840.0,28CPR RIV 30MG
040124048,ESOMEPRAZOLO MY*28CPS 20MG,7955.05,True,Validated,parsed:direct_strength,,28,20.0,560.0,28CPS 20MG
043364064,"BEMFOLA*SC 5PEN 75UI/0,125ML+A",7918.34,False,Unresolved,unresolved,other,,,,
050534039,SUGAMMADEX FIS*10FL2ML100MG/ML,7906.91,True,Validated,parsed:vol_conc,,10,200.0,2000.0,10FL2ML100MG/ML
030783043,"ATROPINA SOLFATO*10F 0,5MG 1ML",7906.7,True,Authoritative,aifa_ingredient_authoritative,,,,0.5,ATROPINA SOLFATO 0.5milligrammi
039220025,"IXIARO*IM 1SIR 0,5ML 6MCG",7895.54,True,Candidate,parsed:single_value_assumed_unit,,1,0.006,0.006,6MCG
022393084,ADRIBLASTINA*EV FL 200MG 100ML,7893.55,True,Candidate,parsed:single_value_assumed_unit,,1,200.0,200.0,200MG
050977014,OMJJARA*30CPR RIV 100MG FL,7854.84,True,Validated,parsed:direct_strength,,30,100.0,3000.0,30CPR RIV 100MG
043737220,ARIPIPRAZOLO KRKA*28CPR 15MG,7824.02,True,Validated,parsed:direct_strength,,28,15.0,420.0,28CPR 15MG
029361084,ISORAM*INFUS 20FL 500ML 4%,7796.65,True,Authoritative,aifa_ingredient_authoritative,,,,42440.0,AMINOACIDI 42.44grammi
029284015,PEDITRACE*INFUS 10FL 10ML,7776.38,False,Unresolved,unresolved,other,,,,
036452062,"NETILDEX*COLL 30FL 0,3ML",7736.89,False,Unresolved,unresolved,other,,,,
043411040,PREDNISONE TEVA*10CPR 25MG,7715.56,True,Validated,parsed:direct_strength,,10,25.0,250.0,10CPR 25MG
029724022,"DOTAREM*EV 1FL 10ML 0,5MMOL/ML",7709.07,False,Unresolved,unresolved,other,,,,
039231016,ZYPADHERA*IM 1FL 210MG+F RP,7695.22,True,Validated,parsed:direct_strength,,1,210.0,210.0,1FL 210MG
039107139,VALACICLOVIR MY*42CPR RIV500MG,7691.0,True,Validated,parsed:direct_strength,,42,500.0,21000.0,42CPR RIV500MG
049299023,"FINGOLIMOD TI*28CPS 0,5MG",7611.44,True,Validated,parsed:direct_strength,,28,0.5,14.0,"28CPS 0,5MG"
036598050,MIMPARA*28CPR RIV 60MG,7601.52,True,Validated,parsed:direct_strength,,28,60.0,1680.0,28CPR RIV 60MG
043653043,ARIPIPRAZOLO AURO*28CPR 10MG,7596.89,True,Validated,parsed:direct_strength,,28,10.0,280.0,28CPR 10MG
024659120,LEDERFOLIN*EV 1FL 25MG,7593.3,True,Validated,parsed:direct_strength,,1,25.0,25.0,1FL 25MG
025369048,NICETILE*30CPR GASTRORES 500MG,7583.21,True,Candidate,parsed:single_value_assumed_unit,,1,500.0,500.0,500MG
045338023,SIKLOS*60CPR RIV 100MG FL,7580.05,True,Validated,parsed:direct_strength,,60,100.0,6000.0,60CPR RIV 100MG
047622016,MULPLEO*7CPR RIV 3MG,7536.96,True,Validated,parsed:direct_strength,,7,3.0,21.0,7CPR RIV 3MG
039727033,GEMCITABINA HIK*INF FL 1G,7524.0,True,Candidate,parsed:single_value_assumed_unit,,1,1000.0,1000.0,1G
044995037,ERLOTINIB MYLAN*30CPR RIV150MG,7524.0,True,Validated,parsed:direct_strength,,30,150.0,4500.0,30CPR RIV150MG
034953024,"CONGESCOR*28CPR RIV 1,25MG",7523.09,True,Validated,parsed:direct_strength,,28,1.25,35.0,"28CPR RIV 1,25MG"
048696013,VAXCHORA*OS 1KIT 2BUST POLV,7518.94,False,Unresolved,unresolved,other,,,,
022620191,ACIDO ACETILS PAN*EV IM 6FL 1G,7467.17,True,Validated,parsed:direct_strength,,6,1000.0,6000.0,6FL 1G
045595055,CEFTRIAXONE QILU*IM EV 10FL 2G,7449.13,True,Validated,parsed:direct_strength,,10,2000.0,20000.0,10FL 2G
018002016,VISUMIDRIATIC*COLL 10ML 5MG/ML,7446.57,False,Unresolved,unresolved,other,,,,
028980011,BACTROBAN NASALE*UNG 3G 2%,7442.92,True,Authoritative,aifa_ingredient_authoritative,,,,2150.0,MUPIROCINA CALCICA 2.15grammi
023598030,RILATEN*IM IV 6F 20MG 2ML,7433.11,True,Validated,parsed:direct_strength,,6,20.0,120.0,6F 20MG
049485028,DESAMETASONE KAL*10F 1ML4MG/ML,7418.44,True,Validated,parsed:vol_conc,,10,4.0,40.0,10F 1ML4MG/ML
040433221,QUETIAPINA TE*60CPR 300MG RP,7403.03,True,Validated,parsed:direct_strength,,60,300.0,18000.0,60CPR 300MG
029354154,VISIPAQUE*270MG I/ML FLPP 200M,7392.0,True,Candidate,parsed:single_value_assumed_unit,,1,270.0,270.0,270MG
035691435,ARANESP*SC 1PEN 500MCG 1ML,7392.0,True,Validated,parsed:direct_strength,,1,0.5,0.5,1PEN 500MCG
044686020,DOCETAXEL HIK*INF 80MG/4ML,7370.78,False,Unresolved,unresolved,other,,,,
027393026,CATAPRESAN TTS2*2CER 5MG,7370.37,True,Validated,parsed:direct_strength,,2,5.0,10.0,2CER 5MG
040846139,LEVETIRACETAM AUR*30CPR 1000MG,7365.2,True,Validated,parsed:direct_strength,,30,1000.0,30000.0,30CPR 1000MG
047494303,"INNOHEP*10SIR 16000UI/0,8ML",7365.19,False,Unresolved,unresolved,other,,,,
042916027,"ATOSIBAN SUN*EV FL 37,5MG/5ML",7352.45,False,Unresolved,unresolved,other,,,,
046036024,PALIPERIDONE TE*28CPR 3MG RP,7345.54,True,Validated,parsed:direct_strength,,28,3.0,84.0,28CPR 3MG
044543027,ARIPIPRAZOLO ACC*28CPR 5MG,7343.73,True,Validated,parsed:direct_strength,,28,5.0,140.0,28CPR 5MG
033640665,CARBOSEN*10F 10ML 20MG/ML,7343.71,True,Validated,parsed:vol_conc,,10,200.0,2000.0,10F 10ML 20MG/ML
046878043,LEVOBUPIVAC AL*10F 10ML 5MG/ML,7341.94,True,Validated,parsed:vol_conc,,10,50.0,500.0,10F 10ML 5MG/ML
046127015,CRYSVITA*SC 1FL 10MG/ML,7338.42,False,Unresolved,unresolved,other,,,,
030939298,RINGER LATTATO BAX*20FL 500ML,7336.65,False,Unresolved,unresolved,other,,,,
045829049,NITISINONE DIP*60CPS 20MG FL,7335.24,True,Validated,parsed:direct_strength,,60,20.0,1200.0,60CPS 20MG
048989014,GENCEBOK*EV OS 50F 1ML 10MG/ML,7309.87,True,Validated,parsed:vol_conc,,50,10.0,500.0,50F 1ML 10MG/ML
022864021,"FLUBASON*EMULS 15BUST 2G 0,25%",7294.59,True,Authoritative,aifa_ingredient_authoritative,,,,2.5,DESOSSIMETASONE 2.5milligrammi
028347019,SUFENTANIL PIRAMAL*EV 5F 5ML,7291.12,False,Unresolved,unresolved,other,,,,
036825216,STALEVO*100CPR 200+50+200MG,7277.9,True,Candidate,parsed:single_value_assumed_unit,,1,200.0,200.0,200MG
034032019,TECHNESCAN MAG3 DRN 4334*IV 5F,7265.5,False,Unresolved,unresolved,other,,,,
044908010,"SODIO CLORURO KCL*0,9+0,3% 500",7265.45,False,Unresolved,unresolved,other,,,,
047603016,POSACONAZOLO MY*OS SOSP40MG/ML,7245.42,False,Unresolved,unresolved,other,,,,
049297017,ABIRATERONE MED*120CPR 250MG,7242.76,True,Validated,parsed:direct_strength,,120,250.0,30000.0,120CPR 250MG
039341021,EMISTOP*INIET 5F 4ML 2MG/ML,7222.71,True,Validated,parsed:vol_conc,,5,8.0,40.0,5F 4ML 2MG/ML
034430355,NEORECORMON*IV SC 1SIR 10000UI,7218.18,False,Unresolved,unresolved,other,,,,
036145023,HOSPASOL*2SA 5LT 145MMOL/LT,7176.0,False,Unresolved,unresolved,other,,,,
043305034,ACIDO MICOFENOLICO AC*100CPR,7163.46,False,Unresolved,unresolved,other,,,,
044269126,"GHEMAXAN*10SIR 8000UI 0,8ML+S",7156.16,False,Unresolved,unresolved,other,,,,
038917011,RANEXA*60CPR 375MG RP,7134.67,True,Validated,parsed:direct_strength,,60,375.0,22500.0,60CPR 375MG
023593092,EN*IM IV 3F 1ML 2MG/ML,7119.95,True,Validated,parsed:vol_conc,,3,2.0,6.0,3F 1ML 2MG/ML
022323099,TRITTICO*OS GTT 30ML 60MG/ML,7112.93,True,Candidate,parsed:implied_unit_vol_conc,,1,1800.0,1800.0,GTT 30ML 60MG/ML
034752117,REMINYL*28CPS 8MG RP,7094.87,True,Validated,parsed:direct_strength,,28,8.0,224.0,28CPS 8MG
043362161,LEVOBUPIVACAINA KA*5F 5MG/ML,7092.63,False,Unresolved,unresolved,other,,,,
050357591,MOUNJARO*4DOSI DA 15MG 1KWIKPE,7092.01,True,Candidate,parsed:single_value_assumed_unit,,1,15.0,15.0,15MG
025728027,ALMARYTM*EV 5F 150MG/15ML,7089.71,False,Unresolved,unresolved,other,,,,
045100017,"DROPERIDOLO HIK*10FL 2,5MG 1ML",7081.8,True,Validated,parsed:direct_strength,,10,2.5,25.0,"10FL 2,5MG"
051072027,ERTAPENEM QI*EV 10FL 1G,7062.53,True,Validated,parsed:direct_strength,,10,1000.0,10000.0,10FL 1G
029153020,"TYPHIM VI*IM 1SIR 0,5ML+2AGHI",7046.71,False,Unresolved,unresolved,other,,,,
029153032,"TYPHIM VI*IM 1SIR 0,5ML+1AGO",7046.71,False,Unresolved,unresolved,other,,,,
047416110,ALUNBRIG*28CPR RIV 30MG,7038.3,True,Validated,parsed:direct_strength,,28,30.0,840.0,28CPR RIV 30MG
048446076,SUNOSI*28CPR RIV 150MG,7033.68,True,Validated,parsed:direct_strength,,28,150.0,4200.0,28CPR RIV 150MG
047474034,NAMUSCLA*100CPS 167MG,7012.5,True,Validated,parsed:direct_strength,,100,167.0,16700.0,100CPS 167MG
002177018,"PENSULVIT*UNG OFT 6,5G",7002.32,True,Candidate,parsed:single_value_assumed_unit,,1,6500.0,6500.0,"6,5G"
029032087,CODEX*30CPS 5MLD 250MG,6989.68,True,Candidate,parsed:single_value_assumed_unit,,1,250.0,250.0,250MG
045672072,ENTECAVIR VI*30CPR RIV 1MG,6953.16,True,Validated,parsed:direct_strength,,30,1.0,30.0,30CPR RIV 1MG
044530044,MITOMICINA MED*INIET 1FL 10MG,6952.92,True,Validated,parsed:direct_strength,,1,10.0,10.0,1FL 10MG
036825115,"STALEVO*100CPR 150+37,5+200MG",6949.78,True,Candidate,parsed:single_value_assumed_unit,,1,200.0,200.0,200MG
040864023,"CHENPEN*IM 1SIR 300MCG/0,3ML",6948.21,False,Unresolved,unresolved,single_dose_device_ambiguous,,,,
045431020,AXUMIN*1FL 3200MBQ/ML 10ML,6930.0,False,Unresolved,unresolved,other,,,,
045790021,TRELEGY ELL*30D 92+55+22MCG,6916.39,True,Candidate,parsed:single_value_assumed_unit,,1,0.022,0.022,22MCG
020417022,DESFERAL*10FL 500MG/5ML+10F5ML,6912.27,False,Unresolved,unresolved,other,,,,
029038027,URSOBIL HT*20CPS 450MG RM,6910.17,True,Authoritative,aifa_ingredient_authoritative,,,,450.0,ACIDO URSODESOSSICOLICO 450milligrammi
048669269,TOLVAPTAN TE*28CPR30MG+28CPR60,6904.2,True,Validated,parsed:direct_strength,,28,30.0,840.0,28CPR30MG
040409068,"CHLORAPREP*SOL CUT 20APPL 1,5",6878.2,False,Unresolved,unresolved,other,,,,
037135050,SMOFLIPID*10FL 250ML 200MG/ML,6877.09,True,Validated,parsed:vol_conc,,10,50000.0,500000.0,10FL 250ML 200MG/ML
036130019,"GENTAMICINA MY*CR 30G 0,1%",6866.39,True,Candidate,parsed:single_value_assumed_unit,,1,30000.0,30000.0,30G
038085039,PERGOVERIS*SC 10FL 150UI+75UI,6848.6,False,Unresolved,unresolved,other,,,,
029169099,SINTAMIN*EV 10FL 500ML,6848.13,True,Authoritative,aifa_ingredient_authoritative,,,,100.0,L-CISTEINA 0.1grammi
042590125,BOSENTAN MY*56CPR RIV 125MG,6829.77,True,Validated,parsed:direct_strength,,56,125.0,7000.0,56CPR RIV 125MG
022738013,"COSMEGEN*EV 1FL 0,5MG",6814.07,True,Authoritative,aifa_ingredient_authoritative,,,,0.5,DACTINOMICINA 0.5milligrammi
012745182,TACHIPIRINA*16CPR DIV 1000MG,6810.18,True,Validated,parsed:direct_strength,,16,1000.0,16000.0,16CPR DIV 1000MG
043737028,ARIPIPRAZOLO KRKA*28CPR 5MG,6802.18,True,Validated,parsed:direct_strength,,28,5.0,140.0,28CPR 5MG
022483109,DEPAKIN CHRONO*30CPR 300MG RP,6787.56,True,Validated,parsed:direct_strength,,30,300.0,9000.0,30CPR 300MG
043339050,COMETRIQ*CPS 28X20MG+28X80MG,6750.69,True,Candidate,parsed:single_value_assumed_unit,,1,20.0,20.0,20MG
038344014,ONDANSETRONE HIK*EV 5F 4MG 2ML,6721.52,True,Validated,parsed:direct_strength,,5,4.0,20.0,5F 4MG
044407043,ARIPIPRAZOLO SAND*28CPR 5MG,6711.15,True,Validated,parsed:direct_strength,,28,5.0,140.0,28CPR 5MG
045935020,IRINTO*EV FL 5ML 20MG/ML,6696.75,True,Candidate,parsed:implied_unit_vol_conc,,1,100.0,100.0,FL 5ML 20MG/ML
028441020,ALTERGEN*15GARZE IMPREGNATE,6696.02,False,Unresolved,unresolved,other,,,,
042021042,BUCCOLAM*OS SOLUZ 4SIR 10MG,6663.2,True,Validated,parsed:direct_strength,,4,10.0,40.0,4SIR 10MG
036026060,OLPRESS*28CPR RIV 20MG,6662.18,True,Validated,parsed:direct_strength,,28,20.0,560.0,28CPR RIV 20MG
039941164,OLIMEL*N7E INF 4SACCHE 2000ML,6656.0,False,Unresolved,unresolved,other,,,,
041787033,"RIVASTIGMINA AURO*56CPS 4,5MG",6655.9,True,Validated,parsed:direct_strength,,56,4.5,252.0,"56CPS 4,5MG"
042331049,METILPREDNISOLONE HI*10FL 125,6651.18,False,Unresolved,unresolved,other,,,,
044778037,CEPTAVA*100CPR GASTR 180MG,6639.35,True,Validated,parsed:direct_strength,,100,180.0,18000.0,100CPR GASTR 180MG
051622025,ANZUPGO*CREMA 60G 20MG/G,6632.71,True,Candidate,parsed:single_value_assumed_unit,,1,60000.0,60000.0,60G
050413020,OMEPRAZOLO ZEN*INFUS 5FL 40MG,6630.02,True,Validated,parsed:direct_strength,,5,40.0,200.0,5FL 40MG
030798021,MORFINA CL MONICO*5F 20MG 1ML,6620.76,True,Validated,parsed:direct_strength,,5,20.0,100.0,5F 20MG
035698202,"BALANCE*2,3% 5000ML 2SACCHE",6604.3,False,Unresolved,unresolved,other,,,,
038678102,VELMETIA*56CPR RIV 50MG+1000MG,6585.04,True,Validated,parsed:direct_strength,,56,50.0,2800.0,56CPR RIV 50MG
037727056,MIDAZOLAM B.BRAUN*10F 5MG,6573.6,True,Validated,parsed:direct_strength,,10,5.0,50.0,10F 5MG
037192034,SUTENT*30CPS 50MG,6551.62,True,Validated,parsed:direct_strength,,30,50.0,1500.0,30CPS 50MG
028990012,KRENOSIN*EV 6F 2ML 6MG/2ML,6532.09,True,Authoritative,aifa_ingredient_authoritative,,,,6.0,ADENOSINA 6milligrammi
038904936,OSSIGENO*COMPR 200BAR 2L AL VA,6522.88,False,Unresolved,unresolved,oxygen_gas,,,,
039889136,GALNORA*28CPS 8MG RP,6512.58,True,Validated,parsed:direct_strength,,28,8.0,224.0,28CPS 8MG
031201027,PARAFFINA LIQ STER*10F 10ML,6496.97,False,Unresolved,unresolved,other,,,,
044844013,SEVELAMER AUR*180CPR RIV 800MG,6464.75,True,Validated,parsed:direct_strength,,180,800.0,144000.0,180CPR RIV 800MG
036086080,CALCIO LEVOFOL TE*1FL 10ML,6448.75,False,Unresolved,unresolved,other,,,,
019655051,BENTELAN*10CPR EFF 1MG,6448.61,True,Validated,parsed:direct_strength,,10,1.0,10.0,10CPR EFF 1MG
039132307,OSSIGENO*COMPR 200BAR 5LT VAL,6399.19,False,Unresolved,unresolved,oxygen_gas,,,,
044077028,ADRENALINA AGUET*10SIR1MG/10ML,6388.8,False,Unresolved,unresolved,other,,,,
042009086,ROPIVACAINA GS*5F 10ML 10MG/ML,6385.71,True,Validated,parsed:vol_conc,,5,100.0,500.0,5F 10ML 10MG/ML
047090016,"PELGRAZ*SC 1SIR 6MG 0,6ML",6380.0,True,Validated,parsed:direct_strength,,1,6.0,6.0,1SIR 6MG
038345029,TANDEMACT*28CPR 30MG+4MG,6373.46,True,Validated,parsed:direct_strength,,28,30.0,840.0,28CPR 30MG
035628419,VFEND*28CPR RIV 200MG,6347.1,True,Validated,parsed:direct_strength,,28,200.0,5600.0,28CPR RIV 200MG
050518063,AXITINIB EG*56CPR RIV 5MG,6338.64,True,Validated,parsed:direct_strength,,56,5.0,280.0,56CPR RIV 5MG
041477011,NANOALBUMON*6FL 500MCG KIT,6336.0,True,Validated,parsed:direct_strength,,6,0.5,3.0,6FL 500MCG
030649329,ACQUA PI SALF*3SACCHE 3000ML,6334.59,False,Unresolved,unresolved,other,,,,
050080023,VYDURA*8LIOF 75MG,6330.32,True,Candidate,parsed:single_value_assumed_unit,,1,75.0,75.0,75MG
042616019,ILUVIEN*IMPIANTO INTRAV 190MCG,6329.19,True,Candidate,parsed:single_value_assumed_unit,,1,0.19,0.19,190MCG
034954103,"CARDICOR*28CPR RIV 2,5MG",6316.78,True,Validated,parsed:direct_strength,,28,2.5,70.0,"28CPR RIV 2,5MG"
045489022,TRIMBOW*SOLxINAL120D 87+5+9MCG,6295.57,True,Candidate,parsed:single_value_assumed_unit,,1,0.009,0.009,9MCG
037152081,NEUPRO*28CER 6MG/24H,6287.95,False,Unresolved,unresolved,other,,,,
029417019,MICROPAM*4MICROCLISMI 5MG,6281.82,True,Candidate,parsed:single_value_assumed_unit,,1,5.0,5.0,5MG
050192018,FLUODESOSSIGLUCOSIO ITEL*1FL,6266.05,False,Unresolved,unresolved,other,,,,
040510683,QUETIAPINA TE*60CPR RIV 200MG,6216.11,True,Validated,parsed:direct_strength,,60,200.0,12000.0,60CPR RIV 200MG
029055023,"PROHANCE*EV FL 10ML 279,3MG/ML",6206.2,True,Candidate,parsed:implied_unit_vol_conc,,1,2793.0,2793.0,"FL 10ML 279,3MG/ML"
040009019,MICOFENOLATO M SAN*50CPR 500MG,6178.4,True,Validated,parsed:direct_strength,,50,500.0,25000.0,50CPR 500MG
048906046,DAURISMO*30CPR RIV 100MG,6156.3,True,Validated,parsed:direct_strength,,30,100.0,3000.0,30CPR RIV 100MG
045829025,NITISINONE DIP*60CPS 10MG FL,6152.0,True,Validated,parsed:direct_strength,,60,10.0,600.0,60CPS 10MG
037566054,ALBUMINA BAXALTA*FL50ML 200G/L,6147.94,False,Unresolved,unresolved,other,,,,
049826100,CIBINQO*91CPR RIV 100MG,6146.28,True,Validated,parsed:direct_strength,,91,100.0,9100.0,91CPR RIV 100MG
038345144,TANDEMACT*28CPR 30MG+2MG,6135.17,True,Validated,parsed:direct_strength,,28,30.0,840.0,28CPR 30MG
042223065,"ANNISTER*OS SOL2FL2,5ML25000UI",6129.78,False,Unresolved,unresolved,other,,,,
020851034,SPASMEX*INIETT 10F 40MG/4ML,6107.79,False,Unresolved,unresolved,other,,,,
036374080,ZEMPLAR*28CPS MOLLI 2MCG,6102.72,True,Validated,parsed:direct_strength,,28,0.002,0.056,28CPS MOLLI 2MCG
021978046,BACTRIM*16CPR 160MG+800MG,6095.81,True,Validated,parsed:direct_strength,,16,160.0,2560.0,16CPR 160MG
038190373,"BINOCRIT*1SIR 6.000UI 0,6ML+DI",6085.72,False,Unresolved,unresolved,other,,,,
033645033,DACARBAZINA MEDAC*1FL 500MG,6055.63,True,Validated,parsed:direct_strength,,1,500.0,500.0,1FL 500MG
045317157,"AMGEVITA*SC 2PEN 0,4ML 40MG",6050.0,True,Candidate,parsed:single_value_assumed_unit,,1,40.0,40.0,40MG
047191059,XERAVA*EV 10FL 100MG,6038.63,True,Validated,parsed:direct_strength,,10,100.0,1000.0,10FL 100MG
029212053,DUROGESIC*3CER 25MCG/ORA,6033.22,False,Unresolved,unresolved,other,,,,
029724150,"DOTAREM*EV 1SIR 20ML0,5MMOL/ML",6031.3,False,Unresolved,unresolved,other,,,,
029610096,METADONE CLOR MOL*OS 5MG/ML5ML,6027.32,False,Unresolved,unresolved,other,,,,
034430443,NEORECORMON*IV SC 6SIR 6000UI,6018.45,False,Unresolved,unresolved,other,,,,
041029012,NADOLOLO CHEPLA*30CPR 80MG,6008.44,True,Validated,parsed:direct_strength,,30,80.0,2400.0,30CPR 80MG
027485186,LIPOFUNDIN MCT*10FL 250ML 10%+,6008.42,False,Unresolved,unresolved,other,,,,
026544027,METOTRESSATO TEVA*FL 50MG 2ML,5999.07,True,Candidate,parsed:single_value_assumed_unit,,1,50.0,50.0,50MG
049859022,SUGAMMADEX TEV*10FL5ML100MG/ML,5989.5,True,Validated,parsed:vol_conc,,10,500.0,5000.0,10FL5ML100MG/ML
026471019,"ZOLADEX*SC 1SIR 3,6MG RP",5979.07,True,Authoritative,aifa_ingredient_authoritative,,,,3.6,GOSERELIN ACETATO 3.6milligrammi
051253021,ALTUVOCT*EV 500UI+SIR SOLV 3ML,5958.48,False,Unresolved,unresolved,other,,,,
040864011,"CHENPEN*IM 1SIR 150MCG/0,3ML",5950.55,False,Unresolved,unresolved,single_dose_device_ambiguous,,,,
042227013,ESMYA*28CPR 5MG,5949.0,True,Validated,parsed:direct_strength,,28,5.0,140.0,28CPR 5MG
049623438,LENALIDOMIDE SUN*21CPS 5MG,5940.33,True,Validated,parsed:direct_strength,,21,5.0,105.0,21CPS 5MG
029417021,MICROPAM*4MICROCLISMI 10MG,5922.06,True,Candidate,parsed:single_value_assumed_unit,,1,10.0,10.0,10MG
028440030,CONNETTIVINA PLUS*CREMA 25G,5901.5,True,Candidate,parsed:single_value_assumed_unit,,1,25000.0,25000.0,25G
035724069,LANTUS*SC 5CART 100U/ML 3ML,5877.05,False,Unresolved,unresolved,other,,,,
045248046,TALMANCO*56CPR RIV 20MG,5874.16,True,Validated,parsed:direct_strength,,56,20.0,1120.0,56CPR RIV 20MG
028558017,PRONTOBARIO HD*OS POLV 340G,5857.65,True,Authoritative,aifa_ingredient_authoritative,,,,98450.0,BARIO SOLFATO 98.45grammi
046889198,"HYRIMOZ*SC 2SIR 0,2ML 20MG",5854.64,True,Candidate,parsed:single_value_assumed_unit,,1,20.0,20.0,20MG
036980047,AMOXICILLINA AC CLA SAN*12CPR,5827.32,False,Unresolved,unresolved,other,,,,
046129033,ALKINDI*50CPS GRANULI 2MG FL,5826.74,True,Validated,parsed:direct_strength,,50,2.0,100.0,50CPS GRANULI 2MG
023491133,MICOTEF*GEL OS 40G 2%,5809.95,True,Candidate,parsed:single_value_assumed_unit,,1,40000.0,40000.0,40G
045597402,PRASUGREL TEVA*28CPR RIV 10MG,5799.85,True,Validated,parsed:direct_strength,,28,10.0,280.0,28CPR RIV 10MG
035748019,ACIDO TRANEXAMICO*IV OS 5F 5ML,5798.2,False,Unresolved,unresolved,other,,,,
022033029,AMIODAR*EV 5F 150MG/3ML,5794.37,True,Authoritative,aifa_ingredient_authoritative,,,,150.0,AMIODARONE CLORIDRATO 150milligrammi
044007019,"GOGANZA*OS 20BUST 13,8G",5781.67,True,Validated,parsed:direct_strength,,20,13800.0,276000.0,"20BUST 13,8G"
047494099,"INNOHEP*10SIR 4500UI/0,45ML",5767.89,False,Unresolved,unresolved,other,,,,
043736026,IQYMUNE*EV 50ML 100MG/ML,5747.5,False,Unresolved,unresolved,other,,,,
018610079,CARNITENE*OS 10FL 2G/10ML,5747.22,False,Unresolved,unresolved,other,,,,
045576055,CEFTAZIDIMA QILU*INIET 10FL 1G,5747.12,True,Validated,parsed:direct_strength,,10,1000.0,10000.0,10FL 1G
009277017,DIAMOX*12CPR 250MG,5746.61,True,Validated,parsed:direct_strength,,12,250.0,3000.0,12CPR 250MG
049623681,LENALIDOMIDE SUN*21CPS 25MG,5742.89,True,Validated,parsed:direct_strength,,21,25.0,525.0,21CPS 25MG
020009041,RIFOCIN*IV 1F 250MG 10ML,5738.76,True,Validated,parsed:direct_strength,,1,250.0,250.0,1F 250MG
045266020,TRUXIMA*INFUS 2FL 100MG 10ML,5727.17,True,Validated,parsed:direct_strength,,2,100.0,200.0,2FL 100MG
045226053,REKOVELLE*SC 1PEN 36MCG+9AGHI,5705.0,True,Validated,parsed:direct_strength,,1,0.036,0.036,1PEN 36MCG
030210025,FUROSEMIDE L.F.M.*60CPR 25MG,5693.18,True,Authoritative,aifa_ingredient_authoritative,,,,25.0,FUROSEMIDE 25milligrammi
008194045,VIT C SALF*IM EV 5F 500MG 5ML,5670.16,True,Validated,parsed:direct_strength,,5,500.0,2500.0,5F 500MG
040267027,FLEBOGAMMA DIF*EV 50ML 50MG/ML,5665.0,False,Unresolved,unresolved,other,,,,
037668011,PIPERACILLINA TA MY*IM2G+250MG,5662.35,True,Candidate,parsed:single_value_assumed_unit,,1,2000.0,2000.0,2G
050382035,EMYLIF*56BUST FILM OROD 50MG,5654.92,True,Candidate,parsed:single_value_assumed_unit,,1,50.0,50.0,50MG
045104332,"INHIXA*6SIR 2000UI 0,2ML",5614.57,False,Unresolved,unresolved,other,,,,
005556016,ORTODERMINA*CREMA 50G 5%,5607.01,True,Authoritative,aifa_ingredient_authoritative,,,,500000.0,LIDOCAINA CLORIDRATO 500grammi
037754013,SIMETICONE IBI*OS GTT FL 30ML,5601.38,False,Unresolved,unresolved,other,,,,
046022048,CINACALCET TIL*28CPR RIV 60MG,5590.96,True,Validated,parsed:direct_strength,,28,60.0,1680.0,28CPR RIV 60MG
036515171,"TICOVAC*IM SC 1SIR 0,5ML+AGO",5589.05,False,Unresolved,unresolved,other,,,,
022620165,ACIDO ACETILS PAN*EV IM6F500MG,5588.14,True,Validated,parsed:direct_strength,,6,500.0,3000.0,6F500MG
040469049,ONDANSETRONE ACC*10F 4ML2MG/ML,5582.38,True,Validated,parsed:vol_conc,,10,8.0,80.0,10F 4ML2MG/ML
037568033,"BYETTA*SC1PEN2,4ML 10MCG/40MCL",5555.17,False,Unresolved,unresolved,other,,,,
034752131,REMINYL*28CPS 16MG RP,5549.35,True,Validated,parsed:direct_strength,,28,16.0,448.0,28CPS 16MG
043185014,LEVETIRACETAM HOS*10FL500MG 5M,5544.0,True,Validated,parsed:direct_strength,,10,500.0,5000.0,10FL500MG
049685050,EVRENZO*12CPR RIV 150MG,5535.29,True,Validated,parsed:direct_strength,,12,150.0,1800.0,12CPR RIV 150MG
045249051,FIASP*FLEXTOUCH 5PEN 100U/ML,5523.7,False,Unresolved,unresolved,other,,,,
046983019,MICOFENOLATO M TIL*100CPS250MG,5519.52,True,Validated,parsed:direct_strength,,100,250.0,25000.0,100CPS250MG
036982027,"REVATIO*EV 1FL 20ML 0,8MG/ML",5515.41,True,Validated,parsed:vol_conc,,1,16.0,16.0,"1FL 20ML 0,8MG/ML"
033306010,HYCAMTIN*INFUS IV 5FL 4MG,5499.96,True,Validated,parsed:direct_strength,,5,4.0,20.0,5FL 4MG
037879107,FLUCONAZOLO DOC*10CPS 100MG,5494.41,True,Validated,parsed:direct_strength,,10,100.0,1000.0,10CPS 100MG
046634022,PRASUGREL VIA*28CPR RIV10MG FL,5475.35,True,Validated,parsed:direct_strength,,28,10.0,280.0,28CPR RIV10MG
043051123,"VIPIDIA*28CPR RIV 12,5MG",5466.01,True,Validated,parsed:direct_strength,,28,12.5,350.0,"28CPR RIV 12,5MG"
050827017,"TALVEY*SC 1FL 1,5ML 2MG/ML",5459.88,True,Validated,parsed:vol_conc,,1,3.0,3.0,"1FL 1,5ML 2MG/ML"
045837022,DIZZITAM*OS EV 10F 2G 10ML,5446.36,True,Validated,parsed:direct_strength,,10,2000.0,20000.0,10F 2G
043425014,POTASSIO SODIO CLOR KA*10F 500,5445.0,False,Unresolved,unresolved,other,,,,
039546039,ARTISS*1SIR 5ML+5ML,5445.0,False,Unresolved,unresolved,other,,,,
044543080,ARIPIPRAZOLO ACC*28CPR 10MG,5439.09,True,Validated,parsed:direct_strength,,28,10.0,280.0,28CPR 10MG
041468063,DEXDOR*EV 4FL 10ML 100MCG/ML,5427.83,True,Validated,parsed:vol_conc,,4,1.0,4.0,4FL 10ML 100MCG/ML
044078020,GEMCITABINA AURO*INF FL 1G,5426.85,True,Candidate,parsed:single_value_assumed_unit,,1,1000.0,1000.0,1G
020766046,PLASIL*24CPR 10MG,5418.07,True,Validated,parsed:direct_strength,,24,10.0,240.0,24CPR 10MG
039540051,JAVLOR*EV 1FL 10ML 25MG/ML,5411.73,True,Validated,parsed:vol_conc,,1,250.0,250.0,1FL 10ML 25MG/ML
044995013,ERLOTINIB MYLAN*30CPR RIV100MG,5408.7,True,Validated,parsed:direct_strength,,30,100.0,3000.0,30CPR RIV100MG
033120092,SIGMACILLINA*IM 1SIR 1200000UI,5402.37,False,Unresolved,unresolved,other,,,,
026962047,HUMATROPE*1CART 6MG (18UI)+SIR,5401.44,True,Candidate,parsed:single_value_assumed_unit,,1,6.0,6.0,6MG
038371011,LORAMYC*FL 14CPR BUCCALI 50MG,5399.07,True,Validated,parsed:direct_strength,,14,50.0,700.0,14CPR BUCCALI 50MG
038643197,MOLAXOLE*OS POLV 20BUST,5396.82,False,Unresolved,unresolved,other,,,,
041274034,OXALIPLATINO ACC*INF 200MG40ML,5395.5,False,Unresolved,unresolved,other,,,,
025197043,FARMORUBICINA*IV FL LIOF 50MG,5390.57,True,Candidate,parsed:single_value_assumed_unit,,1,50.0,50.0,50MG
038804050,IRINOTECAN MY*1FL 5ML 20MG/ML,5390.0,True,Validated,parsed:vol_conc,,1,100.0,100.0,1FL 5ML 20MG/ML
039603105,ARIA SOL*200BAR 50LT,5385.53,False,Unresolved,unresolved,other,,,,
034302036,RINGER LATTATO*EV 10FL 500ML,5382.05,False,Unresolved,unresolved,other,,,,
027686118,NORDITROPIN NORDIFLEX*1PEN15MG,5373.84,True,Validated,parsed:direct_strength,,1,15.0,15.0,1PEN15MG
028282301,IOMERON 350*IV FL 150ML,5370.75,False,Unresolved,unresolved,other,,,,
020465011,LASIX*INIET 5F 2ML 20MG/2ML,5367.42,True,Authoritative,aifa_ingredient_authoritative,,,,20.0,FUROSEMIDE 20milligrammi
049972019,SAPROPTERINA DI*30CPR 100MG FL,5362.5,True,Validated,parsed:direct_strength,,30,100.0,3000.0,30CPR 100MG
042697045,CISATRACURIO MY*5F 5ML 2MG/ML,5361.41,True,Validated,parsed:vol_conc,,5,10.0,50.0,5F 5ML 2MG/ML
027574019,MEGESTIL*30CPR 160MG,5353.33,True,Authoritative,aifa_ingredient_authoritative,,,,160.0,MEGESTROLO ACETATO 160milligrammi
043486012,LEVETIRACETAM HIK*10FL500MG5ML,5335.0,True,Validated,parsed:direct_strength,,10,500.0,5000.0,10FL500MG
026114052,DIPRIVAN*INF SIR 50ML 10MG/ML,5333.06,True,Candidate,parsed:implied_unit_vol_conc,,1,500.0,500.0,SIR 50ML 10MG/ML
041787021,RIVASTIGMINA AURO*56CPS 3MG,5323.91,True,Validated,parsed:direct_strength,,56,3.0,168.0,56CPS 3MG
035313055,DEPALGOS*28CPR RIV 10MG+325MG,5317.79,True,Validated,parsed:direct_strength,,28,10.0,280.0,28CPR RIV 10MG
026844340,"GENOTROPIN*GOQUICK 1PEN 5,3MG",5314.99,True,Validated,parsed:direct_strength,,1,5.3,5.3,"1PEN 5,3MG"
026958049,PERFAN*EV 5F 100MG/20ML,5311.17,False,Unresolved,unresolved,other,,,,
031181252,GLUCOSIO*33% 10F 10ML,5310.46,False,Unresolved,unresolved,other,,,,
026009023,LEVOPRAID*IM IV 6F 25MG 2ML,5302.09,True,Validated,parsed:direct_strength,,6,25.0,150.0,6F 25MG
046416020,CARBOPLATINO HIK*EV 1FL 15ML,5291.72,False,Unresolved,unresolved,other,,,,
041220017,VANCOMICINA MY*INF OS FL 500MG,5280.14,True,Candidate,parsed:single_value_assumed_unit,,1,500.0,500.0,500MG
039150368,OSSIGENO*CRIOGEN 31LT MOBILE,5276.22,False,Unresolved,unresolved,oxygen_gas,,,,
044876187,BOSENTAN AUR*56CPR RIV 125MG,5266.8,True,Validated,parsed:direct_strength,,56,125.0,7000.0,56CPR RIV 125MG
039712029,PRIVIGEN*EV 1FL 100ML 100MG/ML,5266.8,True,Validated,parsed:vol_conc,,1,10000.0,10000.0,1FL 100ML 100MG/ML
044388015,DURLEVATEC*3CER 35MCG/H,5256.96,False,Unresolved,unresolved,other,,,,
035262245,"HBVAXPRO*IM 1SIR 5MCG 0,5ML+2A",5254.26,True,Validated,parsed:direct_strength,,1,0.005,0.005,1SIR 5MCG
051336016,RALTEGRAVIR DR*60CPR RIV 600MG,5253.6,True,Validated,parsed:direct_strength,,60,600.0,36000.0,60CPR RIV 600MG
039576107,ARIA NIPPON GAS*200BAR 12X50LT,5241.45,False,Unresolved,unresolved,other,,,,
049176011,PEMETREXED EV*EV FL 4ML25MG/ML,5235.01,True,Candidate,parsed:implied_unit_vol_conc,,1,100.0,100.0,FL 4ML25MG/ML
032151223,"BRAUNOL*7,5% 20FL 500ML",5225.01,False,Unresolved,unresolved,other,,,,
049207018,TRESUVI*1FL 10ML 1MG/ML,5218.29,True,Validated,parsed:vol_conc,,1,10.0,10.0,1FL 10ML 1MG/ML
035498029,"BICAVERA*1,5% GLU 2000ML 4SACC",5216.64,False,Unresolved,unresolved,other,,,,
041333194,TEMOZOLOMIDE SUN*5CPS 140MG,5212.48,True,Validated,parsed:direct_strength,,5,140.0,700.0,5CPS 140MG
042312025,EZEMANTIS*28CPR RIV 20MG,5196.2,True,Validated,parsed:direct_strength,,28,20.0,560.0,28CPR RIV 20MG
023090057,ANDROCUR*30CPR 50MG,5196.09,True,Validated,parsed:direct_strength,,30,50.0,1500.0,30CPR 50MG
029870045,RINGER LATTATO*1FL 500ML,5182.32,False,Unresolved,unresolved,other,,,,
040113045,DOCETAXEL AURO*INF 20MG/ML 8ML,5162.85,False,Unresolved,unresolved,other,,,,
036519027,GABAPENTIN ABC*50CPS 300MG,5157.06,True,Validated,parsed:direct_strength,,50,300.0,15000.0,50CPS 300MG
037129018,PROMIXIN*NEBUL 30MONOD 1MUI,5148.0,False,Unresolved,unresolved,other,,,,
044098010,DOPAMINA CL HIK*10F 200MG/5ML,5126.39,False,Unresolved,unresolved,other,,,,
038917035,RANEXA*60CPR 500MG RP,5124.95,True,Validated,parsed:direct_strength,,60,500.0,30000.0,60CPR 500MG
038558019,TEXTAZO*IM 1FL 2G+250MG/4ML,5119.58,True,Validated,parsed:direct_strength,,1,2000.0,2000.0,1FL 2G
038348126,"MIRCERA*IV SC SIR 200MCG 0,3ML",5110.6,True,Candidate,parsed:single_value_assumed_unit,,1,0.2,0.2,200MCG
022512014,"DUPHALAC*SCIR 200ML66,7G/100ML",5109.7,True,Authoritative,aifa_ingredient_authoritative,,,,66750.0,LATTULOSIO 66.75grammi
043444025,LAVENTAIR ELLIPTA*30D 55+22MCG,5084.93,True,Candidate,parsed:single_value_assumed_unit,,1,0.022,0.022,22MCG
035418021,COPAXONE*SC 28SIR 20MG/ML,5083.83,False,Unresolved,unresolved,other,,,,
040510986,QUETIAPINA TE*60CPR RIV 300MG,5076.36,True,Validated,parsed:direct_strength,,60,300.0,18000.0,60CPR RIV 300MG
030786014,CALCIO CLORURO MO*5F 1G 10ML,5069.64,True,Validated,parsed:direct_strength,,5,1000.0,5000.0,5F 1G
036694014,WILZIN*250CPS 25MG FL,5052.36,True,Validated,parsed:direct_strength,,250,25.0,6250.0,250CPS 25MG
038381568,"RETACRIT*1SIR 2.000UI 0,6ML",5048.91,False,Unresolved,unresolved,other,,,,
043919024,"BOSENTAN SUN*56CPR RIV 62,5MG",5038.11,True,Validated,parsed:direct_strength,,56,62.5,3500.0,"56CPR RIV 62,5MG"
050708015,LACOSAMIDE ADR*5FL20ML 10MG/ML,5032.9,True,Validated,parsed:vol_conc,,5,200.0,1000.0,5FL20ML 10MG/ML
034410023,ETOPOSIDE TEVA*EV 10ML 20MG/ML,5019.22,False,Unresolved,unresolved,other,,,,
025860026,"TOBRAL*COLL 5ML 0,3%",5017.8,False,Unresolved,unresolved,other,,,,
038107076,OXALIPLATINO TEVA*EV200MG 40ML,5002.47,True,Candidate,parsed:single_value_assumed_unit,,1,200.0,200.0,200MG
048467082,KLEDER*21CPS 10MG,4994.22,True,Validated,parsed:direct_strength,,21,10.0,210.0,21CPS 10MG
038904544,OSSIGENO*COMPR 200BAR 40LT,4992.0,False,Unresolved,unresolved,oxygen_gas,,,,
042590051,"BOSENTAN MY*56CPR RIV 62,5MG",4981.69,True,Validated,parsed:direct_strength,,56,62.5,3500.0,"56CPR RIV 62,5MG"
027496049,"OPTOCAIN*50CART1,8ML ADR 1:100",4981.12,False,Unresolved,unresolved,other,,,,
040134013,PARACETAMOLO MY*16CPR EFF 1G,4978.9,True,Validated,parsed:direct_strength,,16,1000.0,16000.0,16CPR EFF 1G
047130024,CISATRACURIO KALCEKS*5F 5ML,4978.53,False,Unresolved,unresolved,other,,,,
043030030,"INCRESYNC*28CPR RIV 12,5+30MG",4969.1,True,Candidate,parsed:single_value_assumed_unit,,1,30.0,30.0,30MG
043534039,"NUWIQ*EV FL 1000UI+SIR 2,5ML",4966.5,False,Unresolved,unresolved,other,,,,
021510019,ONCO CARBIDE*20CPS 500MG,4957.33,True,Authoritative,aifa_ingredient_authoritative,,,,500.0,IDROXICARBAMIDE 500milligrammi
037221088,BARACLUDE*30CPR RIV 1MG,4950.0,True,Validated,parsed:direct_strength,,30,1.0,30.0,30CPR RIV 1MG
045250370,DARUNAVIR VI*60CPR RIV 600MG,4947.7,True,Validated,parsed:direct_strength,,60,600.0,36000.0,60CPR RIV 600MG
025197068,FARMORUBICINA*IV FL 10MG/5ML,4944.95,False,Unresolved,unresolved,other,,,,
043627013,FLOXIGEN*COLL 10ML 3MG/ML,4942.59,False,Unresolved,unresolved,other,,,,
037846033,"CETRIFARM*SOLUZ CUT 1L1,5%+15%",4942.2,False,Unresolved,unresolved,other,,,,
050546050,SAPROPTERINA AUR*120CPR 100MG,4936.8,True,Validated,parsed:direct_strength,,120,100.0,12000.0,120CPR 100MG
050755065,CAMZYOS*28CPS 10MG,4936.47,True,Validated,parsed:direct_strength,,28,10.0,280.0,28CPS 10MG
040321010,SETOFILM*6FILMS ORODISP 4MG,4935.19,True,Candidate,parsed:single_value_assumed_unit,,1,4.0,4.0,4MG
038880050,SPIRIVA RESPI*SOL 1INAL 60EROG,4928.84,False,Unresolved,unresolved,other,,,,
037192022,"SUTENT*30CPS 12,5MG",4920.08,True,Validated,parsed:direct_strength,,30,12.5,375.0,"30CPS 12,5MG"
050977026,OMJJARA*30CPR RIV 150MG FL,4918.3,True,Validated,parsed:direct_strength,,30,150.0,4500.0,30CPR RIV 150MG
029326016,MIRENA*1SIST INTRAUT 20MCG/24H,4902.9,True,Authoritative,aifa_ingredient_authoritative,,,,52.0,LEVONORGESTREL 52milligrammi
036167068,EMEND*1CPS 125MG+2CPS 80MG,4897.94,True,Validated,parsed:direct_strength,,1,125.0,125.0,1CPS 125MG
048918027,PIQRAY*56CPR RIV 150MG,4887.66,True,Validated,parsed:direct_strength,,56,150.0,8400.0,56CPR RIV 150MG
037112024,"PACLITAXEL TEVA*EV16,7ML6MG/ML",4866.53,False,Unresolved,unresolved,other,,,,
043927019,OSSICODONE MOLT*5F 1ML 10MG/ML,4864.64,True,Validated,parsed:vol_conc,,5,10.0,50.0,5F 1ML 10MG/ML
039133158,OSSIGENO*CRIOGEN 31LT MOBILE,4862.28,False,Unresolved,unresolved,oxygen_gas,,,,
030783029,ATROPINA SOLFATO*10F 1MG 1ML,4857.2,True,Authoritative,aifa_ingredient_authoritative,,,,1.0,ATROPINA SOLFATO 1milligrammi
043873025,COSENTYX*SC SOLUZ 1SIR 150MG,4851.9,True,Validated,parsed:direct_strength,,1,150.0,150.0,1SIR 150MG
023770011,LASITONE*20CPS 25MG+37MG,4850.13,True,Validated,parsed:direct_strength,,20,25.0,500.0,20CPS 25MG
042644118,IMATINIB TEVA*120CPR 100MG,4844.32,True,Validated,parsed:direct_strength,,120,100.0,12000.0,120CPR 100MG
048669360,TOLVAPTAN TE*28CPR30MG+28CPR90,4844.23,True,Validated,parsed:direct_strength,,28,30.0,840.0,28CPR30MG
051358012,TRUQAP*64CPR RIV 160MG,4840.0,True,Validated,parsed:direct_strength,,64,160.0,10240.0,64CPR RIV 160MG
037794082,XELEVIA*28CPR RIV 50MG,4831.2,True,Validated,parsed:direct_strength,,28,50.0,1400.0,28CPR RIV 50MG
048057071,"TALZENNA*30CPS 0,1MG FL",4827.3,True,Validated,parsed:direct_strength,,30,0.1,3.0,"30CPS 0,1MG"
038944017,OSSIGENO*COMPR 200BAR 2LT VAL,4822.58,False,Unresolved,unresolved,oxygen_gas,,,,
050222013,YSELTY*28CPR RIV 100MG,4818.11,True,Validated,parsed:direct_strength,,28,100.0,2800.0,28CPR RIV 100MG
032991034,SANDRENA*GEL 28CONT MONO 1G,4817.47,True,Authoritative,aifa_ingredient_authoritative,,,,500.0,ESTRADIOLO EMIIDRATO 0.5grammi
038407084,FENTICER*3CER 50MCG/ORA,4803.88,False,Unresolved,unresolved,other,,,,
045428036,IVABRADINA ACC*56CPR RIV 5MG,4781.53,True,Validated,parsed:direct_strength,,56,5.0,280.0,56CPR RIV 5MG
039140013,PULMOCIS*5FL 15ML 2MG KIT,4774.0,True,Candidate,parsed:single_value_assumed_unit,,1,2.0,2.0,2MG
021259027,ZYLORIC*30CPR DIV 300MG,4772.57,True,Authoritative,aifa_ingredient_authoritative,,,,300.0,ALLOPURINOLO 300milligrammi
022991158,BRONCOVALEAS*INAL 200D 100MCG,4770.11,True,Candidate,parsed:single_value_assumed_unit,,1,0.1,0.1,100MCG
031184082,LIDOCAINA CLORIDR*25F20MG/ML50,4765.47,False,Unresolved,unresolved,other,,,,
023593080,"EN*IM EV 3F 1ML 0,5MG/ML",4765.16,True,Validated,parsed:vol_conc,,3,0.5,1.5,"3F 1ML 0,5MG/ML"
045125034,IBUPROFENE B BR*EV 10FL 200MG,4764.31,True,Validated,parsed:direct_strength,,10,200.0,2000.0,10FL 200MG
037152117,NEUPRO*28CER 8MG/24H,4760.27,False,Unresolved,unresolved,other,,,,
029212065,DUROGESIC*3CER 50MCG/ORA,4752.94,False,Unresolved,unresolved,other,,,,
048150015,ACIDO ACETILS AU*30CPR 100MG,4749.2,True,Validated,parsed:direct_strength,,30,100.0,3000.0,30CPR 100MG
027686284,NORDITROPIN FLEXPRO*1PEN 15MG,4741.83,True,Validated,parsed:direct_strength,,1,15.0,15.0,1PEN 15MG
044885022,DARZALEX*EV 1FL 20ML 20MG/ML,4740.34,True,Validated,parsed:vol_conc,,1,400.0,400.0,1FL 20ML 20MG/ML
045608041,EVEROLIMUS ETHYP*30CPR 5MG,4736.35,True,Validated,parsed:direct_strength,,30,5.0,150.0,30CPR 5MG
044554057,CINACALCET VI*28CPR RIV 60MG,4735.72,True,Validated,parsed:direct_strength,,28,60.0,1680.0,28CPR RIV 60MG
034752170,REMINYL*28CPS 24MG RP,4729.17,True,Validated,parsed:direct_strength,,28,24.0,672.0,28CPS 24MG
030899417,GLUCOSIO*10% 10FL 500ML,4719.44,False,Unresolved,unresolved,other,,,,
027593045,"ISOCOLAN*8BUST 34,8G",4718.57,True,Validated,parsed:direct_strength,,8,34800.0,278400.0,"8BUST 34,8G"
038176044,FROBEMUCIL*30CPR EFF 600MG,4715.09,True,Validated,parsed:direct_strength,,30,600.0,18000.0,30CPR EFF 600MG
029021019,PENTAGLOBIN*EV FL 50MG/ML 10ML,4707.77,False,Unresolved,unresolved,other,,,,
046043028,FEBUXOSTAT AU*28CPR RIV 80MG,4699.47,True,Validated,parsed:direct_strength,,28,80.0,2240.0,28CPR RIV 80MG
033315021,MABTHERA*EV 1FL 500MG 50ML,4684.02,True,Validated,parsed:direct_strength,,1,500.0,500.0,1FL 500MG
038944171,OSSIGENO*COMPR 200BAR 10LT VAL,4677.66,False,Unresolved,unresolved,oxygen_gas,,,,
035320011,IGANTIBE*IM 1F 3ML 600UI/3ML,4673.94,False,Unresolved,unresolved,other,,,,
041852068,ROCURONIO BR SALF*10F 50MG 5ML,4654.65,True,Validated,parsed:direct_strength,,10,50.0,500.0,10F 50MG
041333156,TEMOZOLOMIDE SUN*5CPS 20MG,4646.52,True,Validated,parsed:direct_strength,,5,20.0,100.0,5CPS 20MG
045373014,CLOFARABINA ME*4FL 20ML 1MG/ML,4642.13,True,Validated,parsed:vol_conc,,4,20.0,80.0,4FL 20ML 1MG/ML
042441028,RISPERIDONE AURO*GTT 100ML,4630.89,False,Unresolved,unresolved,other,,,,
036680027,AVASTIN*INF 100MG 4ML 25MG/ML,4629.7,True,Candidate,parsed:single_value_assumed_unit,,1,100.0,100.0,100MG
050997081,"VUEWAY*EV 1FL 30ML 0,5MMOL/ML",4620.0,False,Unresolved,unresolved,other,,,,
038919116,VIMPAT*56CPR RIV 200MG,4610.16,True,Validated,parsed:direct_strength,,56,200.0,11200.0,56CPR RIV 200MG
015724053,"LANOXIN*INIET 6F 2ML 0,5MG/2ML",4600.11,False,Unresolved,unresolved,other,,,,
037112051,PACLITAXEL TEVA*EV 25ML 6MG/ML,4587.0,False,Unresolved,unresolved,other,,,,
022984114,VENTOLIN*EV 10F 100MCG 5ML,4584.08,True,Validated,parsed:direct_strength,,10,0.1,1.0,10F 100MCG
045609017,ANIDULAFUNGINA ACC*EV FL 100MG,4581.5,True,Candidate,parsed:single_value_assumed_unit,,1,100.0,100.0,100MG
026925230,PENTACOL*120CPR 1200MG RM,4580.8,True,Validated,parsed:direct_strength,,120,1200.0,144000.0,120CPR 1200MG
043060019,MABELIO*INFUS 10FL 500MG 20ML,4576.18,True,Validated,parsed:direct_strength,,10,500.0,5000.0,10FL 500MG
024139014,"DIDROGYL*OS GTT 10ML1,5MG/10ML",4573.91,False,Unresolved,unresolved,other,,,,
024862031,RYTMONORM*EV 5F 70MG 20ML,4536.07,True,Authoritative,aifa_ingredient_authoritative,,,,70.0,PROPAFENONE CLORIDRATO 70milligrammi
047494087,"INNOHEP*10SIR 3500UI/0,35ML",4530.06,False,Unresolved,unresolved,other,,,,
023616028,SELOKEN*50CPR 100MG,4521.65,True,Authoritative,aifa_ingredient_authoritative,,,,100.0,METOPROLOLO TARTRATO 100milligrammi
019499159,SOLDESAM*EV IM 6F 2ML 8MG/2ML,4516.39,False,Unresolved,unresolved,other,,,,
040914020,KALINOX*1BOMB 5LT 50%/50%,4513.6,False,Unresolved,unresolved,other,,,,
049100011,RISPERIDONE TE*IM 1FL 25MG+2ML,4488.69,True,Validated,parsed:direct_strength,,1,25.0,25.0,1FL 25MG
021553033,ENTUMIN*IM EV 10F 40MG 4ML,4485.6,True,Authoritative,aifa_ingredient_authoritative,,,,10.0,CLOTIAPINA 10milligrammi
038451023,PRADAXA*30CPS 75MG,4483.9,True,Validated,parsed:direct_strength,,30,75.0,2250.0,30CPS 75MG
022984126,VENTOLIN*IM 10F 500MCG 1ML,4483.35,True,Validated,parsed:direct_strength,,10,0.5,5.0,10F 500MCG
026089476,AUGMENTIN*BB OS SOSP 70ML,4483.27,False,Unresolved,unresolved,other,,,,
035314018,STRIALISIN*IM 6F 4MG 2ML,4476.1,True,Validated,parsed:direct_strength,,6,4.0,24.0,6F 4MG
037563222,FENPATCH*3CER 12MCG/ORA,4474.15,False,Unresolved,unresolved,other,,,,
036638221,CLOZAPINA HEX*28CPR 100MG,4460.37,True,Validated,parsed:direct_strength,,28,100.0,2800.0,28CPR 100MG
027489018,GLUCAGEN HYPOKIT*FL 1MG+SIR1ML,4457.94,True,Candidate,parsed:single_value_assumed_unit,,1,1.0,1.0,1MG
033529052,MESALAZINA MY*60CPR GASTR400MG,4443.9,True,Validated,parsed:direct_strength,,60,400.0,24000.0,60CPR GASTR400MG
047916135,VILDAGLIPTIN EG*56CPR 50MG,4440.0,True,Validated,parsed:direct_strength,,56,50.0,2800.0,56CPR 50MG
050449014,TERIFLUNOMIDE ZE*28CPR RIV14MG,4435.97,True,Validated,parsed:direct_strength,,28,14.0,392.0,28CPR RIV14MG
039889504,GALNORA*28CPS 24MG RP,4431.78,True,Validated,parsed:direct_strength,,28,24.0,672.0,28CPS 24MG
037421118,EXJADE*30CPR RIV 90MG,4428.32,True,Validated,parsed:direct_strength,,30,90.0,2700.0,30CPR RIV 90MG
026542047,FLUOROURACILE TEVA*IV 1G 20ML,4410.8,True,Candidate,parsed:single_value_assumed_unit,,1,1000.0,1000.0,1G
029826031,ALOPERIDOLO GS*IM 10F 2MG 1ML,4407.36,True,Validated,parsed:direct_strength,,10,2.0,20.0,10F 2MG
035885058,CRESTOR*28CPR RIV 10MG,4407.26,True,Validated,parsed:direct_strength,,28,10.0,280.0,28CPR RIV 10MG
042360040,PARACETAMOLO SAND*20CPR 500MG,4404.25,True,Validated,parsed:direct_strength,,20,500.0,10000.0,20CPR 500MG
042673032,ETOPOSIDE ACC*1FL 10ML 20MG/ML,4403.47,True,Validated,parsed:vol_conc,,1,200.0,200.0,1FL 10ML 20MG/ML
028702076,DIATHYNIL*30CPR 5MG,4394.33,True,Authoritative,aifa_ingredient_authoritative,,,,5.0,BIOTINA 5milligrammi
041220082,VANCOMICINA MY*INF OS FL 1G,4357.61,True,Candidate,parsed:single_value_assumed_unit,,1,1000.0,1000.0,1G
043426232,BUSETTE*4CER TRANSD 20MCG/H,4357.09,False,Unresolved,unresolved,other,,,,
030669028,FENOBARBITALE SODICO*5F 100MG,4356.79,True,Validated,parsed:direct_strength,,5,100.0,500.0,5F 100MG
037273048,FOSFOMICINA SAND*AD OS2BUST 3G,4306.91,True,Validated,parsed:direct_strength,,2,3000.0,6000.0,2BUST 3G
024444123,URSOBIL*20CPR 300MG,4298.91,True,Authoritative,aifa_ingredient_authoritative,,,,300.0,ACIDO URSODESOSSICOLICO 300milligrammi
049685011,EVRENZO*12CPR RIV 20MG,4291.99,True,Validated,parsed:direct_strength,,12,20.0,240.0,12CPR RIV 20MG
041342015,MICOFENOLATO M ACC*100CPS250MG,4277.02,True,Validated,parsed:direct_strength,,100,250.0,25000.0,100CPS250MG
040503144,REMIFENTANIL MY*INFUS 5FL 5MG,4276.86,True,Validated,parsed:direct_strength,,5,5.0,25.0,5FL 5MG
029610021,METADONE CLOR MOL*OS 1MG/ML10M,4270.25,True,Authoritative,aifa_ingredient_authoritative,,,,10.0,METADONE CLORIDRATO 10milligrammi
020582274,FLUIMUCIL*60BUST 600MG,4265.11,True,Validated,parsed:direct_strength,,60,600.0,36000.0,60BUST 600MG
043534041,"NUWIQ*EV FL 2000UI+SIR 2,5ML",4257.0,False,Unresolved,unresolved,other,,,,
028441018,"ALTERGEN*CREMA 25G 0,2%+1%",4253.97,True,Candidate,parsed:single_value_assumed_unit,,1,25000.0,25000.0,25G
017432016,BIOARGININA*IV FL 20G 500ML,4247.77,True,Candidate,parsed:single_value_assumed_unit,,1,20000.0,20000.0,20G
044733018,ACIDO ZOLEDRONICO TIL*FL4MG5ML,4238.19,False,Unresolved,unresolved,other,,,,
046716066,SODIO VALPROATO AU*30CPR 500RP,4237.26,False,Unresolved,unresolved,other,,,,
049931013,SITAGLIPTIN MET SAN*50+850MG,4236.74,True,Candidate,parsed:single_value_assumed_unit,,1,850.0,850.0,850MG
042752461,EZETIMIBE MY*30CPR 10MG,4231.84,True,Validated,parsed:direct_strength,,30,10.0,300.0,30CPR 10MG
040078495,RISPERIDONE AURO*60CPR 4MG,4229.33,True,Validated,parsed:direct_strength,,60,4.0,240.0,60CPR 4MG
027267057,DIFLUCAN*OS SOSP 350MG 10MG/ML,4217.16,True,Candidate,parsed:single_value_assumed_unit,,1,350.0,350.0,350MG
030594016,ZINCO OSSIDO*10% UNG 30G,4215.26,True,Validated,parsed:pct_weight,,1,3000.0,3000.0,10% UNG 30G
028304018,TOLEP*50CPR DIV 300MG,4162.51,True,Authoritative,aifa_ingredient_authoritative,,,,300.0,OXCARBAZEPINA 300milligrammi
045065202,ENTECAVIR TE*30CPR RIV 1MG,4152.6,True,Validated,parsed:direct_strength,,30,1.0,30.0,30CPR RIV 1MG
050753019,"COLUMVI*EV 1FL 2,5MG 2,5ML",4150.91,True,Validated,parsed:direct_strength,,1,2.5,2.5,"1FL 2,5MG"
029824101,ACQUA PI*1FL 500ML,4127.75,False,Unresolved,unresolved,other,,,,
028282438,IOMERON 400*IV FL 250ML,4125.0,False,Unresolved,unresolved,other,,,,
046867091,LIDOCAINA KABI*50F 10ML 200MG,4121.99,True,Candidate,parsed:single_value_assumed_unit,,1,200.0,200.0,200MG
051802039,IMULDOSA*EV 1FL 26ML 130MG,4120.0,True,Candidate,parsed:single_value_assumed_unit,,1,130.0,130.0,130MG
043364025,"BEMFOLA*SC PEN 150UI/0,25ML+AG",4116.75,False,Unresolved,unresolved,other,,,,
039576119,ARIA NIPPON GAS*200BAR 7LT VI,4107.95,False,Unresolved,unresolved,other,,,,
043359013,RITONAVIR SAN*30CPR RIV 100MG,4106.7,True,Validated,parsed:direct_strength,,30,100.0,3000.0,30CPR RIV 100MG
045097159,TENOFOVIR DISOP AU*30CPR 245MG,4094.64,True,Validated,parsed:direct_strength,,30,245.0,7350.0,30CPR 245MG
040313076,TACHIPIRINA OROSOL*10BS 1000MG,4089.13,True,Candidate,parsed:single_value_assumed_unit,,1,1000.0,1000.0,1000MG
049297029,ABIRATERONE MED*56CPR 500MG,4082.8,True,Validated,parsed:direct_strength,,56,500.0,28000.0,56CPR 500MG
042692032,PARACALCITOLO SA*5F 1ML5MCG/ML,4070.47,True,Validated,parsed:vol_conc,,5,0.005,0.025,5F 1ML5MCG/ML
027393014,"CATAPRESAN TTS1*2CER 2,5MG",4054.57,True,Authoritative,aifa_ingredient_authoritative,,,,2.5,CLONIDINA 2.5milligrammi
040433308,QUETIAPINA TE*60CPR 400MG RP,4046.7,True,Validated,parsed:direct_strength,,60,400.0,24000.0,60CPR 400MG
029247044,"METACOLINA LOFARMA*6,4% 2FL+3F",4043.6,True,Authoritative,aifa_ingredient_authoritative,,,,192.0,METACOLINA CLORURO 192milligrammi
030902528,"SODIO CLORURO*0,9% 100F 10ML",4043.1,False,Unresolved,unresolved,other,,,,
033736063,"AIRCORT*NEBUL20FL2ML 0,25MG/ML",4019.99,True,Validated,parsed:vol_conc,,20,0.5,10.0,"20FL2ML 0,25MG/ML"
023103171,CLENIL*SOLUZ INAL 200D 100MCG,4011.63,True,Candidate,parsed:single_value_assumed_unit,,1,0.1,0.1,100MCG
049100074,RISPERIDONE TE*IM 1FL 50MG+2ML,4006.97,True,Validated,parsed:direct_strength,,1,50.0,50.0,1FL 50MG
046281123,DASATINIB SAND*30CPR RIV 100MG,4004.0,True,Validated,parsed:direct_strength,,30,100.0,3000.0,30CPR RIV 100MG
038190361,"BINOCRIT*6SIR 5.000UI 0,5ML",3996.52,False,Unresolved,unresolved,other,,,,
040876029,URAPIDIL STR*EV 5F 50MG 10ML,3994.55,True,Validated,parsed:direct_strength,,5,50.0,250.0,5F 50MG
025212022,"GLAZIDIM*IM 1FL 500MG+1F 1,5ML",3992.14,True,Validated,parsed:direct_strength,,1,500.0,500.0,1FL 500MG
034231062,COMTAN*100CPR RIV 200MG FL,3991.42,True,Validated,parsed:direct_strength,,100,200.0,20000.0,100CPR RIV 200MG
042752143,EZETIMIBE MY*30CPR 10MG,3970.59,True,Validated,parsed:direct_strength,,30,10.0,300.0,30CPR 10MG
001340025,BENADON*10CPR GASTRORES 300MG,3961.7,True,Candidate,parsed:single_value_assumed_unit,,1,300.0,300.0,300MG
029310012,"IMOVAX POLIO*IM SC 1SIR 0,5ML",3958.13,False,Unresolved,unresolved,other,,,,
046867089,LIDOCAINA KABI*20F 10ML 200MG,3948.28,True,Candidate,parsed:single_value_assumed_unit,,1,200.0,200.0,200MG
029485063,PROGRAF*INFUS EV 10F 5MG/1ML,3947.82,False,Unresolved,unresolved,other,,,,
039132055,OSSIGENO*COMPR 200BAR 7LT,3927.66,False,Unresolved,unresolved,oxygen_gas,,,,
041732052,RIPOL*1FL 50ML 20MG/ML,3926.45,True,Validated,parsed:vol_conc,,1,1000.0,1000.0,1FL 50ML 20MG/ML
051115018,VELSIPITY*28CPR RIV 2MG,3921.14,True,Validated,parsed:direct_strength,,28,2.0,56.0,28CPR RIV 2MG
049322011,URAPIDIL KAL*EV 5F 25MG 5ML,3917.7,True,Validated,parsed:direct_strength,,5,25.0,125.0,5F 25MG
035932033,ACTRAPID*SC EV1FL 10ML100UI/ML,3914.99,False,Unresolved,unresolved,other,,,,
045865122,TACFORIUS*60CPS 1MG RP,3901.14,True,Validated,parsed:direct_strength,,60,1.0,60.0,60CPS 1MG
049282092,LENALIDOMIDE MY*21CPS 10MG,3879.51,True,Validated,parsed:direct_strength,,21,10.0,210.0,21CPS 10MG
037999051,NEBIVOLOLO ZENTIVA*28CPR 5MG,3866.6,True,Validated,parsed:direct_strength,,28,5.0,140.0,28CPR 5MG
033995046,ALPRAZOLAM SANDOZ*OS GTT 20ML,3866.09,False,Unresolved,unresolved,other,,,,
048467120,KLEDER*21CPS 25MG,3853.88,True,Validated,parsed:direct_strength,,21,25.0,525.0,21CPS 25MG
049494014,BECLOMETASONE FOR MY*100+6MCG,3850.75,True,Candidate,parsed:single_value_assumed_unit,,1,0.006,0.006,6MCG
043195078,TIVICAY*60CPR DISP 5MG FL+SIR,3843.06,True,Validated,parsed:direct_strength,,60,5.0,300.0,60CPR DISP 5MG
030672796,GLUCOSIO*33% 5F 10ML,3841.66,False,Unresolved,unresolved,other,,,,
028221024,CUROSURF*1FL 3ML 80MG/ML,3840.99,True,Authoritative,aifa_ingredient_authoritative,,,,240.0,FRAZIONE FOSFOLIPIDICA DA POLMONE DI SUINO 240milligrammi
034463125,ALIFLUS*INAL 25MCG+250MCG 120D,3839.78,True,Candidate,parsed:single_value_assumed_unit,,1,0.025,0.025,25MCG
034208013,CAMPRAL*84CPR RIV 333MG,3837.57,True,Validated,parsed:direct_strength,,84,333.0,27972.0,84CPR RIV 333MG
040327025,TOPOTECAN HOSP*EV 5FL 4MG/4ML,3831.91,False,Unresolved,unresolved,other,,,,
045516034,OZASED*OS SOLUZ 10F 2MG/ML 5ML,3828.64,False,Unresolved,unresolved,other,,,,
039029018,THERACAP*1CPS,3828.0,False,Unresolved,unresolved,other,,,,
028304020,TOLEP*50CPR DIV 600MG,3826.56,True,Authoritative,aifa_ingredient_authoritative,,,,600.0,OXCARBAZEPINA 600milligrammi
038381618,"RETACRIT*6SIR 4.000UI 0,4ML",3816.44,False,Unresolved,unresolved,other,,,,
049927027,KERENDIA*28CPR RIV 10MG,3811.57,True,Validated,parsed:direct_strength,,28,10.0,280.0,28CPR RIV 10MG
029874043,"SODIO CLORURO*0,9% 100ML",3805.52,False,Unresolved,unresolved,other,,,,
018610042,CARNITENE*OS 10FL 1G/10ML,3804.99,False,Unresolved,unresolved,other,,,,
043113012,LINEZOLID KABI*10SACCHE 300ML,3802.21,False,Unresolved,unresolved,other,,,,
004642031,BENERVA*20CPR 300MG,3782.63,True,Authoritative,aifa_ingredient_authoritative,,,,3000.0,TIAMINA CLORIDRATO 3000milligrammi
027983028,VITALIPID*BB INFUS 10F 10ML,3763.6,False,Unresolved,unresolved,other,,,,
020660039,FLUIMUCIL ANTIB*1FL 500MG+F5ML,3756.26,True,Authoritative,aifa_ingredient_authoritative,,,,500.0,TIAMFENICOLO GLICINATO ACETILCISTEINATO 500milligrammi
046616088,PALIPERIDONE SAN*28CPR 6MG RP,3755.61,True,Validated,parsed:direct_strength,,28,6.0,168.0,28CPR 6MG
042725022,PREDNISONE EG*20CPR 5MG,3754.81,True,Validated,parsed:direct_strength,,20,5.0,100.0,20CPR 5MG
044898029,VAXIGRIP TETRA*10SIR+AGO 25-26,3740.0,False,Unresolved,unresolved,other,,,,
050034014,ZOLSKETIL PEG LIP*1FL 20MG,3735.6,True,Validated,parsed:direct_strength,,1,20.0,20.0,1FL 20MG
050051022,KAPRUVIA*EV 12FL 50MCG 1ML,3730.32,True,Validated,parsed:direct_strength,,12,0.05,0.6,12FL 50MCG
022483186,DEPAKIN*GRAT 30BUST 500MG RM,3726.35,True,Validated,parsed:direct_strength,,30,500.0,15000.0,30BUST 500MG
039599030,CLOPIDOGREL ZEN*28CPR RIV 75MG,3717.81,True,Validated,parsed:direct_strength,,28,75.0,2100.0,28CPR RIV 75MG
041271154,ESBRIET*63CPR RIV 267MG,3691.11,True,Validated,parsed:direct_strength,,63,267.0,16821.0,63CPR RIV 267MG
046284055,CINACALCET EG*28CPR RIV 60MG,3690.85,True,Validated,parsed:direct_strength,,28,60.0,1680.0,28CPR RIV 60MG
043187020,BRINTELLIX*28CPR RIV 5MG,3681.49,True,Validated,parsed:direct_strength,,28,5.0,140.0,28CPR RIV 5MG
004642070,BENERVA*IM 6F 100MG 1ML,3678.33,True,Authoritative,aifa_ingredient_authoritative,,,,1000.0,TIAMINA CLORIDRATO 1000milligrammi
036515258,"TICOVAC*BB IM SC 1SIR0,25ML+AG",3674.99,False,Unresolved,unresolved,other,,,,
032268017,HIDONAC*EV 1FL 5G 25ML,3657.06,True,Validated,parsed:direct_strength,,1,5000.0,5000.0,1FL 5G
046645026,RUBRACA*60CPR RIV 250MG FL,3652.44,True,Validated,parsed:direct_strength,,60,250.0,15000.0,60CPR RIV 250MG
044698215,NUBRIVEO*OS SOL 300ML 10MG/ML,3651.93,False,Unresolved,unresolved,other,,,,
039943016,"ELONVA*SC 1SIR 100MCG 0,5ML+AG",3636.2,True,Validated,parsed:direct_strength,,1,0.1,0.1,1SIR 100MCG
050311012,SUGAMMADEX QI*10FL2ML 100MG/ML,3613.5,True,Validated,parsed:vol_conc,,10,200.0,2000.0,10FL2ML 100MG/ML
046076042,SORAFENIB TE*112CPR RIV 200MG,3613.49,True,Validated,parsed:direct_strength,,112,200.0,22400.0,112CPR RIV 200MG
040347015,"COMBITIMOR*COLL 20FL 0,25ML",3609.65,False,Unresolved,unresolved,other,,,,
039453028,ONGLYZA*28CPR RIV 5MG,3606.4,True,Validated,parsed:direct_strength,,28,5.0,140.0,28CPR RIV 5MG
046717017,VINORELBINA DOC*1CPS 20MG,3603.6,True,Validated,parsed:direct_strength,,1,20.0,20.0,1CPS 20MG
029835055,EFEDRINA CLORIDR*10F 1ML 25MG,3599.59,True,Authoritative,aifa_ingredient_authoritative,,,,25.0,EFEDRINA CLORIDRATO 25milligrammi
030906465,ACQUA PI*10SACCHE VIAFLO1000ML,3588.52,False,Unresolved,unresolved,other,,,,
044976025,FEBUXOSTAT TE*28CPR RIV 80MG,3583.42,True,Validated,parsed:direct_strength,,28,80.0,2240.0,28CPR RIV 80MG
043930027,VORICONAZOLO AUR*28CPR 200MG,3582.04,True,Validated,parsed:direct_strength,,28,200.0,5600.0,28CPR 200MG
036635011,DIBASE*OS GTT 10ML 10000UI/ML,3577.45,False,Unresolved,unresolved,other,,,,
031239116,ELETTROL REINT NA*20SACC 500ML,3575.99,True,Authoritative,aifa_ingredient_authoritative,,,,200.0,POTASSIO CLORURO 0.2grammi
037097096,FOZNOL*90CPR MAST 750MG FL,3563.46,True,Validated,parsed:direct_strength,,90,750.0,67500.0,90CPR MAST 750MG
041787019,"RIVASTIGMINA AURO*56CPS 1,5MG",3550.75,True,Validated,parsed:direct_strength,,56,1.5,84.0,"56CPS 1,5MG"
048440010,"MAYZENT*12CPR RIV 0,25MG",3545.85,True,Validated,parsed:direct_strength,,12,0.25,3.0,"12CPR RIV 0,25MG"
042853061,ICLUSIG*30CPR RIV 30MG FL,3544.2,True,Validated,parsed:direct_strength,,30,30.0,900.0,30CPR RIV 30MG
041156035,"OCTREOTIDE SUN*5F 0,5MG/1ML",3542.09,False,Unresolved,unresolved,other,,,,
035374038,CEFOTAXIMA TEVA*IM IV 1F 1G+F,3542.0,True,Validated,parsed:direct_strength,,1,1000.0,1000.0,1F 1G
025464052,"FLANTADIN*OS GTT 13ML 22,75MG/",3525.37,True,Authoritative,aifa_ingredient_authoritative,,,,22.75,DEFLAZACORT 22.75milligrammi
035320023,IGANTIBE*IM 1F 5ML 1000UI/5ML,3510.65,False,Unresolved,unresolved,other,,,,
030807010,SODIO TIOSOLF MONICO*5F 1G/10M,3506.3,False,Unresolved,unresolved,other,,,,
037604129,SUBOXONE*28FILM SUBL 4MG+1MG,3505.26,True,Validated,parsed:direct_strength,,28,4.0,112.0,28FILM SUBL 4MG
046022075,CINACALCET TIL*28CPR RIV 90MG,3494.2,True,Validated,parsed:direct_strength,,28,90.0,2520.0,28CPR RIV 90MG
029236015,MEPICAIN*10F 10ML 1%,3492.76,True,Authoritative,aifa_ingredient_authoritative,,,,10.0,MEPIVACAINA CLORIDRATO 10milligrammi
043446020,REVINTY ELL*INAL 92+22MCG 30D,3489.97,True,Candidate,parsed:single_value_assumed_unit,,1,0.022,0.022,22MCG
027496025,"OPTOCAIN*50CART 1,8ML 30MG/ML",3480.1,False,Unresolved,unresolved,other,,,,
049443144,SITAGLIPTIN MY*28CPR RIV 50MG,3477.91,True,Validated,parsed:direct_strength,,28,50.0,1400.0,28CPR RIV 50MG
019655012,"BENTELAN*10CPR EFF 0,5MG",3476.2,True,Validated,parsed:direct_strength,,10,0.5,5.0,"10CPR EFF 0,5MG"
028439014,"PREPIDIL*GEL 1SIR 0,5MG/3G",3475.82,True,Candidate,parsed:single_value_assumed_unit,,1,3000.0,3000.0,3G
050855016,"TEPKINLY*SC 1F 4MG/0,8ML",3468.28,False,Unresolved,unresolved,other,,,,
039409053,ROPIVACAINA CL LIM*10F 20MG,3462.69,True,Validated,parsed:direct_strength,,10,20.0,200.0,10F 20MG
043122098,LINEZOLID TE*10CPR RIV 600MG,3455.53,True,Validated,parsed:direct_strength,,10,600.0,6000.0,10CPR RIV 600MG
048430060,CLOPIDOGREL ASA VI*28CPR75+100,3452.72,False,Unresolved,unresolved,other,,,,
025316023,METADOXIL*10F 5ML 300MG/5ML,3448.31,True,Authoritative,aifa_ingredient_authoritative,,,,300.0,METADOXINA 300milligrammi
046101010,"ANAGRELIDE VIA*100CPS 0,5MG FL",3444.1,True,Validated,parsed:direct_strength,,100,0.5,50.0,"100CPS 0,5MG"
023309103,UMANCOMPLEX*FL 500UI+F 20ML,3432.0,False,Unresolved,unresolved,other,,,,
039054061,CISPLATINO TEVA*EV 100MG 100ML,3421.0,True,Candidate,parsed:single_value_assumed_unit,,1,100.0,100.0,100MG
049428016,VAZKEPA*120CPS MOLLI 998MG FL,3418.59,True,Validated,parsed:direct_strength,,120,998.0,119760.0,120CPS MOLLI 998MG
042640209,CAPECITABINA ACC*60CPR 150MG,3416.9,True,Validated,parsed:direct_strength,,60,150.0,9000.0,60CPR 150MG
035691753,"ARANESP*SC EV 1SIR 300MCG 0,6M",3405.6,True,Validated,parsed:direct_strength,,1,0.3,0.3,1SIR 300MCG
035004047,VANCOMICINA HIK*INF OS 10FL500,3400.79,False,Unresolved,unresolved,other,,,,
020780045,"SYNACTHEN*1F 0,25MG 1ML",3393.85,True,Validated,parsed:direct_strength,,1,0.25,0.25,"1F 0,25MG"
022019032,TRANEX*IV 6F 5ML 500MG,3391.81,True,Candidate,parsed:single_value_assumed_unit,,1,500.0,500.0,500MG
049376128,"YUFLYMA*6PEN 0,4ML 40MG+6TAMP",3390.11,True,Candidate,parsed:single_value_assumed_unit,,1,40.0,40.0,40MG
039132028,OSSIGENO*COMPR 200BAR 2LT,3389.72,False,Unresolved,unresolved,oxygen_gas,,,,
023605076,DEURSIL*20CPS 150MG,3373.9,True,Authoritative,aifa_ingredient_authoritative,,,,150.0,ACIDO URSODESOSSICOLICO 150milligrammi
028600070,LANSOX*14CPR ORODISP GASTR15MG,3372.9,True,Authoritative,aifa_ingredient_authoritative,,,,15.0,LANSOPRAZOLO 15milligrammi
021250028,ALKERAN*EV 1FL 50MG+1F 10ML,3366.0,True,Authoritative,aifa_ingredient_authoritative,,,,50.0,MELFALAN 50milligrammi
033232024,GADRAL*OS SOSP 40BS 800MG 10ML,3364.27,True,Candidate,parsed:single_value_assumed_unit,,1,800.0,800.0,800MG
038085015,PERGOVERIS*SC 1FL 150UI+75UI,3362.04,False,Unresolved,unresolved,other,,,,
040273031,ITALEPT*OS 300ML100MG/ML+S10ML,3327.94,False,Unresolved,unresolved,multi_active_combo,,,,
022393060,ADRIBLASTINA*EV FL50MG/25ML,3323.89,False,Unresolved,unresolved,other,,,,
026009035,LEVOPRAID*OS GTT 20ML 25MG/ML,3320.56,True,Candidate,parsed:implied_unit_vol_conc,,1,500.0,500.0,GTT 20ML 25MG/ML
039120011,MIDAZOLAM LIM*10F 5MG 1ML,3300.0,True,Validated,parsed:direct_strength,,10,5.0,50.0,10F 5MG
048551129,OSSIGENO*COMPR 200BAR 7LT UNI,3294.2,False,Unresolved,unresolved,oxygen_gas,,,,
036397026,REPARIL*GEL 40G 2%+5%,3273.73,True,Candidate,parsed:single_value_assumed_unit,,1,40000.0,40000.0,40G
028282236,IOMERON 300*IV FL 100ML,3273.6,False,Unresolved,unresolved,other,,,,
038381695,RETACRIT*6SIR 10.000UI 1ML,3273.53,False,Unresolved,unresolved,other,,,,
038008013,"ESTREVA*GEL 1FL 50G 0,1%",3271.74,True,Validated,parsed:direct_strength,,1,50000.0,50000.0,1FL 50G
042009098,"ROPIVACAINA GS*5F 10ML7,5MG/ML",3269.7,True,Validated,parsed:vol_conc,,5,75.0,375.0,"5F 10ML7,5MG/ML"
044388080,"DURLEVATEC*3CER 52,5MCG/H",3248.62,False,Unresolved,unresolved,other,,,,
051261016,HEVASCOL*1F 10ML 480MG/ML,3245.0,True,Validated,parsed:vol_conc,,1,4800.0,4800.0,1F 10ML 480MG/ML
046889111,"HYRIMOZ*SC 2PEN 0,8ML 80MG",3243.68,True,Candidate,parsed:single_value_assumed_unit,,1,80.0,80.0,80MG
040433144,QUETIAPINA TE*60CPR 200MG RP,3240.53,True,Validated,parsed:direct_strength,,60,200.0,12000.0,60CPR 200MG
033014147,TWINRIX PEDIATRICO*IM 1SIR+2AG,3228.75,False,Unresolved,unresolved,other,,,,
036160188,ADVATE*EV 500UI+FL SOLV 2ML,3217.5,False,Unresolved,unresolved,other,,,,
026195091,UROCHINASI EG*FL 25000UI+F 2ML,3194.24,False,Unresolved,unresolved,other,,,,
025519048,"MAG 2*OS GRAT 20BUST 2,25G",3185.61,True,Authoritative,aifa_ingredient_authoritative,,,,2250.0,MAGNESIO PIDOLATO 2.25grammi
034525042,FERRIPROX*50CPR RIV 1000MG FL,3181.22,True,Validated,parsed:direct_strength,,50,1000.0,50000.0,50CPR RIV 1000MG
046717031,VINORELBINA DOC*1CPS 30MG,3159.64,True,Validated,parsed:direct_strength,,1,30.0,30.0,1CPS 30MG
044269037,"GHEMAXAN*10SIR 2000UI 0,2ML+S",3155.2,False,Unresolved,unresolved,other,,,,
030868160,MANNITOLO*18% 500ML,3149.54,False,Unresolved,unresolved,other,,,,
044082028,PSEROCINA*UNG 15G 20MG/G,3149.3,True,Candidate,parsed:single_value_assumed_unit,,1,15000.0,15000.0,15G
021226016,PROGYNOVA*20CPR RIV 2MG,3149.03,True,Authoritative,aifa_ingredient_authoritative,,,,2.0,ESTRADIOLO VALERATO 2milligrammi
045575166,DASATINIB EG*30CPR RIV 80MG,3134.22,True,Validated,parsed:direct_strength,,30,80.0,2400.0,30CPR RIV 80MG
050541010,PLERIXAFOR SEA*SC 24MG 20MG/ML,3131.91,True,Candidate,parsed:single_value_assumed_unit,,1,24.0,24.0,24MG
022199032,ATOSSISCLEROL*5F 2ML 1%,3127.91,False,Unresolved,unresolved,other,,,,
045141025,"TAMSULOSINA ZEN*20CPS 0,4MG RM",3121.51,True,Validated,parsed:direct_strength,,20,0.4,8.0,"20CPS 0,4MG"
042446017,"TERLIPRESSINA SUN*5F 8,5ML",3120.48,False,Unresolved,unresolved,other,,,,
034410050,ETOPOSIDE TEVA*FL 50ML 20MG/ML,3119.47,True,Candidate,parsed:implied_unit_vol_conc,,1,1000.0,1000.0,FL 50ML 20MG/ML
032775025,CISPLATINO PFIZER*EV 50MG 50ML,3115.2,True,Candidate,parsed:single_value_assumed_unit,,1,50.0,50.0,50MG
031981311,PANTORC*14CPR GASTR 40MG,3110.65,True,Validated,parsed:direct_strength,,14,40.0,560.0,14CPR GASTR 40MG
043653029,ARIPIPRAZOLO AURO*28CPR 5MG,3102.49,True,Validated,parsed:direct_strength,,28,5.0,140.0,28CPR 5MG
047255029,AMIODARONE EG*20CPR 200MG,3091.67,True,Validated,parsed:direct_strength,,20,200.0,4000.0,20CPR 200MG
044994034,ATROPINA SOLFATO*10SIR 1MG,3091.55,True,Validated,parsed:direct_strength,,10,1.0,10.0,10SIR 1MG
044784027,CASPOFUNGIN MY*FL POLV 70MG,3078.0,True,Candidate,parsed:single_value_assumed_unit,,1,70.0,70.0,70MG
037962014,SIMEGUT*OS GTT FL 30ML,3077.11,False,Unresolved,unresolved,other,,,,
030782015,AMINOFILLINA MON*5F 240MG 10ML,3076.8,True,Authoritative,aifa_ingredient_authoritative,,,,240.0,AMINOFILLINA 240milligrammi
045041023,EPACLOB*OS SOSP 1MG/ML 150ML,3071.9,False,Unresolved,unresolved,other,,,,
042021028,BUCCOLAM*OS SOLUZ 4SIR 5MG,3064.37,True,Validated,parsed:direct_strength,,4,5.0,20.0,4SIR 5MG
029372036,"CERETEC*INIET 5FL 0,5MG",3060.75,True,Authoritative,aifa_ingredient_authoritative,,,,0.5,ESAMETAZIMA 0.5milligrammi
038514030,MIRTAZAPINA TEV*30CPR OROD30MG,3056.55,True,Validated,parsed:direct_strength,,30,30.0,900.0,30CPR OROD30MG
042735035,BOSULIF*28CPR RIV 500MG,3041.04,True,Validated,parsed:direct_strength,,28,500.0,14000.0,28CPR RIV 500MG
044635011,RESILIENT*50CPR 83MG RP,3040.6,True,Validated,parsed:direct_strength,,50,83.0,4150.0,50CPR 83MG
033535079,BENEFIX*EV 1FL 2000UI+SIR5ML+S,3033.62,False,Unresolved,unresolved,other,,,,
027441017,ZAVEDOS*EV 1FL 5MG+F SOLV 5ML,3032.6,True,Authoritative,aifa_ingredient_authoritative,,,,5.0,IDARUBICINA CLORIDRATO 5milligrammi
030815017,POTASSIO CLORURO*10F 2MEQ/ML10,3030.9,False,Unresolved,unresolved,other,,,,
037633017,"MAG3 ROTOP*IV 5FL 0,2MG+5FL",3025.0,True,Validated,parsed:direct_strength,,5,0.2,1.0,"5FL 0,2MG"
031503129,DIALISI PERITON*2SACCHE 5000ML,3014.15,False,Unresolved,unresolved,other,,,,
038666018,MOMENTKID*BB OS 150ML100MG/5ML,3009.16,False,Unresolved,unresolved,other,,,,
026488015,CYTOTEC*50CPR 200MCG,3006.47,True,Authoritative,aifa_ingredient_authoritative,,,,0.2,MISOPROSTOLO 200microgrammi
034410011,ETOPOSIDE TEVA*EV 5ML 20MG/ML,3004.41,False,Unresolved,unresolved,other,,,,
039775111,SILODYX*30CPS 8MG,3002.18,True,Validated,parsed:direct_strength,,30,8.0,240.0,30CPS 8MG
044291045,OPDIVO*INFUS 1FL 12ML 10MG/ML,2999.3,True,Validated,parsed:vol_conc,,1,120.0,120.0,1FL 12ML 10MG/ML
027370129,KLACID*14CPR RIV 500MG,2993.61,True,Validated,parsed:direct_strength,,14,500.0,7000.0,14CPR RIV 500MG
026738094,"SELEPARINA*10SIR 7600UI/0,8ML",2993.15,False,Unresolved,unresolved,other,,,,
044291058,OPDIVO*SC 1FL 5ML 120MG/ML,2976.58,True,Validated,parsed:vol_conc,,1,600.0,600.0,1FL 5ML 120MG/ML
042236430,OMEPRAZOLO TEVA*28CPS GAST20MG,2964.17,True,Validated,parsed:direct_strength,,28,20.0,560.0,28CPS GAST20MG
020846010,NATULAN*50CPS 50MG FL,2963.5,True,Validated,parsed:direct_strength,,50,50.0,2500.0,50CPS 50MG
005647033,BECOZYM*20CPR GASTRORES,2960.77,True,Authoritative,aifa_ingredient_authoritative,,,,115.16,COMPLESSO VITAMINICO 115.16milligrammi
023159039,"RIVOTRIL*OS GTT 10ML 2,5MG/ML",2949.71,True,Candidate,parsed:implied_unit_vol_conc,,1,25.0,25.0,"GTT 10ML 2,5MG/ML"
032392211,"GONAL F*SC 1FL 1050UI/1,75ML",2948.94,False,Unresolved,unresolved,other,,,,
023892021,MINIRIN/DDAVP*INIET 10F4MCG/ML,2933.56,False,Unresolved,unresolved,other,,,,
027751066,"ALCOVER*OS SOLUZ 140ML 17,5%",2925.74,False,Unresolved,unresolved,other,,,,
039731017,"BETAMETASONE EG*6F 1,5MG 2ML",2912.47,True,Validated,parsed:direct_strength,,6,1.5,9.0,"6F 1,5MG"
028855068,SUPRACEF*5CPR DISP 400MG,2906.61,True,Validated,parsed:direct_strength,,5,400.0,2000.0,5CPR DISP 400MG
041180264,ADOPORT*30CPS 5MG,2903.76,True,Validated,parsed:direct_strength,,30,5.0,150.0,30CPS 5MG
026890158,CLOPIXOL*IM 1F 200MG/ML RP,2890.86,True,Authoritative,aifa_ingredient_authoritative,,,,200.0,ZUCLOPENTIXOLO DECANOATO 200milligrammi
030865048,GLICEROLO 10% NA CL*500ML,2886.02,False,Unresolved,unresolved,other,,,,
045490303,REAGILA*30CPS 6MG,2883.95,True,Validated,parsed:direct_strength,,30,6.0,180.0,30CPS 6MG
026046033,DEFLAN*GTT FL 13ML,2877.45,True,Authoritative,aifa_ingredient_authoritative,,,,22.75,DEFLAZACORT 22.75milligrammi
025477175,OMNIPAQUE*350MG I/ML FL 100ML,2871.0,True,Candidate,parsed:single_value_assumed_unit,,1,350.0,350.0,350MG
046878068,"LEVOBUPIVAC AL*10F10ML2,5MG/ML",2861.1,True,Validated,parsed:vol_conc,,10,25.0,250.0,"10F10ML2,5MG/ML"
025519063,"MAG 2*OS SOLUZ 20BUST1,5G/10ML",2857.39,False,Unresolved,unresolved,other,,,,
035219029,XELODA*120CPR RIV 500MG,2841.77,True,Validated,parsed:direct_strength,,120,500.0,60000.0,120CPR RIV 500MG
038962039,OSSIGENO*COMPR 200BAR 14LT VAL,2841.21,False,Unresolved,unresolved,oxygen_gas,,,,
038919027,VIMPAT*56CPR RIV 50MG,2836.66,True,Validated,parsed:direct_strength,,56,50.0,2800.0,56CPR RIV 50MG
022483034,DEPAKIN*OS FL 40ML 200MG/ML,2831.34,True,Candidate,parsed:implied_unit_vol_conc,,1,8000.0,8000.0,FL 40ML 200MG/ML
031129101,MAGNESIO SOLFATO*10F 1G 10ML,2821.5,True,Validated,parsed:direct_strength,,10,1000.0,10000.0,10F 1G
036684328,APIDRA*SOLOST SC 5PEN 100U/ML,2816.99,False,Unresolved,unresolved,other,,,,
022999027,LIORESAL*50CPR 25MG FL,2814.29,True,Authoritative,aifa_ingredient_authoritative,,,,25.0,BACLOFENE 25milligrammi
034668018,"SELEDIE*2SIR 11400UI AXA/0,6ML",2808.96,False,Unresolved,unresolved,other,,,,
038143020,IRINOTECAN AURO*FL 5ML 20MG/ML,2801.59,True,Candidate,parsed:implied_unit_vol_conc,,1,100.0,100.0,FL 5ML 20MG/ML
032023044,TOPAMAX*60CPR RIV 200MG,2796.53,True,Validated,parsed:direct_strength,,60,200.0,12000.0,60CPR RIV 200MG
040942144,VALACICLOVIR AURO*21CPR 1000MG,2794.8,True,Validated,parsed:direct_strength,,21,1000.0,21000.0,21CPR 1000MG
015228024,NOZINAN*20CPR RIV 100MG,2786.43,True,Authoritative,aifa_ingredient_authoritative,,,,100.0,LEVOMEPROMAZINA 100milligrammi
020602052,TEGRETOL*30CPR 400MG RM,2765.14,True,Validated,parsed:direct_strength,,30,400.0,12000.0,30CPR 400MG
029832058,CALCIO GLUCONATO*10F10ML1000MG,2761.72,True,Candidate,parsed:single_value_assumed_unit,,1,1000.0,1000.0,1000MG
044778064,CEPTAVA*50CPR GASTR 360MG,2755.5,True,Validated,parsed:direct_strength,,50,360.0,18000.0,50CPR GASTR 360MG
044265128,ARIPIPRAZOLO ZEN*28CPR 15MG,2751.9,True,Validated,parsed:direct_strength,,28,15.0,420.0,28CPR 15MG
037793080,JANUVIA*28CPR RIV 50MG,2739.0,True,Validated,parsed:direct_strength,,28,50.0,1400.0,28CPR RIV 50MG
042657039,LYXUMIA*2PEN 3ML 20MCG,2737.6,True,Candidate,parsed:single_value_assumed_unit,,1,0.02,0.02,20MCG
050981012,"ELREXFIO*SC 1FL 1,1ML 40MG/ML",2725.86,True,Validated,parsed:vol_conc,,1,44.0,44.0,"1FL 1,1ML 40MG/ML"
043725023,FENILEFRINA AG*10SIR 10ML,2722.5,False,Unresolved,unresolved,other,,,,
044062040,FLUOROURACILE HIK*EV 100ML 5G,2721.73,True,Candidate,parsed:single_value_assumed_unit,,1,5000.0,5000.0,5G
036825038,"STALEVO*100CPR 50+12,5+200MG",2717.76,True,Candidate,parsed:single_value_assumed_unit,,1,200.0,200.0,200MG
044615033,SILDENAFIL AUR*90CPR RIV 20MG,2709.07,True,Validated,parsed:direct_strength,,90,20.0,1800.0,90CPR RIV 20MG
037496155,LANSOPRAZOLO TEVA*28CPS 30MG,2708.81,True,Validated,parsed:direct_strength,,28,30.0,840.0,28CPS 30MG
039132093,OSSIGENO*COMPR 200BAR 40LT,2702.7,False,Unresolved,unresolved,oxygen_gas,,,,
040402051,QUETIAPINA SAN*30CPR RIV 25MG,2698.53,True,Validated,parsed:direct_strength,,30,25.0,750.0,30CPR RIV 25MG
035313028,DEPALGOS*28CPR RIV 5MG+325MG,2697.31,True,Validated,parsed:direct_strength,,28,5.0,140.0,28CPR RIV 5MG
038944474,OSSIGENO*CRIOGEN 2000LT FISSO,2693.42,False,Unresolved,unresolved,oxygen_gas,,,,
027530068,MACLADIN*BB OS GRAT 125MG/5ML,2687.9,False,Unresolved,unresolved,other,,,,
026141198,NEODUPLAMOX*12BUST 875MG+125MG,2684.75,True,Validated,parsed:direct_strength,,12,875.0,10500.0,12BUST 875MG
043646076,INFECTOFOS*EV 1FL 8G 200ML,2681.84,True,Validated,parsed:direct_strength,,1,8000.0,8000.0,1FL 8G
050232014,SUNLENCA*5CPR RIV 300MG,2676.45,True,Validated,parsed:direct_strength,,5,300.0,1500.0,5CPR RIV 300MG
029877038,SOLUZ CARDIOPLEGICA*1000ML SA+,2662.0,False,Unresolved,unresolved,other,,,,
037552054,LORATADINA TEVA*20CPR 10MG,2655.91,True,Validated,parsed:direct_strength,,20,10.0,200.0,20CPR 10MG
039557119,ARIA AIR LIQUIDE*200BAR 50LT,2645.76,False,Unresolved,unresolved,other,,,,
039727021,GEMCITABINA HIK*INF 5FL200MG,2640.0,True,Validated,parsed:direct_strength,,5,200.0,1000.0,5FL200MG
034078408,"EXELON*30CER 9,5MG/24H",2637.03,False,Unresolved,unresolved,other,,,,
026925053,PENTACOL 800*60CPR 800MG RM,2629.29,True,Validated,parsed:direct_strength,,60,800.0,48000.0,60CPR 800MG
031184056,LIDOCAINA CLORIDR*10F200MG10ML,2625.86,True,Validated,parsed:direct_strength,,10,200.0,2000.0,10F200MG
035211010,FUROSEMIDE MY*20CPR DIV 500MG,2624.42,True,Validated,parsed:direct_strength,,20,500.0,10000.0,20CPR DIV 500MG
028740013,NEURONTIN*50CPS 100MG,2623.04,True,Validated,parsed:direct_strength,,50,100.0,5000.0,50CPS 100MG
039814052,LEPTOPROL*1 IMPIANTO 5MG,2618.0,True,Candidate,parsed:single_value_assumed_unit,,1,5.0,5.0,5MG
043064587,ROSUVASTATINA TEVA*28CPR 10MG,2615.91,True,Validated,parsed:direct_strength,,28,10.0,280.0,28CPR 10MG
043275041,MERIOFERT*SC IM 1FL150UI+1SIR,2612.5,False,Unresolved,unresolved,other,,,,
037092386,RISPERIDONE TE*60CPR RIV 3MG,2605.57,True,Validated,parsed:direct_strength,,60,3.0,180.0,60CPR RIV 3MG
045124017,SALMETEROLO FLUT MY*25+125MCG,2604.04,True,Candidate,parsed:single_value_assumed_unit,,1,0.125,0.125,125MCG
031973035,LIDOCAINA CLORIDR*5F 10ML200MG,2591.64,True,Candidate,parsed:single_value_assumed_unit,,1,200.0,200.0,200MG
050764051,PIRFENIDONE AURO*84CPR 801MG,2587.2,True,Validated,parsed:direct_strength,,84,801.0,67284.0,84CPR 801MG
040014033,"OCTREOTIDE LIM*10F 0,5MG/ML",2583.9,False,Unresolved,unresolved,other,,,,
036825242,"STALEVO*100CPR 75+18,75+200MG",2579.67,True,Candidate,parsed:single_value_assumed_unit,,1,200.0,200.0,200MG
041689086,"KOMBOGLYZE*56CPR RIV2,5+1000MG",2579.5,True,Candidate,parsed:single_value_assumed_unit,,1,1000.0,1000.0,1000MG
037097223,FOZNOL*OS POLV 90BUST 750MG,2573.61,True,Validated,parsed:direct_strength,,90,750.0,67500.0,90BUST 750MG
038381657,"RETACRIT*6SIR 6.000UI 0,6ML",2555.15,False,Unresolved,unresolved,other,,,,
040219139,LEVOFLOXACINA SAN*5CPR 500MG,2552.94,True,Validated,parsed:direct_strength,,5,500.0,2500.0,5CPR 500MG
043129093,PARACALCITOLO TE*28CPS 1MCG FL,2541.79,True,Validated,parsed:direct_strength,,28,0.001,0.028,28CPS 1MCG
049404217,DEFERASIROX SAN*30CPR 360MG,2540.5,True,Validated,parsed:direct_strength,,30,360.0,10800.0,30CPR 360MG
041732037,RIPOL*1FL 50ML 10MG/ML,2534.11,True,Validated,parsed:vol_conc,,1,500.0,500.0,1FL 50ML 10MG/ML
045490226,"REAGILA*30CPS 4,5MG",2530.67,True,Validated,parsed:direct_strength,,30,4.5,135.0,"30CPS 4,5MG"
050443011,"XIMLUCI*INIET 0,23ML 10MG/ML",2530.0,False,Unresolved,unresolved,other,,,,
023576059,CUROXIM*EV 1FL 1G+F 10ML SOLV,2522.83,True,Validated,parsed:direct_strength,,1,1000.0,1000.0,1FL 1G
033706019,"BETAMETASONE DIPR SAN*0,05%30G",2522.25,True,Validated,parsed:pct_weight,,1,15.0,15.0,"0,05%30G"
036573487,"FIXIONEAL*40GLUC 3,86% 2SA LUE",2508.33,False,Unresolved,unresolved,other,,,,
035946211,"HUMIRA*SC 2SIR 0,2ML 20MG+2TAM",2508.0,True,Candidate,parsed:single_value_assumed_unit,,1,20.0,20.0,20MG
029111109,CLEXANE T*10SIR 10000UI 1ML,2507.63,False,Unresolved,unresolved,other,,,,
032921140,FOSTIMON*5FL 225UI/ML+5SIR,2504.61,False,Unresolved,unresolved,multi_active_combo,,,,
021122080,ULTRAPROCT*UNG RETT 30G,2499.26,True,Candidate,parsed:single_value_assumed_unit,,1,30000.0,30000.0,30G
006455036,NICOZID*50CPR 200MG,2482.02,True,Authoritative,aifa_ingredient_authoritative,,,,200.0,ISONIAZIDE 200milligrammi
023605114,DEURSIL*20CPS 300MG,2480.3,True,Authoritative,aifa_ingredient_authoritative,,,,300.0,ACIDO URSODESOSSICOLICO 300milligrammi
034789091,ZOPRANOL*28CPR RIV 30MG,2479.55,True,Validated,parsed:direct_strength,,28,30.0,840.0,28CPR RIV 30MG
020609071,ISOPTIN*EV 5F 5MG 2ML,2466.18,True,Validated,parsed:direct_strength,,5,5.0,25.0,5F 5MG
017837028,LUXAZONE*COLL FL 3ML 2MG/ML,2456.18,True,Candidate,parsed:implied_unit_vol_conc,,1,6.0,6.0,FL 3ML 2MG/ML
035026020,"TRACTOCILE*EV 1FL 37,5MG/5ML",2453.13,False,Unresolved,unresolved,other,,,,
020009054,RIFOCIN*IV 1F 500MG 10ML,2452.32,True,Validated,parsed:direct_strength,,1,500.0,500.0,1F 500MG
039836010,MIRTAZAPINA AURO*30CPR ORO30MG,2450.93,True,Validated,parsed:direct_strength,,30,30.0,900.0,30CPR ORO30MG
019655315,"BENTELAN*INIET 6F 1,5MG/2ML",2450.72,False,Unresolved,unresolved,other,,,,
036583033,NUTROPINAQ*SC 1CART 10MG 2ML,2447.25,True,Candidate,parsed:single_value_assumed_unit,,1,10.0,10.0,10MG
045834102,SUNITINIB TEVA*30CPS 25MG FL,2446.89,True,Validated,parsed:direct_strength,,30,25.0,750.0,30CPS 25MG
040321046,SETOFILM*6FILMS ORODISP 8MG,2421.65,True,Candidate,parsed:single_value_assumed_unit,,1,8.0,8.0,8MG
023145028,SINEMET*50CPR 100MG+25MG,2414.55,True,Validated,parsed:direct_strength,,50,100.0,5000.0,50CPR 100MG
034256026,ACETILCISTEINA RAT*30CPR EFF,2411.99,False,Unresolved,unresolved,other,,,,
038279030,CIPROFLOXACINA LIM*25FL 200MG,2411.82,True,Validated,parsed:direct_strength,,25,200.0,5000.0,25FL 200MG
040111015,QUTENZA*1CER 179MG+1GEL DET,2403.79,True,Validated,parsed:direct_strength,,1,179.0,179.0,1CER 179MG
048079026,DOPTELET*15CPR RIV 20MG,2397.09,True,Validated,parsed:direct_strength,,15,20.0,300.0,15CPR RIV 20MG
037097134,FOZNOL*90CPR MAST 500MG FL,2388.65,True,Validated,parsed:direct_strength,,90,500.0,45000.0,90CPR MAST 500MG
050151012,LUNSUMIO*EV 1FL 1ML 1MG,2386.82,True,Candidate,parsed:single_value_assumed_unit,,1,1.0,1.0,1MG
024515049,DICLOREUM*30CPR GASTR 50MG,2384.41,True,Authoritative,aifa_ingredient_authoritative,,,,50.0,DICLOFENAC SODICO 50milligrammi
038348088,"MIRCERA*IV SC SIR 50MCG 0,3ML",2363.25,True,Candidate,parsed:single_value_assumed_unit,,1,0.05,0.05,50MCG
015628074,ENDOXAN BAXTER*INIET 1FL 500MG,2362.3,True,Validated,parsed:direct_strength,,1,500.0,500.0,1FL 500MG
024173054,URSILON RETARD*20CPS 450MG RP,2358.1,True,Validated,parsed:direct_strength,,20,450.0,9000.0,20CPS 450MG
045262060,CISON*20CPR 25MG,2340.3,True,Validated,parsed:direct_strength,,20,25.0,500.0,20CPR 25MG
042415226,VELLOFENT*4CPR SUBL 267MCG,2333.08,True,Validated,parsed:direct_strength,,4,0.267,1.068,4CPR SUBL 267MCG
043000013,MOXIFLOXACINA KRKA*5CPR 400MG,2332.17,True,Validated,parsed:direct_strength,,5,400.0,2000.0,5CPR 400MG
038660039,EFFENTORA*4CPR MUCOSA OS200MCG,2330.68,True,Validated,parsed:direct_strength,,4,0.2,0.8,4CPR MUCOSA OS200MCG
034266039,FUCIDIN*CREMA 30G 20MG/G,2329.4,True,Candidate,parsed:single_value_assumed_unit,,1,30000.0,30000.0,30G
049176035,PEMETREXED EV*EV FL40ML25MG/ML,2326.5,True,Candidate,parsed:implied_unit_vol_conc,,1,1000.0,1000.0,FL40ML25MG/ML
036967038,"ELIGARD*SC SIR+SIR 7,5MG+KIT",2321.28,True,Candidate,parsed:single_value_assumed_unit,,1,7.5,7.5,"7,5MG"
045985037,"LENALIDOMIDE TEVA*21CPS 2,5MG",2320.62,True,Validated,parsed:direct_strength,,21,2.5,52.5,"21CPS 2,5MG"
029204082,"NUTRINEAL PD4*4SACC 2,5LT 1,1%",2312.97,False,Unresolved,unresolved,other,,,,
028366019,ACIDO URSOD AURO*20CPS 300MG,2307.81,True,Authoritative,aifa_ingredient_authoritative,,,,300.0,ACIDO URSODESOSSICOLICO 300milligrammi
004561015,CORTONE ACETATO*20CPR 25MG,2301.81,True,Authoritative,aifa_ingredient_authoritative,,,,25.0,CORTISONE ACETATO 25milligrammi
029503012,ZELITREX*42CPR RIV 500MG,2291.85,True,Validated,parsed:direct_strength,,42,500.0,21000.0,42CPR RIV 500MG
042787275,CIQORIN*50CPS MOLLI 50MG,2285.66,True,Validated,parsed:direct_strength,,50,50.0,2500.0,50CPS MOLLI 50MG
033306073,HYCAMTIN*10CPS 1MG,2285.52,True,Validated,parsed:direct_strength,,10,1.0,10.0,10CPS 1MG
045302027,"DUTASTERIDE AURO*30CPS 0,5MG",2278.59,True,Validated,parsed:direct_strength,,30,0.5,15.0,"30CPS 0,5MG"
032023032,TOPAMAX*60CPR RIV 100MG,2277.38,True,Validated,parsed:direct_strength,,60,100.0,6000.0,60CPR RIV 100MG
042581153,FYCOMPA*28CPR RIV 12MG,2272.73,True,Validated,parsed:direct_strength,,28,12.0,336.0,28CPR RIV 12MG
027253032,TORADOL*10CPR RIV 10MG,2271.59,True,Validated,parsed:direct_strength,,10,10.0,100.0,10CPR RIV 10MG
030819179,"SODIO BICARB*8,4% 250ML",2263.25,False,Unresolved,unresolved,other,,,,
030674016,"ISOPRENALINA CLORIDR*5F 0,2MG",2261.48,True,Validated,parsed:direct_strength,,5,0.2,1.0,"5F 0,2MG"
040830212,OLANZAPINA ZE*28CPR OROD 10MG,2244.31,True,Validated,parsed:direct_strength,,28,10.0,280.0,28CPR OROD 10MG
049047018,ICATIBANT ZEN*SC 1SIR 30MG 3ML,2234.85,True,Validated,parsed:direct_strength,,1,30.0,30.0,1SIR 30MG
026046021,DEFLAN*10CPR 30MG,2232.32,True,Authoritative,aifa_ingredient_authoritative,,,,30.0,DEFLAZACORT 30milligrammi
023189057,NEBICINA*IM IV FL 150MG 2ML,2229.21,True,Candidate,parsed:single_value_assumed_unit,,1,150.0,150.0,150MG
029498019,TALAVIR*42CPR RIV 500MG,2228.52,True,Authoritative,aifa_ingredient_authoritative,,,,500.0,VALACICLOVIR CLORIDRATO 500milligrammi
027865094,NAVELBINE*EV 50MG 5ML 10MG/ML,2227.52,True,Candidate,parsed:single_value_assumed_unit,,1,50.0,50.0,50MG
030486043,EOSINA PHARMA TRENTA*2% 100G,2221.21,True,Validated,parsed:pct_weight,,1,2000.0,2000.0,2% 100G
027860143,ZITROMAX AVIUM 600*8CPR 600MG,2218.94,True,Validated,parsed:direct_strength,,8,600.0,4800.0,8CPR 600MG
044327017,BENDAMUSTINA ACC*5FL 25MG,2211.34,True,Validated,parsed:direct_strength,,5,25.0,125.0,5FL 25MG
038944157,OSSIGENO*COMPR 200BAR 5LT VAL,2209.79,False,Unresolved,unresolved,oxygen_gas,,,,
020867026,"AUREOCORT*CREMA 30G 3%+0,1%",2207.76,True,Candidate,parsed:single_value_assumed_unit,,1,30000.0,30000.0,30G
029453040,SANDIMMUN NEORAL*50ML 100MG/ML,2189.99,False,Unresolved,unresolved,other,,,,
035442019,DOPAMINA PFIZER*10F 200MG/5ML,2187.1,False,Unresolved,unresolved,other,,,,
022211039,MIRACLIN*10CPR 100MG,2182.58,True,Validated,parsed:direct_strength,,10,100.0,1000.0,10CPR 100MG
041673043,"NIMVASTID*56CPS 1,5MG",2178.33,True,Validated,parsed:direct_strength,,56,1.5,84.0,"56CPS 1,5MG"
049452016,ABEVMY*INF 1FL 4ML 25MG/ML,2172.72,True,Validated,parsed:vol_conc,,1,100.0,100.0,1FL 4ML 25MG/ML
027597020,MEGACE*30CPR 160MG,2172.04,True,Authoritative,aifa_ingredient_authoritative,,,,160.0,MEGESTROLO ACETATO 160milligrammi
045592084,LOPERAMIDE AUR*30CPS 2MG,2171.54,True,Validated,parsed:direct_strength,,30,2.0,60.0,30CPS 2MG
032390344,GLUCOSIO*33% INFUS 20FL 500ML,2171.34,False,Unresolved,unresolved,other,,,,
045597186,PRASUGREL TEVA*28CPR RIV 5MG,2170.26,True,Validated,parsed:direct_strength,,28,5.0,140.0,28CPR RIV 5MG
041333218,TEMOZOLOMIDE SUN*5CPS 180MG,2166.34,True,Validated,parsed:direct_strength,,5,180.0,900.0,5CPS 180MG
045985177,LENALIDOMIDE TEVA*21CPS 15MG,2162.47,True,Validated,parsed:direct_strength,,21,15.0,315.0,21CPS 15MG
035039104,KEPPRA*60CPR RIV 500MG,2162.17,True,Validated,parsed:direct_strength,,60,500.0,30000.0,60CPR RIV 500MG
022323036,TRITTICO*30CPR RIV DIV 50MG,2160.22,True,Validated,parsed:direct_strength,,30,50.0,1500.0,30CPR RIV DIV 50MG
048668014,NUSTENDI*10CPR RIV 180MG+10MG,2157.22,True,Validated,parsed:direct_strength,,10,180.0,1800.0,10CPR RIV 180MG
040485082,LAMIVUDINA MY*30CPR RIV 300MG,2148.53,True,Validated,parsed:direct_strength,,30,300.0,9000.0,30CPR RIV 300MG
029827033,AMINOFILLINA GS*10F 240MG 10ML,2145.15,True,Authoritative,aifa_ingredient_authoritative,,,,240.0,AMINOFILLINA 240milligrammi
036688012,XENAZINA*112CPR DIV 25MG,2141.08,True,Validated,parsed:direct_strength,,112,25.0,2800.0,112CPR DIV 25MG
038190450,BINOCRIT*1SIR 10.000UI 1ML+DIS,2136.12,False,Unresolved,unresolved,other,,,,
038919054,VIMPAT*56CPR RIV 100MG,2135.51,True,Validated,parsed:direct_strength,,56,100.0,5600.0,56CPR RIV 100MG
037994023,FOSFOMICINA MY*AD OS 2BUST 3G,2123.54,True,Validated,parsed:direct_strength,,2,3000.0,6000.0,2BUST 3G
038190169,BINOCRIT*6SIR 10.000UI 1ML,2114.53,False,Unresolved,unresolved,other,,,,
036364038,FORBEST*AD NEBUL 30FL 1MG/1ML,2108.18,False,Unresolved,unresolved,other,,,,
042796387,VORICONAZOLO TE*28CPR RIV200MG,2098.27,True,Validated,parsed:direct_strength,,28,200.0,5600.0,28CPR RIV200MG
038381707,"RETACRIT*1SIR 20.000UI 0,5ML",2097.44,False,Unresolved,unresolved,other,,,,
039186123,QUETIAPINA AUR*30CPR RIV 25MG,2097.08,True,Validated,parsed:direct_strength,,30,25.0,750.0,30CPR RIV 25MG
044379016,"ATOSIBAN EVER*EV 6,75MG/0,9ML",2092.36,False,Unresolved,unresolved,other,,,,
036025017,PLAUNAC*28CPR RIV 10MG,2089.56,True,Validated,parsed:direct_strength,,28,10.0,280.0,28CPR RIV 10MG
034164083,CITARABINA HIK*5F 100MG/5ML,2086.95,False,Unresolved,unresolved,other,,,,
040774022,NUMETA*INF 6SACCHE 500ML G16E,2082.58,False,Unresolved,unresolved,other,,,,
033645021,DACARBAZINA MEDAC*10FL 200MG,2073.05,True,Validated,parsed:direct_strength,,10,200.0,2000.0,10FL 200MG
044737017,ARIPIPRAZOLO MY*OS 150ML1MG/ML,2070.62,False,Unresolved,unresolved,other,,,,
039056039,BERINERT*SC FL2000UI+FL4ML+SET,2069.76,False,Unresolved,unresolved,other,,,,
020582223,FLUIMUCIL*OS GRAT 30BUST 600MG,2042.7,True,Validated,parsed:direct_strength,,30,600.0,18000.0,30BUST 600MG
043171053,MEMANTINA ACC*56CPR RIV 10MG,2042.59,True,Validated,parsed:direct_strength,,56,10.0,560.0,56CPR RIV 10MG
029858053,"NALOXONE CLOR GS*10F 0,4MG 1ML",2033.99,True,Validated,parsed:direct_strength,,10,0.4,4.0,"10F 0,4MG"
009964038,COLCHICINA LIRCA*60CPR DIV 1MG,2032.95,True,Authoritative,aifa_ingredient_authoritative,,,,1.0,COLCHICINA 1milligrammi
024596153,FLUIBRON*AER 20FL 15MG 2ML,2032.75,True,Authoritative,aifa_ingredient_authoritative,,,,750.0,AMBROXOLO CLORIDRATO 750milligrammi
027130107,PENTASA*60CPR 1G RM,2026.54,True,Validated,parsed:direct_strength,,60,1000.0,60000.0,60CPR 1G
042241012,MEMANTINA AURO*56CPR RIV 10MG,2026.02,True,Validated,parsed:direct_strength,,56,10.0,560.0,56CPR RIV 10MG
010834024,ATARAX*20CPR RIV DIV 25MG,2014.36,True,Authoritative,aifa_ingredient_authoritative,,,,25.0,IDROXIZINA DICLORIDRATO 25milligrammi
002922060,TESTOVIRON*IM F 250MG 1ML RP,2011.49,True,Candidate,parsed:single_value_assumed_unit,,1,250.0,250.0,250MG
046129021,ALKINDI*50CPS GRANULI 1MG FL,2005.93,True,Validated,parsed:direct_strength,,50,1.0,50.0,50CPS GRANULI 1MG
037604067,SUBOXONE*28CPR SUBLING 16+4MG,1996.66,True,Candidate,parsed:single_value_assumed_unit,,1,4.0,4.0,4MG
028853051,CONTRAMAL*INIET 5F 50MG 1ML,1994.97,True,Validated,parsed:direct_strength,,5,50.0,250.0,5F 50MG
025369075,NICETILE*IM EV 5F 500MG+5F 4ML,1990.51,True,Validated,parsed:direct_strength,,5,500.0,2500.0,5F 500MG
038919041,VIMPAT*14CPR RIV 100MG,1978.15,True,Validated,parsed:direct_strength,,14,100.0,1400.0,14CPR RIV 100MG
034307025,OMEGAVEN*EMULS EV 10FL 100ML,1974.5,False,Unresolved,unresolved,other,,,,
019646052,FIBRASE*50CPS 50MG,1968.41,True,Authoritative,aifa_ingredient_authoritative,,,,50.0,PENTOSANO POLISOLFATO SODICO 50milligrammi
027015231,"EPREX*1SIR 5000UI 0,5ML",1965.1,False,Unresolved,unresolved,other,,,,
029520398,"PUREGON*SC 1CART 600UI/0,72ML",1956.78,False,Unresolved,unresolved,other,,,,
024597015,CARBOLITHIUM*50CPS 150MG,1955.18,True,Validated,parsed:direct_strength,,50,150.0,7500.0,50CPS 150MG
042342016,ACIDO ZOLEDRONICO MY*1FL 4MG,1950.32,True,Validated,parsed:direct_strength,,1,4.0,4.0,1FL 4MG
035714029,GLUCOSIO 5%*50 SACCHE 100ML,1945.41,False,Unresolved,unresolved,other,,,,
039132042,OSSIGENO*COMPR 200BAR 5LT,1944.58,False,Unresolved,unresolved,oxygen_gas,,,,
028330037,AKINETON*50CPR 4MG RP,1939.85,True,Validated,parsed:direct_strength,,50,4.0,200.0,50CPR 4MG
043839012,"LEVOBUPIVACAINA LIM*10F2,5MG/M",1939.55,False,Unresolved,unresolved,other,,,,
045903022,ALUTARD VESPULA*FLACONI 5ML,1938.37,False,Unresolved,unresolved,other,,,,
036684013,APIDRA*SC 1FL 10ML 100U/ML,1924.54,False,Unresolved,unresolved,other,,,,
011680067,ARICODILTOSSE*OS GTT 25ML,1918.14,False,Unresolved,unresolved,other,,,,
036938025,POTASSIO ASP MO*10F 30MEQ 10ML,1916.45,False,Unresolved,unresolved,other,,,,
043658032,ABASAGLAR*SC 5CART 100U/ML 3ML,1914.5,False,Unresolved,unresolved,other,,,,
022984052,VENTOLIN*SOSP INAL 200D 100MCG,1912.17,True,Candidate,parsed:single_value_assumed_unit,,1,0.1,0.1,100MCG
047187036,SLENYTO*30CPR 5MG RP,1908.68,True,Validated,parsed:direct_strength,,30,5.0,150.0,30CPR 5MG
029251016,ALBUTEIN*IV FL 250ML 50G/L,1906.08,False,Unresolved,unresolved,other,,,,
035781018,PARACETAMOLO MY*120MG/5ML120ML,1904.95,False,Unresolved,unresolved,other,,,,
043569019,LAMIVUDINA MY*28CPR RIV 100MG,1904.35,True,Validated,parsed:direct_strength,,28,100.0,2800.0,28CPR RIV 100MG
026653093,"ENGERIX B*IM 1SIR 0,5ML 10MCG",1903.44,True,Candidate,parsed:single_value_assumed_unit,,1,0.01,0.01,10MCG
038678037,VELMETIA*56CPR RIV 50MG+850MG,1903.0,True,Validated,parsed:direct_strength,,56,50.0,2800.0,56CPR RIV 50MG
039019043,OSSIGENO*CRIOGEN 31LT MOBILE,1899.16,False,Unresolved,unresolved,oxygen_gas,,,,
034506016,ZEFFIX*28CPR RIV 100MG,1898.1,True,Validated,parsed:direct_strength,,28,100.0,2800.0,28CPR RIV 100MG
041632011,TOBRAMICINA TEVA*NEBUL56F300MG,1897.16,True,Validated,parsed:direct_strength,,56,300.0,16800.0,56F300MG
042787299,CIQORIN*30CPS MOLLI 100MG,1894.99,True,Validated,parsed:direct_strength,,30,100.0,3000.0,30CPS MOLLI 100MG
005259015,CALCIUM SANDOZ*20CPR EFF 500MG,1884.32,True,Validated,parsed:direct_strength,,20,500.0,10000.0,20CPR EFF 500MG
030802019,PETIDINA CLORIDR MON*5F 100MG,1879.81,True,Authoritative,aifa_ingredient_authoritative,,,,100.0,PETIDINA CLORIDRATO 100milligrammi
016366027,COUMADIN*30CPR 5MG,1874.22,True,Authoritative,aifa_ingredient_authoritative,,,,5.0,WARFARIN SODICO 5milligrammi
030685010,SODIO TIOSOLFATO*10% 5F 10ML,1864.5,False,Unresolved,unresolved,other,,,,
037692276,RAMIPRIL ZEN*28CPR DIV 5MG,1854.4,True,Validated,parsed:direct_strength,,28,5.0,140.0,28CPR DIV 5MG
022033031,AMIODAR*20CPR 200MG,1853.69,True,Authoritative,aifa_ingredient_authoritative,,,,200.0,AMIODARONE CLORIDRATO 200milligrammi
032167328,CLINIMIX N14G30E*4SAC 1LT+1LT,1851.52,False,Unresolved,unresolved,other,,,,
005472028,TAPAZOLE*100CPR 5MG,1847.85,True,Authoritative,aifa_ingredient_authoritative,,,,5.0,TIAMAZOLO 5milligrammi
036044016,LORMETAZEPAM MY*OS GTT 20ML,1847.75,False,Unresolved,unresolved,other,,,,
031177052,CALCIO GLUCONATO*10F 1G/10ML,1843.98,False,Unresolved,unresolved,other,,,,
034630018,EPSODILAVE*10F 250UI/5ML 5ML,1843.33,False,Unresolved,unresolved,other,,,,
016453033,TROPIMIL*COLL 5ML 5MG/ML,1828.16,False,Unresolved,unresolved,other,,,,
041503525,QUETIAPINA AHCL*60CPR RIV300MG,1825.57,True,Validated,parsed:direct_strength,,60,300.0,18000.0,60CPR RIV300MG
043867050,OTEZLA*56CPR RIV 20MG,1825.26,True,Validated,parsed:direct_strength,,56,20.0,1120.0,56CPR RIV 20MG
021110034,RIFADIN*8CPS 300MG,1824.46,True,Validated,parsed:direct_strength,,8,300.0,2400.0,8CPS 300MG
036635098,"DIBASE*OS SOL 2FL 2,5ML25000UI",1823.58,False,Unresolved,unresolved,other,,,,
029720063,GLICEROLO ALFA*AD 18SUPP2250MG,1821.67,True,Validated,parsed:direct_strength,,18,2250.0,40500.0,18SUPP2250MG
051052025,OXCIVA*INIET INF EV 10FL1000MG,1820.02,True,Validated,parsed:direct_strength,,10,1000.0,10000.0,10FL1000MG
040388047,QUETIAPINA EG*30CPR RIV 25MG,1815.9,True,Validated,parsed:direct_strength,,30,25.0,750.0,30CPR RIV 25MG
027234020,"EXOCIN*UNG OFT 3,5G 0,3%",1815.55,True,Candidate,parsed:single_value_assumed_unit,,1,3500.0,3500.0,"3,5G"
045317017,"AMGEVITA*SC 1SIR 0,4ML 20MG",1810.6,True,Candidate,parsed:single_value_assumed_unit,,1,20.0,20.0,20MG
031173026,ATROPINA SOLFATO*10F 1MG 1ML,1809.94,True,Authoritative,aifa_ingredient_authoritative,,,,1.0,ATROPINA SOLFATO 1milligrammi
044563017,ELOCTA*IV 1FL 250UI+SIR PRERI,1804.16,False,Unresolved,unresolved,other,,,,
029433036,BASICAINA*10F 5ML 20MG/ML,1801.8,True,Authoritative,aifa_ingredient_authoritative,,,,20.0,LIDOCAINA CLORIDRATO 20milligrammi
026089502,AUGMENTIN*OS SOSP FL70ML+CUCCH,1800.97,False,Unresolved,unresolved,other,,,,
027980010,ADALAT CRONO*14CPR 30MG RM,1800.95,True,Validated,parsed:direct_strength,,14,30.0,420.0,14CPR 30MG
046773026,BIKTARVY*90CPR 50+200+25MG FL,1796.62,True,Candidate,parsed:single_value_assumed_unit,,1,25.0,25.0,25MG
035625072,SIRIO*60CPR EFF 25MG+100MG,1791.15,True,Validated,parsed:direct_strength,,60,25.0,1500.0,60CPR EFF 25MG
023142033,MADOPAR*50CPR DIV 200MG+50MG,1789.74,True,Validated,parsed:direct_strength,,50,200.0,10000.0,50CPR DIV 200MG
034543013,NORMOSANG*INF EV4F 10ML25MG/ML,1787.7,True,Validated,parsed:vol_conc,,4,250.0,1000.0,4F 10ML25MG/ML
023907140,BETADINE*10GARZE IMPREGN 10x10,1785.56,False,Unresolved,unresolved,other,,,,
025373073,HALDOL*IM 5F 1ML 5MG/ML,1782.7,True,Validated,parsed:vol_conc,,5,5.0,25.0,5F 1ML 5MG/ML
030650030,ADRENALINA SALF*5F 1MG 1ML,1780.23,True,Validated,parsed:direct_strength,,5,1.0,5.0,5F 1MG
028718031,INDOCOLLIRIO*COLL 20FL 1MG/ML,1777.79,True,Authoritative,aifa_ingredient_authoritative,,,,100.0,INDOMETACINA 0.1grammi
045561014,PREGENAQ*OS 1FL 250ML 20MG/ML,1773.03,True,Validated,parsed:vol_conc,,1,5000.0,5000.0,1FL 250ML 20MG/ML
034936118,FLUIMUCIL MUCOL*SCIR 100MG/5ML,1772.08,False,Unresolved,unresolved,other,,,,
043496037,CHOLECOMB*30CPS 10MG+10MG,1771.17,True,Validated,parsed:direct_strength,,30,10.0,300.0,30CPS 10MG
030793071,GLUCOSIO*33% 10F 10ML,1769.41,False,Unresolved,unresolved,other,,,,
043867047,OTEZLA*27CPR RIV(4x10+23x20MG),1765.42,True,Candidate,parsed:single_value_assumed_unit,,1,20.0,20.0,20MG
004225025,"METHERGIN*IM EV 6F 1ML0,2MG/ML",1762.77,True,Validated,parsed:vol_conc,,6,0.2,1.2,"6F 1ML0,2MG/ML"
037296047,FLUCONAZOLO BIO LIM*25FL 100MG,1762.24,True,Validated,parsed:direct_strength,,25,100.0,2500.0,25FL 100MG
023653076,PRISMA*30CPS 50MG,1760.35,True,Validated,parsed:direct_strength,,30,50.0,1500.0,30CPS 50MG
033482047,ACICLOVIR ABC*35CPR 800MG,1757.58,True,Validated,parsed:direct_strength,,35,800.0,28000.0,35CPR 800MG
041673106,NIMVASTID*56CPS 3MG,1745.7,True,Validated,parsed:direct_strength,,56,3.0,168.0,56CPS 3MG
038965277,OMEPRAZOLO EG*14CPS GASTR 20MG,1743.03,True,Validated,parsed:direct_strength,,14,20.0,280.0,14CPS GASTR 20MG
041016015,RESOLOR*28CPR RIV 1MG,1740.88,True,Validated,parsed:direct_strength,,28,1.0,28.0,28CPR RIV 1MG
034368100,TIROSINT*OS 30FL 1ML 100MCG/ML,1739.73,True,Validated,parsed:vol_conc,,30,0.1,3.0,30FL 1ML 100MCG/ML
027865082,NAVELBINE*EV 10MG 1ML,1738.0,True,Candidate,parsed:single_value_assumed_unit,,1,10.0,10.0,10MG
023475054,ACETAMOL*AD 20CPR 500MG,1736.34,True,Authoritative,aifa_ingredient_authoritative,,,,500.0,PARACETAMOLO 500milligrammi
045229010,EMTRICITABINA TEN MY*30CPR FL,1722.59,False,Unresolved,unresolved,other,,,,
022483224,DEPAKIN*GRAT 30BUST 1000MG RM,1721.32,True,Validated,parsed:direct_strength,,30,1000.0,30000.0,30BUST 1000MG
036757045,LANSOPRAZOLO MY*28CPS 15MG,1716.83,True,Validated,parsed:direct_strength,,28,15.0,420.0,28CPS 15MG
042867263,IMATINIB ACC*120CPR RIV 100MG,1716.0,True,Validated,parsed:direct_strength,,120,100.0,12000.0,120CPR RIV 100MG
028557015,PRONTOBARIO COLON*SACCA 400G,1715.47,True,Candidate,parsed:single_value_assumed_unit,,1,400000.0,400000.0,400G
048959050,LACOSAMIDE ZEN*56CPR RIV 100MG,1713.56,True,Validated,parsed:direct_strength,,56,100.0,5600.0,56CPR RIV 100MG
046031023,GEFITINIB TE*30CPR RIV 250MG,1711.04,True,Validated,parsed:direct_strength,,30,250.0,7500.0,30CPR RIV 250MG
023907126,BETADINE*GEL 30G 10%,1710.72,True,Candidate,parsed:single_value_assumed_unit,,1,30000.0,30000.0,30G
023853031,CEFAZOLINA TEVA*IM 1F 1G+F 4ML,1710.12,True,Validated,parsed:direct_strength,,1,1000.0,1000.0,1F 1G
027248020,BREVIBLOC*INF 5FL 100MG 10ML,1707.75,True,Validated,parsed:direct_strength,,5,100.0,500.0,5FL 100MG
040700027,PANTOPRAZOLO MY*28CPR 20MG,1704.99,True,Validated,parsed:direct_strength,,28,20.0,560.0,28CPR 20MG
037604030,SUBOXONE*7CPR SUBLING 8MG+2MG,1703.04,True,Validated,parsed:direct_strength,,7,8.0,56.0,7CPR SUBLING 8MG
036737017,"NAOS*NEBUL 15ML0,375+0,075%",1693.51,False,Unresolved,unresolved,other,,,,
036476125,LYRICA*56CPS 75MG,1688.05,True,Validated,parsed:direct_strength,,56,75.0,4200.0,56CPS 75MG
027314044,XATRAL*30CPR 10MG RP,1683.11,True,Validated,parsed:direct_strength,,30,10.0,300.0,30CPR 10MG
049282027,"LENALIDOMIDE MY*21CPS 2,5MG",1681.07,True,Validated,parsed:direct_strength,,21,2.5,52.5,"21CPS 2,5MG"
009286016,MESTINON*20CPR 60MG,1681.06,True,Authoritative,aifa_ingredient_authoritative,,,,60.0,PIRIDOSTIGMINA BROMURO 60milligrammi
020602049,TEGRETOL*30CPR 200MG RM,1680.24,True,Validated,parsed:direct_strength,,30,200.0,6000.0,30CPR 200MG
037720202,CLARITROMICINA SA*14CPR 500MG,1678.63,True,Validated,parsed:direct_strength,,14,500.0,7000.0,14CPR 500MG
038257022,ZUGLIMET*30CPR RIV 500MG,1675.69,True,Validated,parsed:direct_strength,,30,500.0,15000.0,30CPR RIV 500MG
029358037,"ISOREN*30FL 250ML 5,4%",1675.51,False,Unresolved,unresolved,other,,,,
032944151,SEROQUEL*60CPR 400MG RP,1668.31,True,Validated,parsed:direct_strength,,60,400.0,24000.0,60CPR 400MG
026544041,METOTRESSATO TEVA*FL 1G 10ML,1667.6,True,Candidate,parsed:single_value_assumed_unit,,1,1000.0,1000.0,1G
038257162,ZUGLIMET*60CPR RIV 1000MG,1666.97,True,Validated,parsed:direct_strength,,60,1000.0,60000.0,60CPR RIV 1000MG
036678100,GOLTOR*30CPR 10MG+10MG PVC/AL/,1666.25,True,Validated,parsed:direct_strength,,30,10.0,300.0,30CPR 10MG
044554083,CINACALCET VI*28CPR RIV 90MG,1665.32,True,Validated,parsed:direct_strength,,28,90.0,2520.0,28CPR RIV 90MG
023142019,MADOPAR*30CPS 100MG+25MG,1656.6,True,Validated,parsed:direct_strength,,30,100.0,3000.0,30CPS 100MG
040254169,TACNI*30CPS 5MG,1655.61,True,Validated,parsed:direct_strength,,30,5.0,150.0,30CPS 5MG
004930020,ATROPINA FARMIGEA*1% 5FL COLL,1650.55,False,Unresolved,unresolved,other,,,,
034183020,EXPIROBACTER*1CPR SOLUB 100MG,1650.0,True,Validated,parsed:direct_strength,,1,100.0,100.0,1CPR SOLUB 100MG
051752020,"FLUCELVAX*IM 1SIR 0,5ML 25-26",1650.0,False,Unresolved,unresolved,other,,,,
039058072,OSSIGENO*CRIOGEN 46LT MOBILE,1647.26,False,Unresolved,unresolved,oxygen_gas,,,,
045198025,VENCLYXTO*14CPR RIV 10MG,1644.2,True,Validated,parsed:direct_strength,,14,10.0,140.0,14CPR RIV 10MG
029561053,CAVERJECT*5FL 10MCG+5F 1ML SOL,1640.0,True,Authoritative,aifa_ingredient_authoritative,,,,0.0119,ALPROSTADIL 11.9microgrammi
038944144,OSSIGENO*COMPR 200BAR 3LT VAL,1633.77,False,Unresolved,unresolved,oxygen_gas,,,,
020602025,TEGRETOL*30CPR 400MG,1630.59,True,Authoritative,aifa_ingredient_authoritative,,,,400.0,CARBAMAZEPINA 400milligrammi
007899038,LARGACTIL*20CPR RIV 100MG,1628.37,True,Validated,parsed:direct_strength,,20,100.0,2000.0,20CPR RIV 100MG
046889073,"HYRIMOZ*SC 2SIR 0,4ML 20MG",1626.24,True,Candidate,parsed:single_value_assumed_unit,,1,20.0,20.0,20MG
046032049,ACICLOVIR AURO*25CPR 400MG,1620.28,True,Validated,parsed:direct_strength,,25,400.0,10000.0,25CPR 400MG
014729141,DECADRON*OS GTT FL 10ML 2MG/ML,1616.14,True,Candidate,parsed:implied_unit_vol_conc,,1,20.0,20.0,GTT FL 10ML 2MG/ML
015228012,NOZINAN*20CPR RIV 25MG,1614.26,True,Authoritative,aifa_ingredient_authoritative,,,,25.0,LEVOMEPROMAZINA 25milligrammi
007112016,VICI*IM EV 5F 5ML 500MG,1614.12,True,Authoritative,aifa_ingredient_authoritative,,,,50.0,ACIDO ASCORBICO 50milligrammi
045107036,LEVETIRACETAM AU*OS 100MG/ML,1613.38,False,Unresolved,unresolved,other,,,,
048029021,"TRIGON*COLL 20FL 0,25ML",1612.12,False,Unresolved,unresolved,other,,,,
042215018,NITROGLICERINA SAND*15CER 5MG,1611.62,True,Validated,parsed:direct_strength,,15,5.0,75.0,15CER 5MG
022393045,ADRIBLASTINA*INIET FL 50MG,1609.78,True,Candidate,parsed:single_value_assumed_unit,,1,50.0,50.0,50MG
035928151,FULCROSUPRA*30CPR RIV 145MG,1608.71,True,Validated,parsed:direct_strength,,30,145.0,4350.0,30CPR RIV 145MG
044272045,EZETIMIBE TEVA*30CPR 10MG,1604.02,True,Validated,parsed:direct_strength,,30,10.0,300.0,30CPR 10MG
049282179,LENALIDOMIDE MY*21CPS 25MG,1602.46,True,Validated,parsed:direct_strength,,21,25.0,525.0,21CPS 25MG
036981025,BENZILPENICILLINA POTAS*100FL,1599.99,False,Unresolved,unresolved,other,,,,
045136025,VARCODES*30CPR EFF 4MG,1596.19,True,Validated,parsed:direct_strength,,30,4.0,120.0,30CPR EFF 4MG
039941075,OLIMEL*N9 INF 4SACCHE 2000ML,1588.4,False,Unresolved,unresolved,other,,,,
036025118,PLAUNAC*28CPR RIV 40MG,1585.89,True,Validated,parsed:direct_strength,,28,40.0,1120.0,28CPR RIV 40MG
044020016,SIVEXTRO*6CPR RIV 200MG,1584.29,True,Validated,parsed:direct_strength,,6,200.0,1200.0,6CPR RIV 200MG
045669013,MEDIRENOSCINT*6FL 1MG 10ML KIT,1584.0,True,Validated,parsed:direct_strength,,6,1.0,6.0,6FL 1MG
036922019,"BUDEXAN*NEBUL20FL2ML 0,25MG/ML",1578.66,True,Validated,parsed:vol_conc,,20,0.5,10.0,"20FL2ML 0,25MG/ML"
042375016,TEKTROTYD*PREP RADIOFARM 16MCG,1571.43,True,Candidate,parsed:single_value_assumed_unit,,1,0.016,0.016,16MCG
033308038,CAELYX PEG*EV 1FL 25ML 2MG/ML,1570.76,True,Validated,parsed:vol_conc,,1,50.0,50.0,1FL 25ML 2MG/ML
035878038,"CEFTRIAXONE MY*IM FL1G+F3,5ML",1565.51,True,Candidate,parsed:single_value_assumed_unit,,1,1000.0,1000.0,1G
035556012,POTASSIO CANR SAND*20CPR 100MG,1564.85,True,Validated,parsed:direct_strength,,20,100.0,2000.0,20CPR 100MG
026948048,"LUTRELEF*FL 0,8MG/10ML+FL SOLV",1560.09,True,Authoritative,aifa_ingredient_authoritative,,,,8.0,GONADORELINA ACETATO 8milligrammi
045902020,ALUTARD APIS MELL*FLACONI 5ML,1550.69,False,Unresolved,unresolved,other,,,,
038811042,"BISOPROLOLO SAN*28CPR RIV 1,25",1549.03,False,Unresolved,unresolved,other,,,,
034499018,ZIAGEN*60CPR RIV 300MG,1544.58,True,Validated,parsed:direct_strength,,60,300.0,18000.0,60CPR RIV 300MG
042372045,SEVELAMER EG*180CPR 800MG FL,1541.2,True,Validated,parsed:direct_strength,,180,800.0,144000.0,180CPR 800MG
020766022,PLASIL*SCIR 120ML 10MG/10ML,1536.39,False,Unresolved,unresolved,other,,,,
020602013,TEGRETOL*50CPR 200MG,1535.04,True,Authoritative,aifa_ingredient_authoritative,,,,200.0,CARBAMAZEPINA 200milligrammi
022483251,DEPAKIN*40CPR GASTROR 500MG,1526.34,True,Validated,parsed:direct_strength,,40,500.0,20000.0,40CPR GASTROR 500MG
027443047,SABRIL*OS GRAT 50BUST 500MG,1519.88,True,Authoritative,aifa_ingredient_authoritative,,,,500.0,VIGABATRIN 500milligrammi
035283011,VENOFER*EV 5F 5ML 20MG/ML,1518.0,True,Validated,parsed:vol_conc,,5,100.0,500.0,5F 5ML 20MG/ML
039540012,JAVLOR*EV 1FL 2ML 25MG/ML,1515.28,True,Validated,parsed:vol_conc,,1,50.0,50.0,1FL 2ML 25MG/ML
040593030,FLUOROURACILE AHCL*FL 20ML 1G,1511.45,True,Candidate,parsed:single_value_assumed_unit,,1,1000.0,1000.0,1G
032039012,"LACRINORM*GEL OFT 10G 0,01%",1510.97,True,Candidate,parsed:single_value_assumed_unit,,1,10000.0,10000.0,10G
047674039,DEFERASIROX ZEN*30CPR RIV180MG,1509.03,True,Validated,parsed:direct_strength,,30,180.0,5400.0,30CPR RIV180MG
028824047,LEPONEX*28CPR 100MG,1505.85,True,Authoritative,aifa_ingredient_authoritative,,,,100.0,CLOZAPINA 100milligrammi
037415015,FLECAINIDE SAN*20CPR 100MG,1504.68,True,Validated,parsed:direct_strength,,20,100.0,2000.0,20CPR 100MG
049931037,SITAGLIPTIN MET SAN*50+1000MG,1501.47,True,Candidate,parsed:single_value_assumed_unit,,1,1000.0,1000.0,1000MG
034499020,ZIAGEN*OS FL 240ML 20MG/ML,1497.0,True,Candidate,parsed:implied_unit_vol_conc,,1,4800.0,4800.0,FL 240ML 20MG/ML
035313081,DEPALGOS*28CPR RIV 20MG+325MG,1493.69,True,Validated,parsed:direct_strength,,28,20.0,560.0,28CPR RIV 20MG
044084034,BIVALIRUDINA ACC*10FL 250MG,1485.0,True,Validated,parsed:direct_strength,,10,250.0,2500.0,10FL 250MG
048252062,DEFERASIROX MY*30CPR RIV 180MG,1479.72,True,Validated,parsed:direct_strength,,30,180.0,5400.0,30CPR RIV 180MG
039899024,"VISUCOMBIDEX*20FL COLL 0,25ML",1478.31,False,Unresolved,unresolved,other,,,,
050609015,PLERIXAFOR TEVA*SC 24MG20MG/ML,1468.5,False,Unresolved,unresolved,other,,,,
029212077,DUROGESIC*3CER 75MCG/ORA,1467.41,False,Unresolved,unresolved,other,,,,
049277015,KETOSTERIL*100CPR RIV,1460.26,False,Unresolved,unresolved,other,,,,
025197082,FARMORUBICINA*IV FL 200MG100ML,1459.66,False,Unresolved,unresolved,other,,,,
045672021,"ENTECAVIR VI*30CPR RIV 0,5MG",1456.56,True,Validated,parsed:direct_strength,,30,0.5,15.0,"30CPR RIV 0,5MG"
032192015,"AMUKINE MED*SOL CUT 250ML0,05%",1454.42,False,Unresolved,unresolved,other,,,,
045104078,"INHIXA*2SIR 8000UI 0,8ML",1454.3,False,Unresolved,unresolved,other,,,,
027210069,LEVOBREN*OS GTT 20ML 25MG/ML,1452.83,True,Candidate,parsed:implied_unit_vol_conc,,1,500.0,500.0,GTT 20ML 25MG/ML
005239052,PRONTOGEST*INIET 3F 1ML100MG/M,1452.28,True,Authoritative,aifa_ingredient_authoritative,,,,1000.0,PROGESTERONE 1000milligrammi
024385383,INTRALIPID*10SAC 250ML 20G/100,1452.0,False,Unresolved,unresolved,other,,,,
034168029,DETRUSITOL*28CPR RIV 2MG,1450.79,True,Validated,parsed:direct_strength,,28,2.0,56.0,28CPR RIV 2MG
048551093,OSSIGENO*COMPR 200BAR 2LT UNI,1447.68,False,Unresolved,unresolved,oxygen_gas,,,,
039449044,IMIPENEM CILAST SUN*1FL500+500,1445.84,False,Unresolved,unresolved,other,,,,
034463063,ALIFLUS*DISKUS 50+500 INAL 60D,1445.65,False,Unresolved,unresolved,other,,,,
042207011,ACIDO ACETILS TE*30CPR 100MG,1440.57,True,Validated,parsed:direct_strength,,30,100.0,3000.0,30CPR 100MG
032921102,FOSTIMON*1FL 150UI/ML+1SIR,1440.28,False,Unresolved,unresolved,multi_active_combo,,,,
022199057,ATOSSISCLEROL*5F 2ML 2%,1435.69,False,Unresolved,unresolved,other,,,,
044977066,"CLARICYCLIC*10FL15ML0,5MMOL/ML",1435.5,False,Unresolved,unresolved,other,,,,
034506030,ZEFFIX*OS FL 240ML 5MG/ML,1432.08,True,Candidate,parsed:implied_unit_vol_conc,,1,1200.0,1200.0,FL 240ML 5MG/ML
037405228,MATRIFEN*3CER TRANSD100MCG/ORA,1425.26,False,Unresolved,unresolved,other,,,,
041806035,RIBAVIRINA AURO*140CPS 200MG,1424.54,True,Validated,parsed:direct_strength,,140,200.0,28000.0,140CPS 200MG
035102021,"CALCITRIOLO MY*30CPS 0,5MCG",1423.33,True,Validated,parsed:direct_strength,,30,0.0005,0.015,"30CPS 0,5MCG"
027267018,DIFLUCAN*7CPS 50MG,1419.04,True,Authoritative,aifa_ingredient_authoritative,,,,50.0,FLUCONAZOLO 50milligrammi
015094016,ESIDREX*20CPR 25MG,1414.11,True,Authoritative,aifa_ingredient_authoritative,,,,25.0,IDROCLOROTIAZIDE 25milligrammi
048252112,DEFERASIROX MY*30CPR RIV 360MG,1412.39,True,Validated,parsed:direct_strength,,30,360.0,10800.0,30CPR RIV 360MG
044113013,EMTRICITABINA TEN DOC*30CPR FL,1410.0,False,Unresolved,unresolved,other,,,,
037930017,BACLOFENE MY*50CPR 10MG,1408.33,True,Validated,parsed:direct_strength,,50,10.0,500.0,50CPR 10MG
028600017,LANSOX*14CPS GASTR 30MG,1406.56,True,Authoritative,aifa_ingredient_authoritative,,,,30.0,LANSOPRAZOLO 30milligrammi
051202024,PYZCHIVA*SC 1SIR 1ML 90MG,1405.8,True,Candidate,parsed:single_value_assumed_unit,,1,90.0,90.0,90MG
035026018,"TRACTOCILE*EV 1FL 6,75MG/0,9ML",1405.02,False,Unresolved,unresolved,other,,,,
042215020,NITROGLICERINA SAND*15CER 10MG,1403.75,True,Validated,parsed:direct_strength,,15,10.0,150.0,15CER 10MG
035575012,"PROTOPIC*UNG 0,03% 30G",1400.16,True,Validated,parsed:pct_weight,,1,9.0,9.0,"0,03% 30G"
039789045,UROREC*30CPS 4MG,1396.2,True,Validated,parsed:direct_strength,,30,4.0,120.0,30CPS 4MG
037634072,PREZISTA*30CPR RIV 800MG FL,1390.36,True,Validated,parsed:direct_strength,,30,800.0,24000.0,30CPR RIV 800MG
041673221,NIMVASTID*56CPS 6MG,1388.97,True,Validated,parsed:direct_strength,,56,6.0,336.0,56CPS 6MG
009209040,POTASSION*GRAT EFF 30BUST,1388.68,True,Authoritative,aifa_ingredient_authoritative,,,,500.0,POTASSIO BICARBONATO 0.5grammi
021257023,ETAPIAM*50CPR RIV 400MG,1380.21,True,Validated,parsed:direct_strength,,50,400.0,20000.0,50CPR RIV 400MG
045834203,SUNITINIB TEVA*30CPS 50MG FL,1376.75,True,Validated,parsed:direct_strength,,30,50.0,1500.0,30CPS 50MG
048974048,LENALIDOMIDE PIR*21CPS 5MG,1375.92,True,Validated,parsed:direct_strength,,21,5.0,105.0,21CPS 5MG
029121011,SELG ESSE*OS POLV 4BUST 70G 1L,1373.23,True,Authoritative,aifa_ingredient_authoritative,,,,70.0,MACROGOL 4000 70milligrammi
042557025,CLOPIDOGREL AUR*28CPR RIV 75MG,1372.07,True,Validated,parsed:direct_strength,,28,75.0,2100.0,28CPR RIV 75MG
045557028,IBUPROFENE AUR*30CPR RIV 600MG,1371.35,True,Validated,parsed:direct_strength,,30,600.0,18000.0,30CPR RIV 600MG
037711013,MOVIPREP*OS POLV 2BS+2BS,1369.59,False,Unresolved,unresolved,other,,,,
044172017,LINEZOLID KRKA*10CPR RIV 600MG,1368.12,True,Validated,parsed:direct_strength,,10,600.0,6000.0,10CPR RIV 600MG
027204027,"NETTACIN COLLIRIO*15FL 1D 0,3%",1366.63,True,Authoritative,aifa_ingredient_authoritative,,,,455.0,NETILMICINA SOLFATO 455milligrammi
039523016,SALBUTAMOLO IPR EG*NEBUL 15ML,1363.11,False,Unresolved,unresolved,other,,,,
027617024,ESAPENT*20CPS MOLLI 1000MG,1359.91,True,Validated,parsed:direct_strength,,20,1000.0,20000.0,20CPS MOLLI 1000MG
032812099,NEOXINAL*SOL CUT 400BUST 25ML,1357.71,True,Authoritative,aifa_ingredient_authoritative,,,,100.0,CLOREXIDINA GLUCONATO 0.1grammi
028511145,OKI*OS GTT FL 30ML 80MG/ML,1357.47,True,Candidate,parsed:implied_unit_vol_conc,,1,2400.0,2400.0,GTT FL 30ML 80MG/ML
044327056,BENDAMUSTINA ACC*5FL 100MG,1355.2,True,Validated,parsed:direct_strength,,5,100.0,500.0,5FL 100MG
024731111,"SONGAR*OS GTT FL19ML0,375MG/ML",1343.67,True,Candidate,parsed:implied_unit_vol_conc,,1,7.125,7.125,"GTT FL19ML0,375MG/ML"
038944169,OSSIGENO*COMPR 200BAR 7LT VAL,1340.08,False,Unresolved,unresolved,oxygen_gas,,,,
039132218,OSSIGENO*CRIOGEN 1000LT FISSO,1338.48,False,Unresolved,unresolved,oxygen_gas,,,,
035998032,DELORAZEPAM RATIO*20CPR 2MG,1334.51,True,Validated,parsed:direct_strength,,20,2.0,40.0,20CPR 2MG
015598016,RINAADVANCE*GTT RINOL 10ML,1333.2,False,Unresolved,unresolved,other,,,,
035449192,PAROXETINA MY*28CPR RIV 20MG,1330.35,True,Validated,parsed:direct_strength,,28,20.0,560.0,28CPR RIV 20MG
037231053,CEXIDAL*OTO GTT FL 10ML,1325.72,False,Unresolved,unresolved,other,,,,
036749048,MEROPUR*SC IM FL1200UI+2SIR1ML,1320.06,False,Unresolved,unresolved,other,,,,
045616024,"IMRALDI*SC 2SIR 0,8ML 40MG",1320.0,True,Candidate,parsed:single_value_assumed_unit,,1,40.0,40.0,40MG
029372024,"CERETEC*INIET 2FL 0,5MG",1320.0,True,Authoritative,aifa_ingredient_authoritative,,,,0.5,ESAMETAZIMA 0.5milligrammi
022483162,DEPAKIN*GRAT 30BUST 250MG RM,1316.76,True,Validated,parsed:direct_strength,,30,250.0,7500.0,30BUST 250MG
041339161,ZIPRASIDONE SAN*56CPS 40MG,1308.24,True,Validated,parsed:direct_strength,,56,40.0,2240.0,56CPS 40MG
030939348,RINGER LATTATO BAX*10SAC1000ML,1306.25,False,Unresolved,unresolved,other,,,,
027756016,EMLA*CR 5G 25MG/G+25MG/G+2CER,1304.95,True,Candidate,parsed:single_value_assumed_unit,,1,5000.0,5000.0,5G
043129105,PARACALCITOLO TE*28CPS 2MCG FL,1301.3,True,Validated,parsed:direct_strength,,28,0.002,0.056,28CPS 2MCG
036598098,MIMPARA*28CPR RIV 90MG,1301.15,True,Validated,parsed:direct_strength,,28,90.0,2520.0,28CPR RIV 90MG
032944112,SEROQUEL*30CPR RIV 25MG,1300.12,True,Validated,parsed:direct_strength,,30,25.0,750.0,30CPR RIV 25MG
033298011,CORVERT*IV INF 1F10ML 87MCG/ML,1296.9,True,Validated,parsed:vol_conc,,1,0.87,0.87,1F10ML 87MCG/ML
029136037,CLIPPER*30CPR 5MG RP,1294.78,True,Validated,parsed:direct_strength,,30,5.0,150.0,30CPR 5MG
018505038,FLAGYL*20CPR 250MG,1293.86,True,Validated,parsed:direct_strength,,20,250.0,5000.0,20CPR 250MG
036476188,LYRICA*56CPS 150MG,1286.49,True,Validated,parsed:direct_strength,,56,150.0,8400.0,56CPS 150MG
033115092,NEOMEDIL*SOL CUT 20FL 500ML,1285.4,False,Unresolved,unresolved,other,,,,
037930029,BACLOFENE MY*50CPR 25MG,1278.56,True,Validated,parsed:direct_strength,,50,25.0,1250.0,50CPR 25MG
031113018,CASODEX*28CPR RIV 50MG,1278.48,True,Validated,parsed:direct_strength,,28,50.0,1400.0,28CPR RIV 50MG
023075029,ASCRIPTIN*20CPR DIV300+80+70MG,1273.02,True,Candidate,parsed:single_value_assumed_unit,,1,70.0,70.0,70MG
023745072,KANRENOL*20CPR 100MG,1272.88,True,Validated,parsed:direct_strength,,20,100.0,2000.0,20CPR 100MG
035551011,ANTISCABBIA CM*CR 50G,1269.77,True,Candidate,parsed:single_value_assumed_unit,,1,50000.0,50000.0,50G
045155052,ENTECAVIR SAN*30CPR RIV 1MG,1268.19,True,Validated,parsed:direct_strength,,30,1.0,30.0,30CPR RIV 1MG
034078360,"EXELON*30CER 4,6MG/24H",1268.19,False,Unresolved,unresolved,other,,,,
039603093,ARIA SOL*200BAR 40LT,1264.12,False,Unresolved,unresolved,other,,,,
039132129,OSSIGENO*COMPR 200BAR 14LT AL,1256.11,False,Unresolved,unresolved,oxygen_gas,,,,
035102019,"CALCITRIOLO MY*30CPS 0,25MCG",1255.62,True,Validated,parsed:direct_strength,,30,0.0003,0.0075,"30CPS 0,25MCG"
022323075,TRITTICO*20CPR DIV 150MG RP,1254.55,True,Validated,parsed:direct_strength,,20,150.0,3000.0,20CPR DIV 150MG
032898013,FUROSEMIDE HEXAL*20CPR 500MG,1250.48,True,Authoritative,aifa_ingredient_authoritative,,,,500.0,FUROSEMIDE 500milligrammi
042022234,ESCITALOPRAM SA*28CPR RIV 10MG,1243.83,True,Validated,parsed:direct_strength,,28,10.0,280.0,28CPR RIV 10MG
028346029,ONCOTICE*3FL POLV 2ML+TAPPO,1243.44,False,Unresolved,unresolved,other,,,,
034368086,TIROSINT*OS 30FL 1ML 50MCG/ML,1242.9,True,Validated,parsed:vol_conc,,30,0.05,1.5,30FL 1ML 50MCG/ML
025035039,CORDARONE*IV 6F 150MG 3ML,1241.0,True,Authoritative,aifa_ingredient_authoritative,,,,150.0,AMIODARONE CLORIDRATO 150milligrammi
042799054,ZOLPIDEM AURO*30CPR RIV 10MG,1240.23,True,Validated,parsed:direct_strength,,30,10.0,300.0,30CPR RIV 10MG
024713063,HALCION*20CPR 125MCG,1238.77,True,Authoritative,aifa_ingredient_authoritative,,,,0.1,TRIAZOLAM 0.1milligrammi
040229015,"LETRIX*30CPR RIV 2,5MG",1238.6,True,Validated,parsed:direct_strength,,30,2.5,75.0,"30CPR RIV 2,5MG"
034478014,LIDOFAST*GEL 1MG/G 100G,1237.62,True,Candidate,parsed:single_value_assumed_unit,,1,100000.0,100000.0,100G
048314025,"BISOPROLOLO ZENT*28CPR 1,25MG",1237.61,True,Validated,parsed:direct_strength,,28,1.25,35.0,"28CPR 1,25MG"
033995010,"ALPRAZOLAM SANDOZ*20CPR 0,25MG",1236.99,True,Validated,parsed:direct_strength,,20,0.25,5.0,"20CPR 0,25MG"
035943036,TAMIFLU*10CPS 30MG,1234.82,True,Validated,parsed:direct_strength,,10,30.0,300.0,10CPS 30MG
043496102,CHOLECOMB*30CPS 20MG+10MG,1234.7,True,Validated,parsed:direct_strength,,30,20.0,600.0,30CPS 20MG
022825018,TIOGUANINA ASPEN*25CPR 40MG,1225.83,True,Authoritative,aifa_ingredient_authoritative,,,,40.0,TIOGUANINA 40milligrammi
009286042,MESTINON*50CPR 180MG RP,1224.69,True,Authoritative,aifa_ingredient_authoritative,,,,180.0,PIRIDOSTIGMINA BROMURO 180milligrammi
028231025,"ACY*OFT UNG 4,5G 3%",1222.32,True,Authoritative,aifa_ingredient_authoritative,,,,30.0,ACICLOVIR 30milligrammi
042104669,OMEPRAZOLO ZENT*28CPS 10MG,1220.12,True,Validated,parsed:direct_strength,,28,10.0,280.0,28CPS 10MG
038900015,KLAIRA*28CPR RIV,1218.83,False,Unresolved,unresolved,other,,,,
028426017,MYCOBUTIN*30CPS 150MG,1210.75,True,Authoritative,aifa_ingredient_authoritative,,,,150.0,RIFABUTINA 150milligrammi
042747030,"DUTASTERIDE TEVA*30CPS 0,5MG",1209.43,True,Validated,parsed:direct_strength,,30,0.5,15.0,"30CPS 0,5MG"
047129010,FENTANIL ET*EV10F 50MCG/ML 2ML,1208.02,False,Unresolved,unresolved,other,,,,
028681043,ELOPRAM*EV 10F 40MG/ML,1206.35,False,Unresolved,unresolved,other,,,,
033672027,ACICLOVIR RECORDATI*EV 5F250MG,1205.02,True,Validated,parsed:direct_strength,,5,250.0,1250.0,5F250MG
037140011,GANFORT*COLL 3ML 300MCG+5MG/ML,1204.98,True,Candidate,parsed:single_value_assumed_unit,,1,0.3,0.3,300MCG
042673018,ETOPOSIDE ACC*1FL 5ML 20MG/ML,1204.72,True,Validated,parsed:vol_conc,,1,100.0,100.0,1FL 5ML 20MG/ML
043277110,ROSUVASTATINA ZEN*28CPR 10MG,1195.26,True,Validated,parsed:direct_strength,,28,10.0,280.0,28CPR 10MG
037021019,CODAMOL*16CPR EFF 500MG+30MG,1195.02,True,Validated,parsed:direct_strength,,16,500.0,8000.0,16CPR EFF 500MG
045092020,SIALANAR*OS FL 60ML 320MCG/ML,1190.01,True,Candidate,parsed:implied_unit_vol_conc,,1,19.2,19.2,FL 60ML 320MCG/ML
029724059,"DOTAREM*EV 1SIR 15ML0,5MMOL/ML",1185.3,False,Unresolved,unresolved,other,,,,
039538032,ADENURIC*28CPR RIV 120MG,1184.88,True,Validated,parsed:direct_strength,,28,120.0,3360.0,28CPR RIV 120MG
026270126,"FLUXUM*SC 6SIR 0,8ML 8500UIAXA",1184.6,False,Unresolved,unresolved,other,,,,
037195029,DEXAMONO*COLL 20FL 1D 1MG/ML,1183.2,False,Unresolved,unresolved,other,,,,
030226017,LITIO CARBONATO LFM*50CPR300MG,1177.66,True,Authoritative,aifa_ingredient_authoritative,,,,300.0,LITIO CARBONATO 300milligrammi
041016054,RESOLOR*14CPR RIV 2MG,1172.55,True,Validated,parsed:direct_strength,,14,2.0,28.0,14CPR RIV 2MG
044388155,DURLEVATEC*3CER 70MCG/H,1168.06,False,Unresolved,unresolved,other,,,,
047441011,MOMIL*SPRAY NAS 140D 50MCG,1166.62,True,Candidate,parsed:single_value_assumed_unit,,1,0.05,0.05,50MCG
047082021,FEBUXOSTAT ZEN*28CPR RIV 80MG,1164.85,True,Validated,parsed:direct_strength,,28,80.0,2240.0,28CPR RIV 80MG
039060292,ALLOPURINOLO SAN*30CPR 300MG,1164.83,True,Validated,parsed:direct_strength,,30,300.0,9000.0,30CPR 300MG
027618040,ESKIM*20CPS MOLLI 1000MG,1164.6,True,Validated,parsed:direct_strength,,20,1000.0,20000.0,20CPS MOLLI 1000MG
020257010,TUBERC.PPD*TINE TEST 25TEST,1163.8,False,Unresolved,unresolved,other,,,,
035628268,VFEND*OS SOSP FL 45G 40MG/ML,1163.29,True,Candidate,parsed:single_value_assumed_unit,,1,45000.0,45000.0,45G
039132384,OSSIGENO*COMPR 200BAR 2L VRI,1162.81,False,Unresolved,unresolved,oxygen_gas,,,,
023159066,RIVOTRIL*20CPR 2MG,1162.09,True,Authoritative,aifa_ingredient_authoritative,,,,2.0,CLONAZEPAM 2milligrammi
042505053,ACIDO IBANDR ACC*1SIR 3MG 3ML,1161.98,True,Validated,parsed:direct_strength,,1,3.0,3.0,1SIR 3MG
036289015,SCABIANIL*CREMA 30G 5%,1160.28,True,Candidate,parsed:single_value_assumed_unit,,1,30000.0,30000.0,30G
039900016,"LETROZOLO DOC*30CPR RIV 2,5MG",1155.82,True,Validated,parsed:direct_strength,,30,2.5,75.0,"30CPR RIV 2,5MG"
036678213,GOLTOR*30CPR 10MG+20MG PE/PVC,1152.84,True,Validated,parsed:direct_strength,,30,10.0,300.0,30CPR 10MG
049282041,LENALIDOMIDE MY*21CPS 5MG,1141.29,True,Validated,parsed:direct_strength,,21,5.0,105.0,21CPS 5MG
046773053,BIKTARVY*30CPR 30+120+15MG FL,1137.78,True,Candidate,parsed:single_value_assumed_unit,,1,15.0,15.0,15MG
022865188,SAMYR*20CPR GASTROR 400MG,1135.68,True,Authoritative,aifa_ingredient_authoritative,,,,760.0,ADEMETIONINA BUTANDISOLFONATO 760milligrammi
034899017,NATECAL D3*60CPR 600MG+400UI,1131.03,True,Validated,parsed:direct_strength,,60,600.0,36000.0,60CPR 600MG
030651018,ALOPERIDOLO SALF*IM 5F 2MG 1ML,1129.65,True,Validated,parsed:direct_strength,,5,2.0,10.0,5F 2MG
023766025,ALGOFEN*12CPR RIV 200MG,1124.34,True,Authoritative,aifa_ingredient_authoritative,,,,200.0,IBUPROFENE 200milligrammi
044543142,ARIPIPRAZOLO ACC*28CPR 15MG,1121.64,True,Validated,parsed:direct_strength,,28,15.0,420.0,28CPR 15MG
033982012,TIOSIDE*IM 6F 4MG 2ML,1121.13,True,Validated,parsed:direct_strength,,6,4.0,24.0,6F 4MG
037175217,"PHYSIONEAL*40 GL 5SA 2LT 3,86%",1120.6,False,Unresolved,unresolved,other,,,,
034463051,ALIFLUS*DISKUS 50+250 INAL 60D,1119.63,False,Unresolved,unresolved,other,,,,
034678033,AROMASIN*30CPR RIV 25MG,1117.86,True,Validated,parsed:direct_strength,,30,25.0,750.0,30CPR RIV 25MG
040904106,"RIVASTIGMINA SAN*56CPS 4,5MG",1116.64,True,Validated,parsed:direct_strength,,56,4.5,252.0,"56CPS 4,5MG"
027370093,KLACID*OS GRAT 14BUST 250MG,1115.19,True,Validated,parsed:direct_strength,,14,250.0,3500.0,14BUST 250MG
022547044,IMMUNORHO*IM 1SIR 2ML 300MCG,1112.8,True,Candidate,parsed:single_value_assumed_unit,,1,0.3,0.3,300MCG
025653027,IMMUNOHBS*IM 1F 540UI 3ML,1111.78,False,Unresolved,unresolved,other,,,,
029851173,MOVICOL*SENZA AROMA BB 20BUST,1108.97,True,Authoritative,aifa_ingredient_authoritative,,,,13125.0,MACROGOL 3350 13.125grammi
025980083,"XANAX*OS GTT FL 20ML 0,75MG/ML",1107.22,True,Authoritative,aifa_ingredient_authoritative,,,,75.0,ALPRAZOLAM 75milligrammi
044067027,AMOXICILLINA MY*12CPR DISP 1G,1106.71,True,Validated,parsed:direct_strength,,12,1000.0,12000.0,12CPR DISP 1G
048029033,TRIGON*GTT AURIC 1FL 5ML,1106.09,False,Unresolved,unresolved,other,,,,
046460010,EVEROLIMUS MEDAC*30CPR 5MG,1100.79,True,Validated,parsed:direct_strength,,30,5.0,150.0,30CPR 5MG
023703010,MECLON*10 OVULI VAG 100+500MG,1100.77,True,Candidate,parsed:single_value_assumed_unit,,1,500.0,500.0,500MG
041787045,RIVASTIGMINA AURO*56CPS 6MG,1099.92,True,Validated,parsed:direct_strength,,56,6.0,336.0,56CPS 6MG
027753108,ZOLOFT*30CPR RIV DIV 50MG,1096.82,True,Validated,parsed:direct_strength,,30,50.0,1500.0,30CPR RIV DIV 50MG
036870018,ORFADIN*60CPS 2MG FL,1094.94,True,Validated,parsed:direct_strength,,60,2.0,120.0,60CPS 2MG
045865021,"TACFORIUS*30CPS 0,5MG RP",1093.39,True,Validated,parsed:direct_strength,,30,0.5,15.0,"30CPS 0,5MG"
028740037,NEURONTIN*30CPS 400MG,1090.58,True,Validated,parsed:direct_strength,,30,400.0,12000.0,30CPS 400MG
047049147,AMBRISENTAN TEVA*30CPR RIV10MG,1089.0,True,Validated,parsed:direct_strength,,30,10.0,300.0,30CPR RIV10MG
047130036,CISATRACURIO KALCEKS*5F 10ML,1086.41,False,Unresolved,unresolved,other,,,,
040422420,PALEXIA*30CPR 50MG RP,1084.98,True,Validated,parsed:direct_strength,,30,50.0,1500.0,30CPR 50MG
045621024,NEBIVOLOLO AU*28CPR 5MG,1082.28,True,Validated,parsed:direct_strength,,28,5.0,140.0,28CPR 5MG
028614055,ACICLIN*25CPR 400MG,1081.47,True,Validated,parsed:direct_strength,,25,400.0,10000.0,25CPR 400MG
031850011,ZOLPIDEM ZENTIVA*30CPR RIV10MG,1080.9,True,Authoritative,aifa_ingredient_authoritative,,,,10.0,ZOLPIDEM TARTRATO 10milligrammi
010495051,CORTISON CHEMICETINA*UNG 20G,1080.89,True,Candidate,parsed:single_value_assumed_unit,,1,20000.0,20000.0,20G
023189018,NEBICINA*IM IV 1F 100MG 2ML,1078.01,True,Validated,parsed:direct_strength,,1,100.0,100.0,1F 100MG
040904068,RIVASTIGMINA SAN*56CPS 3MG,1077.81,True,Validated,parsed:direct_strength,,56,3.0,168.0,56CPS 3MG
030684450,SODIO CLORURO SALF*5F20MEQ10ML,1076.24,True,Authoritative,aifa_ingredient_authoritative,,,,1170.0,SODIO CLORURO 1.17grammi
023014018,QUESTRAN*OS 12BUST 4G,1076.13,True,Validated,parsed:direct_strength,,12,4000.0,48000.0,12BUST 4G
040293300,ESOMEPRAZOLO ARI*14CPS GAS20MG,1075.7,True,Validated,parsed:direct_strength,,14,20.0,280.0,14CPS GAS20MG
045010028,CRYSTALSOL*10SAC EV 1000ML,1072.5,False,Unresolved,unresolved,other,,,,
023001047,"LORANS*30CPR 2,5MG",1069.56,True,Validated,parsed:direct_strength,,30,2.5,75.0,"30CPR 2,5MG"
032801019,AMIODARONE ZENT*20CPR 200MG,1067.04,True,Authoritative,aifa_ingredient_authoritative,,,,200.0,AMIODARONE CLORIDRATO 200milligrammi
037405178,MATRIFEN*3CER TRANSD 75MCG/ORA,1066.03,False,Unresolved,unresolved,other,,,,
042646063,NINOXAN*1BOMB 170BAR10LT 50/50,1064.46,False,Unresolved,unresolved,other,,,,
040078394,RISPERIDONE AURO*60CPR 3MG,1062.0,True,Validated,parsed:direct_strength,,60,3.0,180.0,60CPR 3MG
030512089,GLICEROLO*AD 18SUPP 2250MG,1061.67,True,Authoritative,aifa_ingredient_authoritative,,,,2250.0,GLICEROLO 2250milligrammi
037941010,TRAMADOLO ABC*OS GTT 100MG/ML,1060.64,False,Unresolved,unresolved,other,,,,
025653015,IMMUNOHBS*IM 1F 180UI 1ML,1056.95,False,Unresolved,unresolved,other,,,,
029055074,"PROHANCE*EV SIR 15ML279,3MG/ML",1056.0,True,Candidate,parsed:implied_unit_vol_conc,,1,4189.5,4189.5,"SIR 15ML279,3MG/ML"
033512017,ACIDO URSOD EG*20CPR 450MG RP,1055.38,True,Validated,parsed:direct_strength,,20,450.0,9000.0,20CPR 450MG
027686245,NORDITROPIN FLEXPRO*1PEN 5MG,1053.87,True,Validated,parsed:direct_strength,,1,5.0,5.0,1PEN 5MG
024309142,PERIDON*OS SOSP 200ML 1MG/ML,1052.87,False,Unresolved,unresolved,other,,,,
048252011,DEFERASIROX MY*30CPR RIV 90MG,1052.8,True,Validated,parsed:direct_strength,,30,90.0,2700.0,30CPR RIV 90MG
042639017,OLEVIA*20CPS MOLLI 1000MG,1050.06,True,Validated,parsed:direct_strength,,20,1000.0,20000.0,20CPS MOLLI 1000MG
033094018,ACIDO URSODESOS MY*20CPR 150MG,1049.93,True,Authoritative,aifa_ingredient_authoritative,,,,150.0,ACIDO URSODESOSSICOLICO 150milligrammi
039655016,PROLIZIP*6CPR RIV 500MG,1049.27,True,Validated,parsed:direct_strength,,6,500.0,3000.0,6CPR RIV 500MG
048990016,"PATRIDE*1PEN 2,4ML 20MCG/80MCL",1047.2,False,Unresolved,unresolved,single_dose_device_ambiguous,,,,
041411012,DAKTARIN*POLV CUT 30G 20MG/G,1046.27,True,Candidate,parsed:single_value_assumed_unit,,1,30000.0,30000.0,30G
032151159,BRAUNOL*10% UNG 20TUBI 20G,1045.8,True,Validated,parsed:pct_weight,,1,2000.0,2000.0,10% UNG 20TUBI 20G
039941048,OLIMEL*N4E INF 2SACCHE 2500ML,1045.41,False,Unresolved,unresolved,other,,,,
025462021,JUMEX*25CPR 10MG,1038.52,True,Authoritative,aifa_ingredient_authoritative,,,,10.0,SELEGILINA CLORIDRATO 10milligrammi
043029026,"OVALEAP*SC CART450UI/0,75ML+10",1034.39,False,Unresolved,unresolved,other,,,,
034453011,PRONTOFERRO*30CPR EFF 80MG,1031.22,True,Validated,parsed:direct_strength,,30,80.0,2400.0,30CPR EFF 80MG
039598026,ADCIRCA*56CPR RIV 20MG,1029.96,True,Validated,parsed:direct_strength,,56,20.0,1120.0,56CPR RIV 20MG
026346039,"GLIPRESSINA*EV 5F 1MG 8,5ML",1027.4,True,Validated,parsed:direct_strength,,5,1.0,5.0,5F 1MG
033718040,NIFEDIPINA MY*28CPR 30MG RP,1018.73,True,Validated,parsed:direct_strength,,28,30.0,840.0,28CPR 30MG
019906054,LAROXYL*OS GTT 20ML 40MG/ML,1015.61,True,Candidate,parsed:implied_unit_vol_conc,,1,800.0,800.0,GTT 20ML 40MG/ML
024154066,"BREVA*NEBUL 15ML 0,375+0,075%",1012.03,False,Unresolved,unresolved,other,,,,
044333058,BENDAMUSTINA MED*5FL 100MG,1006.23,True,Validated,parsed:direct_strength,,5,100.0,500.0,5FL 100MG
044530107,MITOMICINA MED*INIET 1FL 40MG,1001.74,True,Validated,parsed:direct_strength,,1,40.0,40.0,1FL 40MG
028675104,FLUSPIRAL*INAL 50MCG 120DOSI,996.79,True,Candidate,parsed:single_value_assumed_unit,,1,0.05,0.05,50MCG
027002031,ORAXIM*6CPR RIV 500MG,993.34,True,Validated,parsed:direct_strength,,6,500.0,3000.0,6CPR RIV 500MG
051253019,ALTUVOCT*EV 250UI+SIR SOLV 3ML,993.08,False,Unresolved,unresolved,other,,,,
037692023,"RAMIPRIL ZEN*28CPR DIV 2,5MG",992.52,True,Validated,parsed:direct_strength,,28,2.5,70.0,"28CPR DIV 2,5MG"
019913019,SPIROLANG*16CPS 25MG,988.74,True,Validated,parsed:direct_strength,,16,25.0,400.0,16CPS 25MG
036166054,MULTIBIC*2SACCHE 5000ML S/K,988.0,False,Unresolved,unresolved,other,,,,
034953253,CONGESCOR*28CPR RIV 5MG,986.29,True,Validated,parsed:direct_strength,,28,5.0,140.0,28CPR RIV 5MG
040429146,OLANZAPINA AURO*28CPR 5MG,984.96,True,Validated,parsed:direct_strength,,28,5.0,140.0,28CPR 5MG
038904963,OSSIGENO*COMPR 200BAR 7L AL VA,982.8,False,Unresolved,unresolved,oxygen_gas,,,,
013508015,OSPOLOT*50CPR 200MG,982.78,True,Validated,parsed:direct_strength,,50,200.0,10000.0,50CPR 200MG
024402137,EUTIROX*50CPR 100MCG,980.58,True,Validated,parsed:direct_strength,,50,0.1,5.0,50CPR 100MCG
035188085,"OVITRELLE*SC 1PEN 250MCG/0,5ML",978.4,False,Unresolved,unresolved,single_dose_device_ambiguous,,,,
049014020,OXYPRONAL*28CPR 10MG+5MG RP,978.04,True,Validated,parsed:direct_strength,,28,10.0,280.0,28CPR 10MG
025833068,GYNOCANESTEN*CREMA VAG 30G 2%,977.81,True,Candidate,parsed:single_value_assumed_unit,,1,30000.0,30000.0,30G
041339262,ZIPRASIDONE SAN*56CPS 60MG,977.5,True,Validated,parsed:direct_strength,,56,60.0,3360.0,56CPS 60MG
015628011,ENDOXAN BAXTER*50CPR RIV 50MG,977.04,True,Validated,parsed:direct_strength,,50,50.0,2500.0,50CPR RIV 50MG
038660015,EFFENTORA*4CPR MUCOSA OS100MCG,975.66,True,Validated,parsed:direct_strength,,4,0.1,0.4,4CPR MUCOSA OS100MCG
024488064,ZAROXOLYN*50CPR 5MG,974.36,True,Authoritative,aifa_ingredient_authoritative,,,,5.0,METOLAZONE 5milligrammi
030801029,PAPAVERINA CLORIDR*5F 50MG 3ML,974.28,True,Authoritative,aifa_ingredient_authoritative,,,,50.0,PAPAVERINA CLORIDRATO 50milligrammi
040597128,PANTOPRAZOLO TEVA*28CPR 40MG,972.46,True,Validated,parsed:direct_strength,,28,40.0,1120.0,28CPR 40MG
036054017,FENOFIBRATO SANDOZ*20CPS 200MG,971.91,True,Validated,parsed:direct_strength,,20,200.0,4000.0,20CPS 200MG
013967056,PLAQUENIL*30CPR RIV 200MG,971.8,True,Authoritative,aifa_ingredient_authoritative,,,,200.0,IDROSSICLOROCHINA SOLFATO 200milligrammi
038534044,BICALUTAMIDE DOC*28CPR RIV50MG,970.51,True,Validated,parsed:direct_strength,,28,50.0,1400.0,28CPR RIV50MG
049916012,PLEGIK*COLLIRIO FL 5ML 10MG/ML,969.12,True,Candidate,parsed:implied_unit_vol_conc,,1,50.0,50.0,FL 5ML 10MG/ML
045555024,"VENLAFAXINA SAN*28CPS 37,5MGRP",965.87,True,Validated,parsed:direct_strength,,28,37.5,1050.0,"28CPS 37,5MG"
022309013,MANTADAN*20CPR 100MG,965.8,True,Authoritative,aifa_ingredient_authoritative,,,,100.0,AMANTADINA 100milligrammi
044251027,TETRABENAZINA SUN*112CPR 25MG,964.17,True,Validated,parsed:direct_strength,,112,25.0,2800.0,112CPR 25MG
028962025,LACTEOL*POLV 10BUST 10MLD,963.99,False,Unresolved,unresolved,other,,,,
038439042,PANTOPRAZOLO ZENT*28CPR 20MG,962.59,True,Validated,parsed:direct_strength,,28,20.0,560.0,28CPR 20MG
041689023,"KOMBOGLYZE*56CPR RIV2,5+850MG",962.5,True,Candidate,parsed:single_value_assumed_unit,,1,850.0,850.0,850MG
043087220,"RIVASTIGMINA SAN*30CER 13,3MG",960.72,True,Validated,parsed:direct_strength,,30,13.3,399.0,"30CER 13,3MG"
037109028,"OLPREZIDE*28CPR RIV 20MG+12,5",957.27,True,Validated,parsed:direct_strength,,28,20.0,560.0,28CPR RIV 20MG
042854048,FREQUIL*30CPS 100MG RP,957.09,True,Validated,parsed:direct_strength,,30,100.0,3000.0,30CPS 100MG
037911029,CETIRIZINA ABC*OS GTT 20ML,957.05,False,Unresolved,unresolved,other,,,,
044977041,"CLARICYCLIC*10FL10ML0,5MMOL/ML",957.0,False,Unresolved,unresolved,other,,,,
034630020,EPSODILAVE*10F 300UI/3ML 3ML,956.09,False,Unresolved,unresolved,other,,,,
048499038,RYALTRIS*SPRAY NAS FL 29G 240D,954.67,True,Candidate,parsed:single_value_assumed_unit,,1,29000.0,29000.0,29G
049456179,SUNITINIB DR*30CPS 25MG,954.47,True,Validated,parsed:direct_strength,,30,25.0,750.0,30CPS 25MG
042917017,PHEBURANE*OS GRAT 483MG/G 174G,952.05,True,Candidate,parsed:single_value_assumed_unit,,1,174000.0,174000.0,174G
028347021,SUFENTANIL PIRAMAL*EV 5F 1ML,949.63,False,Unresolved,unresolved,other,,,,
027015167,"EPREX*1SIR 3000UI 0,3ML",945.54,False,Unresolved,unresolved,other,,,,
040716209,SMOFKABIVEN*4SACC 986ML S/EL,945.01,False,Unresolved,unresolved,other,,,,
041230107,LEFLUNOMIDE MY*30CPR RIV 20MG,944.46,True,Validated,parsed:direct_strength,,30,20.0,600.0,30CPR RIV 20MG
027807395,LAMICTAL*56CPR DISPERS 100MG,941.16,True,Authoritative,aifa_ingredient_authoritative,,,,100.0,LAMOTRIGINA 100milligrammi
026381020,PROSTIN VR*IV INF 1F 500MCG1ML,937.55,True,Validated,parsed:direct_strength,,1,0.5,0.5,1F 500MCG
051202012,"PYZCHIVA*SC 1SIR 0,5ML 45MG",937.2,True,Candidate,parsed:single_value_assumed_unit,,1,45.0,45.0,45MG
039300088,"AZOTO PROTOSS*BOMB LIQ37,50KG",936.0,False,Unresolved,unresolved,other,,,,
044269153,GHEMAXAN*10SIR 10000UI 1ML+S,935.0,False,Unresolved,unresolved,other,,,,
040646022,NETEKA*1F 10MG/20ML,932.65,False,Unresolved,unresolved,other,,,,
039132131,OSSIGENO*COMPR 200BAR 3LT VAL,931.39,False,Unresolved,unresolved,oxygen_gas,,,,
036355055,"CARVEDILOLO EG*28CPR 6,25MG",931.26,True,Validated,parsed:direct_strength,,28,6.25,175.0,"28CPR 6,25MG"
028740025,NEURONTIN*50CPS 300MG,928.49,True,Validated,parsed:direct_strength,,50,300.0,15000.0,50CPS 300MG
036635086,"DIBASE*OS SOL 2FL 2,5ML50000UI",926.27,False,Unresolved,unresolved,other,,,,
040293324,ESOMEPRAZOLO ARI*14CPS GAS40MG,923.8,True,Validated,parsed:direct_strength,,14,40.0,560.0,14CPS GAS40MG
017837016,LUXAZONE*OFT UNG 3G 2MG/G,920.84,True,Candidate,parsed:single_value_assumed_unit,,1,3000.0,3000.0,3G
026214039,"PERIPLUM*OS GTT 25ML 30MG/0,75",919.22,False,Unresolved,unresolved,other,,,,
022999015,LIORESAL*50CPR 10MG FL,918.14,True,Authoritative,aifa_ingredient_authoritative,,,,10.0,BACLOFENE 10milligrammi
027152091,UNIXIME*GRAT SOSP100MG/5ML+SIR,916.86,False,Unresolved,unresolved,other,,,,
049014018,"OXYPRONAL*28CPR 5MG+2,5MG RP",916.3,True,Validated,parsed:direct_strength,,28,5.0,140.0,28CPR 5MG
036932010,LENIRIT MICOSI*CREMA 30G 1%,916.19,True,Candidate,parsed:single_value_assumed_unit,,1,30000.0,30000.0,30G
042752030,EZETIMIBE MY*30CPR 10MG,915.99,True,Validated,parsed:direct_strength,,30,10.0,300.0,30CPR 10MG
038256119,DIACOMIT*OS SOSP 60BUST 500MG,914.76,True,Validated,parsed:direct_strength,,60,500.0,30000.0,60BUST 500MG
039153224,"REUMAFLEX*15MG 0,30ML SC 4SIR",914.26,True,Candidate,parsed:single_value_assumed_unit,,1,15.0,15.0,15MG
030780011,"ADRENALINA MONICO*5F 0,5MG 1ML",913.78,True,Authoritative,aifa_ingredient_authoritative,,,,0.5,EPINEFRINA 0.5milligrammi
049456282,SUNITINIB DR*30CPS 50MG,913.76,True,Validated,parsed:direct_strength,,30,50.0,1500.0,30CPS 50MG
026185049,TATIONIL*10F 600MG/4ML+10F 4ML,913.19,True,Authoritative,aifa_ingredient_authoritative,,,,600.0,GLUTATIONE SODICO 600milligrammi
026009062,LEVOPRAID*IM IV 6F 50MG 2ML,910.96,True,Validated,parsed:direct_strength,,6,50.0,300.0,6F 50MG
039758026,OMEPRAZOLO AURO*14CPS 10MG,910.02,True,Validated,parsed:direct_strength,,14,10.0,140.0,14CPS 10MG
037073032,DUOSOL*2SAC 5000ML C/K 4MMOL/L,904.8,False,Unresolved,unresolved,other,,,,
028467037,ACICLOVIR DOROM*25CPR 400MG,904.33,True,Authoritative,aifa_ingredient_authoritative,,,,400.0,ACICLOVIR 400milligrammi
046036087,PALIPERIDONE TE*28CPR 9MG RP,902.02,True,Validated,parsed:direct_strength,,28,9.0,252.0,28CPR 9MG
015724038,"LANOXIN*30CPR 0,125MG",901.65,True,Authoritative,aifa_ingredient_authoritative,,,,0.1,DIGOSSINA 0.1milligrammi
021643046,ANAFRANIL*20CPR DIV 75MG RP,900.54,True,Authoritative,aifa_ingredient_authoritative,,,,75.0,CLOMIPRAMINA CLORIDRATO 75milligrammi
030865036,GLICEROLO 10% NA CL*FL 250ML,898.05,False,Unresolved,unresolved,other,,,,
048467106,KLEDER*21CPS 15MG,897.91,True,Validated,parsed:direct_strength,,21,15.0,315.0,21CPS 15MG
029362035,ISOSELECT*20FL 500ML 8%,891.0,True,Authoritative,aifa_ingredient_authoritative,,,,300.0,L-CISTEINA 0.3grammi
034168017,DETRUSITOL*28CPR RIV 1MG,888.79,True,Validated,parsed:direct_strength,,28,1.0,28.0,28CPR RIV 1MG
027210018,LEVOBREN*20CPR 25MG,887.22,True,Authoritative,aifa_ingredient_authoritative,,,,25.0,LEVOSULPIRIDE 25milligrammi
043374026,INCRUSE ELLIPTA*1INAL30D 55MCG,885.91,True,Candidate,parsed:single_value_assumed_unit,,1,0.055,0.055,55MCG
043646025,INFECTOFOS*EV 10FL 4G 100ML,883.85,True,Validated,parsed:direct_strength,,10,4000.0,40000.0,10FL 4G
040904029,"RIVASTIGMINA SAN*56CPS 1,5MG",880.81,True,Validated,parsed:direct_strength,,56,1.5,84.0,"56CPS 1,5MG"
020854028,INDERAL*30CPR 40MG,871.99,True,Authoritative,aifa_ingredient_authoritative,,,,40.0,PROPRANOLOLO CLORIDRATO 40milligrammi
019969029,NEOCYTAMEN*IM IV OS 6F 1000MCG,870.36,True,Validated,parsed:direct_strength,,6,1.0,6.0,6F 1000MCG
038127027,GLUCOSIO FKI*10% 20FL 500ML,869.22,False,Unresolved,unresolved,other,,,,
041333131,TEMOZOLOMIDE SUN*5CPS 5MG,867.92,True,Validated,parsed:direct_strength,,5,5.0,25.0,5CPS 5MG
035447022,"LUMIGAN*COLL FL 3ML 0,1MG/ML",866.7,True,Candidate,parsed:implied_unit_vol_conc,,1,0.3,0.3,"FL 3ML 0,1MG/ML"
040870293,OLANZAPINA CHE*28CPR ORO 10MG,866.0,True,Validated,parsed:direct_strength,,28,10.0,280.0,28CPR ORO 10MG
020702270,"MAALOX PLUS*OS SOSP 4+3,5+0,5%",863.1,False,Unresolved,unresolved,other,,,,
038564011,TINAZIR*7CPR RIV 10MG,862.84,True,Validated,parsed:direct_strength,,7,10.0,70.0,7CPR RIV 10MG
038190284,"BINOCRIT*6SIR 1.000UI 0,5ML+DI",858.87,False,Unresolved,unresolved,other,,,,
040102028,FLUCONAZOLO KABI*10FL 50ML,858.0,False,Unresolved,unresolved,other,,,,
037604156,SUBOXONE*28FILM SUBL 8MG+2MG,857.63,True,Validated,parsed:direct_strength,,28,8.0,224.0,28FILM SUBL 8MG
046421018,MELFALAN SUN*EV 1FL 50MG +1F,852.5,True,Validated,parsed:direct_strength,,1,50.0,50.0,1FL 50MG
034371068,SERETIDE*DISKUS 50+500MCG 60D,851.64,True,Candidate,parsed:single_value_assumed_unit,,1,0.5,0.5,500MCG
038917050,RANEXA*60CPR 750MG RP,851.02,True,Validated,parsed:direct_strength,,60,750.0,45000.0,60CPR 750MG
028675179,FLUSPIRAL*INAL 125MCG 120DOSI,850.26,True,Candidate,parsed:single_value_assumed_unit,,1,0.125,0.125,125MCG
034368098,TIROSINT*OS 30FL 1ML 75MCG/ML,847.69,True,Validated,parsed:vol_conc,,30,0.075,2.25,30FL 1ML 75MCG/ML
047629023,ZIRABEV*INF 400MG 16ML 25MG/ML,844.8,True,Candidate,parsed:single_value_assumed_unit,,1,400.0,400.0,400MG
041692132,LANSOPRAZOLO MY*14CPR ORO 30MG,842.74,True,Validated,parsed:direct_strength,,14,30.0,420.0,14CPR ORO 30MG
043529015,IBUPROFENE TE*30CPR RIV 600MG,840.45,True,Validated,parsed:direct_strength,,30,600.0,18000.0,30CPR RIV 600MG
033834019,ONKOTRONE*EV 1FL 10MG 5ML,840.03,True,Validated,parsed:direct_strength,,1,10.0,10.0,1FL 10MG
038381671,"RETACRIT*6SIR 8.000UI 0,8ML",836.32,False,Unresolved,unresolved,other,,,,
045250432,DARUNAVIR VI*30CPR RIV 800MG,829.11,True,Validated,parsed:direct_strength,,30,800.0,24000.0,30CPR RIV 800MG
022865202,SAMYR*20CPR GASTROR 200MG,827.89,True,Validated,parsed:direct_strength,,20,200.0,4000.0,20CPR GASTROR 200MG
048950012,BACTRIMEL*OS SOSP 40MG+8MG/ML,827.27,True,Candidate,parsed:single_value_assumed_unit,,1,40.0,40.0,40MG
050996089,ELTROMBOPAG ZE*28CPR RIV 50MG,825.87,True,Validated,parsed:direct_strength,,28,50.0,1400.0,28CPR RIV 50MG
022199018,"ATOSSISCLEROL*5F 2ML 0,5%",825.06,False,Unresolved,unresolved,other,,,,
022863056,TRENTAL*30CPR 400MG RM,821.79,True,Validated,parsed:direct_strength,,30,400.0,12000.0,30CPR 400MG
033007307,TORVAST*30CPR RIV 80MG PVC-AL,821.65,True,Validated,parsed:direct_strength,,30,80.0,2400.0,30CPR RIV 80MG
040367070,"LETROZOLO TEVA*30CPR RIV 2,5MG",819.92,True,Validated,parsed:direct_strength,,30,2.5,75.0,"30CPR RIV 2,5MG"
027633039,AXIL*10BUST 800MG,818.44,True,Authoritative,aifa_ingredient_authoritative,,,,800.0,PIDOTIMOD 800milligrammi
049019019,LEVOSIMENDAN KABI*EV FL 5ML,818.4,False,Unresolved,unresolved,other,,,,
023598016,RILATEN*30CPR RIV 10MG,814.93,True,Validated,parsed:direct_strength,,30,10.0,300.0,30CPR RIV 10MG
022629113,VESSEL*50CPS MOLLI 250ULS,814.46,False,Unresolved,unresolved,other,,,,
030822011,TALOXA*OS SOSP 230ML 600MG/5ML,814.43,False,Unresolved,unresolved,other,,,,
033264045,APROVEL*28CPR 150MG,809.41,True,Validated,parsed:direct_strength,,28,150.0,4200.0,28CPR 150MG
039586045,"TARGIN*28CPR 5MG+2,5MG RP",807.22,True,Validated,parsed:direct_strength,,28,5.0,140.0,28CPR 5MG
024402125,EUTIROX*50CPR 50MCG,806.07,True,Validated,parsed:direct_strength,,50,0.05,2.5,50CPR 50MCG
038744518,"XARELTO*OS1MG/ML 5,25G BB>=4KG",804.04,True,Candidate,parsed:single_value_assumed_unit,,1,5250.0,5250.0,"5,25G"
021852013,COCARNITIN B12*OS 10FL 10ML,803.7,False,Unresolved,unresolved,other,,,,
035899018,ITRACONAZOLO SAND*8CPS 100MG,803.36,True,Validated,parsed:direct_strength,,8,100.0,800.0,8CPS 100MG
031100011,EOSINA NOVA AR*SOL CUT 2% 100G,802.56,True,Authoritative,aifa_ingredient_authoritative,,,,2000.0,EOSINA 2grammi
029384017,LORTAAN*28CPR RIV 50MG,798.89,True,Validated,parsed:direct_strength,,28,50.0,1400.0,28CPR RIV 50MG
033007067,TORVAST*30CPR RIV 40MG,795.37,True,Validated,parsed:direct_strength,,30,40.0,1200.0,30CPR RIV 40MG
040438018,ESOMEPRAZOLO SUN*EV 1FL 40MG,794.97,True,Validated,parsed:direct_strength,,1,40.0,40.0,1FL 40MG
024862094,RYTMONORM*28CPS 325MG RP PVC/A,791.03,True,Authoritative,aifa_ingredient_authoritative,,,,325.0,PROPAFENONE CLORIDRATO 325milligrammi
027476023,CACIT 1000*30CPR EFF 1000MG,790.26,True,Authoritative,aifa_ingredient_authoritative,,,,1000.0,CALCIO CARBONATO 1000milligrammi
039405030,"PACLITAXEL KABI*1F 100MG16,7ML",786.5,True,Validated,parsed:direct_strength,,1,100.0,100.0,1F 100MG
037092222,RISPERIDONE TE*60CPR RIV 2MG,785.91,True,Validated,parsed:direct_strength,,60,2.0,120.0,60CPR RIV 2MG
039611013,SONIREM*OS GTT 30ML 10MG/ML,784.51,True,Candidate,parsed:implied_unit_vol_conc,,1,300.0,300.0,GTT 30ML 10MG/ML
024385421,INTRALIPID*6SACC 1000ML20G/100,783.25,False,Unresolved,unresolved,other,,,,
022240016,MINOCIN*8CPS 100MG,780.19,True,Authoritative,aifa_ingredient_authoritative,,,,100.0,MINOCICLINA DICLORIDRATO 100milligrammi
036145086,HOSPASOL*2SA 5LT 167MMOL/LT,780.0,False,Unresolved,unresolved,other,,,,
045681032,OLAZAX*28CPR 10MG,778.4,True,Validated,parsed:direct_strength,,28,10.0,280.0,28CPR 10MG
040422545,PALEXIA*30CPR 100MG RP,776.83,True,Validated,parsed:direct_strength,,30,100.0,3000.0,30CPR 100MG
037911017,CETIRIZINA ABC*20CPR DIV 10MG,776.3,True,Validated,parsed:direct_strength,,20,10.0,200.0,20CPR DIV 10MG
033556010,UROKINASI PFI*FL100000UI+F2ML,776.03,False,Unresolved,unresolved,other,,,,
041306388,SILDENAFIL SAN*8CPR 25MG,775.35,True,Validated,parsed:direct_strength,,8,25.0,200.0,8CPR 25MG
034463101,ALIFLUS*INAL 25MCG+50MCG 120D,772.84,True,Candidate,parsed:single_value_assumed_unit,,1,0.025,0.025,25MCG
028308017,PROSCAR*15CPR RIV 5MG,766.49,True,Authoritative,aifa_ingredient_authoritative,,,,5.0,FINASTERIDE 5milligrammi
036003059,PAXABEL*OS POLV 20BUST 4G,765.46,True,Validated,parsed:direct_strength,,20,4000.0,80000.0,20BUST 4G
044472153,DULOXETINA ZEN*28CPS GASTR60MG,764.87,True,Validated,parsed:direct_strength,,28,60.0,1680.0,28CPS GASTR60MG
039132030,OSSIGENO*COMPR 200BAR 3LT,764.28,False,Unresolved,unresolved,oxygen_gas,,,,
048261073,LEVETIRACETAM EG*60CPR 500MG,760.15,True,Validated,parsed:direct_strength,,60,500.0,30000.0,60CPR 500MG
029212091,DUROGESIC*3CER 12MCG/ORA,758.88,False,Unresolved,unresolved,other,,,,
040267041,FLEBOGAMMA DIF*EV 200ML 10G,758.76,True,Candidate,parsed:single_value_assumed_unit,,1,10000.0,10000.0,10G
021460074,MUTABON MITE*30CPR 2MG+10MG,758.06,True,Validated,parsed:direct_strength,,30,2.0,60.0,30CPR 2MG
024519023,"GUTRON*OS GTT FL 30ML 0,25%",755.14,True,Authoritative,aifa_ingredient_authoritative,,,,300.0,MIDODRINA CLORIDRATO 0.3grammi
031133059,CALCIO CLORURO BIO*10F 1G 10ML,754.82,True,Authoritative,aifa_ingredient_authoritative,,,,100.0,CLORURO DI CALCIO 0.1grammi
042223089,ANNISTER*OS SOL 2FL 5ML50000UI,754.65,False,Unresolved,unresolved,other,,,,
038811143,"BISOPROLOLO SAN*28CPR RIV2,5MG",753.18,True,Validated,parsed:direct_strength,,28,2.5,70.0,"28CPR RIV2,5MG"
019888128,METHOTREXATE*INIET 4SIR 10MG,752.32,True,Validated,parsed:direct_strength,,4,10.0,40.0,4SIR 10MG
036486049,LAMOTRIGINA SA*56CPR DISP100MG,751.52,True,Validated,parsed:direct_strength,,56,100.0,5600.0,56CPR DISP100MG
036566038,CEFTAZIDIMA EG*IM 1F 1G+F 3ML,750.42,True,Validated,parsed:direct_strength,,1,1000.0,1000.0,1F 1G
007899026,LARGACTIL*25CPR RIV 25MG,750.12,True,Validated,parsed:direct_strength,,25,25.0,625.0,25CPR RIV 25MG
009115039,FITOSTIMOLINE*10GARZE 15%,748.58,False,Unresolved,unresolved,other,,,,
041000035,AMIKACINA B.BRAUN*EV 10F 500MG,748.44,True,Validated,parsed:direct_strength,,10,500.0,5000.0,10F 500MG
034959015,"DATSCAN*INIET FL2,5ML 74MBQ/ML",748.0,False,Unresolved,unresolved,other,,,,
038947026,BIVIS*28CPR RIV 20MG+5MG,747.15,True,Validated,parsed:direct_strength,,28,20.0,560.0,28CPR RIV 20MG
036257020,"GENTAMICINA TEVA*CR 30G 0,1%",744.88,True,Candidate,parsed:single_value_assumed_unit,,1,30000.0,30000.0,30G
037492117,FLUCONAZOLO ZENT*10CPS 100MG,744.81,True,Validated,parsed:direct_strength,,10,100.0,1000.0,10CPS 100MG
024713075,HALCION*20CPR 250MCG,743.73,True,Authoritative,aifa_ingredient_authoritative,,,,0.3,TRIAZOLAM 0.3milligrammi
012745016,TACHIPIRINA*SCIR 120ML 120MG/5,742.81,False,Unresolved,unresolved,other,,,,
042416038,FASTJEKT*1PEN PRER 300MCG,738.63,True,Validated,parsed:direct_strength,,1,0.3,0.3,1PEN PRER 300MCG
035297199,"CALCITRIOLO TEVA*30CPS 0,25MCG",738.1,True,Validated,parsed:direct_strength,,30,0.0003,0.0075,"30CPS 0,25MCG"
028878080,FORTRADOL*OS GTT 10ML 100MG/ML,735.73,True,Candidate,parsed:implied_unit_vol_conc,,1,1000.0,1000.0,GTT 10ML 100MG/ML
009209053,POTASSION*GRAT EFF 20BUST,735.66,True,Authoritative,aifa_ingredient_authoritative,,,,500.0,POTASSIO BICARBONATO 0.5grammi
033346026,CISPLATINO SAND*EV 25MG 50ML,734.79,True,Candidate,parsed:single_value_assumed_unit,,1,25.0,25.0,25MG
020702054,MAALOX*40CPR MAST 400MG+400MG,732.54,True,Validated,parsed:direct_strength,,40,400.0,16000.0,40CPR MAST 400MG
020676045,INDOXEN*FTE 10SUPP 100MG,731.55,True,Authoritative,aifa_ingredient_authoritative,,,,100.0,INDOMETACINA 100milligrammi
023585019,NEURABEN*30CPS 100MG,730.8,True,Validated,parsed:direct_strength,,30,100.0,3000.0,30CPS 100MG
039557071,ARIA AIR LIQUIDE*200BAR 14LT,730.08,False,Unresolved,unresolved,other,,,,
038358014,KETOROLAC ABC*GTT 10ML 20MG/ML,729.38,True,Candidate,parsed:implied_unit_vol_conc,,1,200.0,200.0,GTT 10ML 20MG/ML
029247057,METACOLINA LOFARMA*64MG/ML 2FL,727.65,True,Authoritative,aifa_ingredient_authoritative,,,,192.0,METACOLINA CLORURO 192milligrammi
029247020,METACOLINA LOFARMA*10MG/ML 5FL,726.0,True,Authoritative,aifa_ingredient_authoritative,,,,30.0,METACOLINA CLORURO 30milligrammi
035733043,OXIBUTININA EG*30CPR 5MG,722.43,True,Validated,parsed:direct_strength,,30,5.0,150.0,30CPR 5MG
034934113,ZANTIPRES*28CPR RIV 30MG,722.02,True,Validated,parsed:direct_strength,,28,30.0,840.0,28CPR RIV 30MG
025935040,DELECIT*OS SOL 10FL 600MG 7ML,717.63,True,Validated,parsed:direct_strength,,10,600.0,6000.0,10FL 600MG
040928018,GEMCITABINA ACC*INF CONC FL200,717.51,False,Unresolved,unresolved,other,,,,
016094017,SUSTANON*IM 1F 1ML 250MG,714.5,True,Authoritative,aifa_ingredient_authoritative,,,,100.0,TESTOSTERONE DECANOATO 100milligrammi
016805107,SERENASE*OS GTT 15ML 10MG/ML,713.89,True,Candidate,parsed:implied_unit_vol_conc,,1,150.0,150.0,GTT 15ML 10MG/ML
035039306,KEPPRA*OS 150ML 100MG/ML+1ML,708.26,False,Unresolved,unresolved,multi_active_combo,,,,
025852068,SIRDALUD*20CPR 2MG,707.0,True,Authoritative,aifa_ingredient_authoritative,,,,2.0,TIZANIDINA CLORIDRATO 2milligrammi
042021030,"BUCCOLAM*OS SOLUZ 4SIR 7,5MG",705.28,True,Validated,parsed:direct_strength,,4,7.5,30.0,"4SIR 7,5MG"
038817084,VALACICLOVIR EG*21CPR 1000MG,704.37,True,Validated,parsed:direct_strength,,21,1000.0,21000.0,21CPR 1000MG
047805039,"IDACIO*SC 2PEN 0,8ML 40MG",704.0,True,Candidate,parsed:single_value_assumed_unit,,1,40.0,40.0,40MG
024352142,GAVISCON*24BUST 500+267MG/10ML,703.57,True,Authoritative,aifa_ingredient_authoritative,,,,500.0,SODIO ALGINATO 500milligrammi
044205110,TADALAFIL ACC*12CPR RIV 20MG,703.08,True,Validated,parsed:direct_strength,,12,20.0,240.0,12CPR RIV 20MG
044164046,"DOLSTIP*28CPR 5MG+2,5MG RP",702.55,True,Validated,parsed:direct_strength,,28,5.0,140.0,28CPR 5MG
033007042,TORVAST*30CPR RIV 20MG,701.8,True,Authoritative,aifa_ingredient_authoritative,,,,21.69,ATORVASTATINA CALCIO TRIIDRATO 21.69milligrammi
025980057,"XANAX*20CPR 0,25MG",701.18,True,Authoritative,aifa_ingredient_authoritative,,,,0.3,ALPRAZOLAM 0.3milligrammi
033995022,"ALPRAZOLAM SANDOZ*20CPR 0,5MG",701.17,True,Validated,parsed:direct_strength,,20,0.5,10.0,"20CPR 0,5MG"
041495060,PARACETAMOLO SALF*30FL 100ML,698.57,False,Unresolved,unresolved,other,,,,
027208103,SIVASTIN*28CPR RIV 20MG,694.59,True,Validated,parsed:direct_strength,,28,20.0,560.0,28CPR RIV 20MG
041047046,SILDENAFIL MY*8CPR RIV 25MG,691.6,True,Validated,parsed:direct_strength,,8,25.0,200.0,8CPR RIV 25MG
037206214,SIMVASTATINA SAND*28CPR 20MG,690.89,True,Validated,parsed:direct_strength,,28,20.0,560.0,28CPR 20MG
036364040,"FORBEST*BB NEBUL 30FL 0,5MG/ML",690.89,False,Unresolved,unresolved,other,,,,
028988032,"DOSTINEX*8CPR 0,5MG FL",689.92,True,Authoritative,aifa_ingredient_authoritative,,,,0.5,CABERGOLINA 0.5milligrammi
045870185,ELATREX*28CPR 10MG+5MG RP,687.99,True,Validated,parsed:direct_strength,,28,10.0,280.0,28CPR 10MG
045226040,REKOVELLE*SC 1PEN 12MCG+3AGHI,684.63,True,Validated,parsed:direct_strength,,1,0.012,0.012,1PEN 12MCG
020780021,SYNACTHEN*IM 1F 1MG 1ML RP,684.59,True,Authoritative,aifa_ingredient_authoritative,,,,1.0,TETRACOSACTIDE ESACETATO 1milligrammi
027621061,"PULMAXAN*NEBUL20FL2ML 0,5MG/ML",681.66,True,Validated,parsed:vol_conc,,20,1.0,20.0,"20FL2ML 0,5MG/ML"
048959023,LACOSAMIDE ZEN*56CPR RIV 50MG,678.7,True,Validated,parsed:direct_strength,,56,50.0,2800.0,56CPR RIV 50MG
029354178,VISIPAQUE*320MG I/ML FLPP 100M,677.6,True,Candidate,parsed:single_value_assumed_unit,,1,320.0,320.0,320MG
045789029,ELEBRATO ELL*30D 92+55+22MCG,676.26,True,Candidate,parsed:single_value_assumed_unit,,1,0.022,0.022,22MCG
034371106,SERETIDE*INAL 25MCG+50MCG 120D,673.18,True,Candidate,parsed:single_value_assumed_unit,,1,0.025,0.025,25MCG
037083019,COMBIGAN*COLL 5ML 2MG+5MG/ML,672.7,True,Candidate,parsed:single_value_assumed_unit,,1,2.0,2.0,2MG
043051034,"VIPIDIA*28CPR RIV 6,25MG",672.29,True,Validated,parsed:direct_strength,,28,6.25,175.0,"28CPR RIV 6,25MG"
038139061,PANTOPRAZOLO SAND*28CPR 20MG,670.11,True,Validated,parsed:direct_strength,,28,20.0,560.0,28CPR 20MG
026925040,PENTACOL 400*60CPR 400MG RM,669.6,True,Validated,parsed:direct_strength,,60,400.0,24000.0,60CPR 400MG
034368074,TIROSINT*OS 30FL 1ML 25MCG/ML,665.79,True,Validated,parsed:vol_conc,,30,0.025,0.75,30FL 1ML 25MCG/ML
027131010,PROLEUKIN*EV 1F 18MUI,663.68,False,Unresolved,unresolved,other,,,,
052000041,YESINTEK*EV 1FL 130MG 26ML,663.3,True,Validated,parsed:direct_strength,,1,130.0,130.0,1FL 130MG
025202019,ROCEFIN*IM 1FL 250MG+1F 2ML,663.12,True,Validated,parsed:direct_strength,,1,250.0,250.0,1FL 250MG
041045028,ROBILAS*20CPR 20MG,662.86,True,Validated,parsed:direct_strength,,20,20.0,400.0,20CPR 20MG
034227013,GESTROLTEX*30CPR 160MG,662.45,True,Validated,parsed:direct_strength,,30,160.0,4800.0,30CPR 160MG
032832026,DERIL*30CPS 1MCG,661.94,True,Authoritative,aifa_ingredient_authoritative,,,,0.001,ALFACALCIDOLO 1microgrammi
029851262,"MOVICOL*SENZA AROMA 20BUST13,7",660.9,True,Authoritative,aifa_ingredient_authoritative,,,,13125.0,MACROGOL 3350 13.125grammi
026372033,CLASTEON*EV 6F 300MG 10ML,660.2,True,Validated,parsed:direct_strength,,6,300.0,1800.0,6F 300MG
039814013,"LEPTOPROL*1 IMPIANTO 3,6MG",660.0,True,Candidate,parsed:single_value_assumed_unit,,1,3.6,3.6,"3,6MG"
025980069,"XANAX*20CPR 0,50MG",659.56,True,Authoritative,aifa_ingredient_authoritative,,,,0.5,ALPRAZOLAM 0.5milligrammi
043364013,"BEMFOLA*SC PEN 75UI/0,125ML+AG",659.18,False,Unresolved,unresolved,other,,,,
042916015,"ATOSIBAN SUN*EV FL6,75MG/0,9ML",655.83,False,Unresolved,unresolved,other,,,,
046461024,TRAUSAN*OS 30BUST 1G,655.82,True,Validated,parsed:direct_strength,,30,1000.0,30000.0,30BUST 1G
027860028,ZITROMAX*BB OS SOSP FL 1500MG,655.25,True,Candidate,parsed:single_value_assumed_unit,,1,1500.0,1500.0,1500MG
025624014,MS CONTIN*16CPR 10MG RP,654.57,True,Authoritative,aifa_ingredient_authoritative,,,,10.0,MORFINA SOLFATO 10milligrammi
027096041,ZENTEL*3CPR 400MG,653.24,True,Validated,parsed:direct_strength,,3,400.0,1200.0,3CPR 400MG
033462045,SOLIAN*30CPR RIV 400MG,652.61,True,Validated,parsed:direct_strength,,30,400.0,12000.0,30CPR RIV 400MG
024402051,EUTIROX*50CPR 75MCG,651.98,True,Validated,parsed:direct_strength,,50,0.075,3.75,50CPR 75MCG
028717041,CARDIRENE*OS POLV 30BUST 75MG,651.87,True,Validated,parsed:direct_strength,,30,75.0,2250.0,30BUST 75MG
034684011,ZINCO SOLFATO IDI*30CPR 200MG,651.31,True,Validated,parsed:direct_strength,,30,200.0,6000.0,30CPR 200MG
046053029,ARIPIPRAZOLO AU*OS 150ML1MG/ML,650.25,False,Unresolved,unresolved,other,,,,
044472114,DULOXETINA ZEN*28CPS GASTR30MG,649.19,True,Validated,parsed:direct_strength,,28,30.0,840.0,28CPS GASTR30MG
014159026,MEDROL*30CPR 4MG,647.96,True,Validated,parsed:direct_strength,,30,4.0,120.0,30CPR 4MG
041180365,"ADOPORT*30CPS 0,75MG",647.06,True,Validated,parsed:direct_strength,,30,0.75,22.5,"30CPS 0,75MG"
014302032,ANAURAN*GTT AURIC FL 25ML,641.91,False,Unresolved,unresolved,other,,,,
035943048,TAMIFLU*10CPS 45MG,641.59,True,Validated,parsed:direct_strength,,10,45.0,450.0,10CPS 45MG
034289025,METEOSIM*50CPR MAST 40MG,641.16,True,Validated,parsed:direct_strength,,50,40.0,2000.0,50CPR MAST 40MG
049360148,LENALIDOMIDE GRIN*21CPS 25MG,639.71,True,Validated,parsed:direct_strength,,21,25.0,525.0,21CPS 25MG
027807320,LAMICTAL*56CPR DISPERS 50MG,639.4,True,Authoritative,aifa_ingredient_authoritative,,,,50.0,LAMOTRIGINA 50milligrammi
010344012,PURINETHOL*25CPR 50MG FL,638.57,True,Authoritative,aifa_ingredient_authoritative,,,,50.0,MERCAPTOPURINA 50milligrammi
035039229,KEPPRA*30CPR RIV 1000MG,636.4,True,Validated,parsed:direct_strength,,30,1000.0,30000.0,30CPR RIV 1000MG
042245047,MEMANTINA DOC*56CPR RIV 10MG,636.19,True,Validated,parsed:direct_strength,,56,10.0,560.0,56CPR RIV 10MG
022865176,SAMYR*IM EV 5FL 400MG+5F 5ML,631.88,True,Validated,parsed:direct_strength,,5,400.0,2000.0,5FL 400MG
040870255,OLANZAPINA CHE*28CPR ORO 5MG,629.12,True,Validated,parsed:direct_strength,,28,5.0,140.0,28CPR ORO 5MG
040072011,BICALUTAMIDE SUN*28CPR RIV50MG,627.0,True,Validated,parsed:direct_strength,,28,50.0,1400.0,28CPR RIV50MG
030905020,ACQUA PI*SACCA 5000ML IRRIG,625.19,False,Unresolved,unresolved,other,,,,
027428010,NORVASC*28CPR 5MG,624.19,True,Validated,parsed:direct_strength,,28,5.0,140.0,28CPR 5MG
037604093,"SUBOXONE*28FILM SUBL 2MG+0,5MG",622.4,True,Validated,parsed:direct_strength,,28,2.0,56.0,28FILM SUBL 2MG
027015142,"EPREX*1SIR 1000UI 0,5ML",622.4,False,Unresolved,unresolved,other,,,,
035297389,"CALCITRIOLO TEVA*30CPS 0,5MCG",621.11,True,Validated,parsed:direct_strength,,30,0.0005,0.015,"30CPS 0,5MCG"
026009011,LEVOPRAID*20CPR 25MG,620.16,True,Validated,parsed:direct_strength,,20,25.0,500.0,20CPR 25MG
037464498,CIPROFLOXACINA SA*12CPR 750MG,617.5,True,Validated,parsed:direct_strength,,12,750.0,9000.0,12CPR 750MG
038833024,METRONIDAZOLO B.B*EV 20F 100ML,617.36,False,Unresolved,unresolved,other,,,,
045412020,FEBUXOSTAT DOC*28CPR RIV 80MG,616.8,True,Validated,parsed:direct_strength,,28,80.0,2240.0,28CPR RIV 80MG
036476075,LYRICA*21CPS 50MG,616.31,True,Validated,parsed:direct_strength,,21,50.0,1050.0,21CPS 50MG
039701014,ALACARE*4CER MEDIC 8MG,616.0,True,Validated,parsed:direct_strength,,4,8.0,32.0,4CER MEDIC 8MG
043547013,"OLANZAPINA GLEN*28CPR 2,5MG",616.0,True,Validated,parsed:direct_strength,,28,2.5,70.0,"28CPR 2,5MG"
039730015,"TAMESAD*COLL20FL 0,3ML1,5MG/ML",615.23,True,Validated,parsed:vol_conc,,20,0.45,9.0,"20FL 0,3ML1,5MG/ML"
035146024,LIBRADIN*28CPS 10MG RM,614.69,True,Validated,parsed:direct_strength,,28,10.0,280.0,28CPS 10MG
023593039,EN*20CPR 1MG,613.84,True,Authoritative,aifa_ingredient_authoritative,,,,1.0,DELORAZEPAM 1milligrammi
023090044,ANDROCUR*30CPR 100MG,613.23,True,Authoritative,aifa_ingredient_authoritative,,,,100.0,CIPROTERONE ACETATO 100milligrammi
026999045,"DECAPEPTYL*SC 7FL 0,1MG+7F 1ML",612.78,True,Authoritative,aifa_ingredient_authoritative,,,,0.1,TRIPTORELINA 0.1milligrammi
030942650,"SODIO CLORURO*0,9% 36SAC 250ML",607.07,False,Unresolved,unresolved,other,,,,
050996026,ELTROMBOPAG ZE*28CPR RIV 25MG,605.49,True,Validated,parsed:direct_strength,,28,25.0,700.0,28CPR RIV 25MG
043275015,MERIOFERT*SC IM 1FL75UI+1SIR,605.0,False,Unresolved,unresolved,other,,,,
045120021,OLMAMPID*28CPR RIV 20MG+5MG,604.15,True,Validated,parsed:direct_strength,,28,20.0,560.0,28CPR RIV 20MG
034692020,PHAREPA*EV 10F 25000UI/5ML,602.6,False,Unresolved,unresolved,other,,,,
048261085,LEVETIRACETAM EG*30CPR 1000MG,602.3,True,Validated,parsed:direct_strength,,30,1000.0,30000.0,30CPR 1000MG
000307052,ATROPINA LUX*COLL 10ML 10MG/ML,598.01,False,Unresolved,unresolved,other,,,,
006979088,BUSCOPAN*40CPR RIV 10MG,598.01,True,Authoritative,aifa_ingredient_authoritative,,,,10.0,SCOPOLAMINA BUTILBROMURO 10milligrammi
019913033,SPIROLANG*10CPS 100MG,597.49,True,Validated,parsed:direct_strength,,10,100.0,1000.0,10CPS 100MG
020689028,VAGILEN*20CPS 250MG,596.34,True,Validated,parsed:direct_strength,,20,250.0,5000.0,20CPS 250MG
039730027,"TAMESAD*COLL 1FL 5ML 1,5MG/ML",594.0,True,Validated,parsed:vol_conc,,1,7.5,7.5,"1FL 5ML 1,5MG/ML"
036476012,LYRICA*14CPS 25MG,593.79,True,Validated,parsed:direct_strength,,14,25.0,350.0,14CPS 25MG
035699127,"EQUIBALANCE*4,25% 2000ML 4SACC",592.8,False,Unresolved,unresolved,other,,,,
050115070,TICAGRELOR DR*56CPR RIV 90MG,592.59,True,Validated,parsed:direct_strength,,56,90.0,5040.0,56CPR RIV 90MG
029776059,ATENOLOLO EG*50CPR 100MG,591.7,True,Authoritative,aifa_ingredient_authoritative,,,,100.0,ATENOLOLO 100milligrammi
027428022,NORVASC*14CPR 10MG,589.97,True,Validated,parsed:direct_strength,,14,10.0,140.0,14CPR 10MG
037405127,MATRIFEN*3CER TRANSD 50MCG/ORA,588.92,False,Unresolved,unresolved,other,,,,
038834242,PANTOPRAZOLO MY*28CPR 20MG,588.29,True,Validated,parsed:direct_strength,,28,20.0,560.0,28CPR 20MG
035211046,FUROSEMIDE MY*30CPR 25MG,583.26,True,Validated,parsed:direct_strength,,30,25.0,750.0,30CPR 25MG
041258284,"RIVASTIGMINA ZENT*30CER13,3MG",583.0,True,Validated,parsed:direct_strength,,30,13.3,399.0,"30CER13,3MG"
036027062,OLMETEC*28CPR RIV 20MG,582.18,True,Validated,parsed:direct_strength,,28,20.0,560.0,28CPR RIV 20MG
039012012,TECHNESCAN PYP*EV 5F 20MG 10ML,580.8,True,Validated,parsed:direct_strength,,5,20.0,100.0,5F 20MG
044698013,NUBRIVEO*14CPR RIV 10MG,580.06,True,Validated,parsed:direct_strength,,14,10.0,140.0,14CPR RIV 10MG
037707561,TOPIRAMATO SAN*60CPR 100MG FL,578.94,True,Validated,parsed:direct_strength,,60,100.0,6000.0,60CPR 100MG
044622153,IVABRADINA SAN*56CPR RIV 5MG,574.54,True,Validated,parsed:direct_strength,,56,5.0,280.0,56CPR RIV 5MG
045575038,DASATINIB EG*60CPR RIV 50MG,570.24,True,Validated,parsed:direct_strength,,60,50.0,3000.0,60CPR RIV 50MG
045107024,LEVETIRACETAM AU*OS 150ML+S3ML,567.05,False,Unresolved,unresolved,other,,,,
033861028,OROTRE*60CPR 500MG+400UI FL,566.58,True,Validated,parsed:direct_strength,,60,500.0,30000.0,60CPR 500MG
049238013,CIDOFOVIR TIL*1FL 5ML 75MG/ML,566.28,True,Validated,parsed:vol_conc,,1,375.0,375.0,1FL 5ML 75MG/ML
036622025,ETOPOSIDE SAND*EV 10ML 20MG/ML,566.28,False,Unresolved,unresolved,other,,,,
047674015,DEFERASIROX ZEN*30CPR RIV 90MG,566.24,True,Validated,parsed:direct_strength,,30,90.0,2700.0,30CPR RIV 90MG
023605153,DEURSIL*20CPS 225MG RP,565.97,True,Authoritative,aifa_ingredient_authoritative,,,,225.0,ACIDO URSODESOSSICOLICO 225milligrammi
050193212,TACROLIMUS EG*30CPS 5MG RP,560.97,True,Validated,parsed:direct_strength,,30,5.0,150.0,30CPS 5MG
039586159,TARGIN*28CPR 10MG+5MG RP,559.78,True,Validated,parsed:direct_strength,,28,10.0,280.0,28CPR 10MG
028755092,LIMPIDEX*14CPR OROD GASTR 30MG,558.92,True,Authoritative,aifa_ingredient_authoritative,,,,30.0,LANSOPRAZOLO 30milligrammi
047486067,FARPENTA*28CPR 10MG,558.07,True,Validated,parsed:direct_strength,,28,10.0,280.0,28CPR 10MG
047984113,SILODOSINA AUR*30CPS 8MG,558.01,True,Validated,parsed:direct_strength,,30,8.0,240.0,30CPS 8MG
035194265,"SYMBICORT*120D 160+4,5MCG",557.91,True,Candidate,parsed:single_value_assumed_unit,,1,0.0045,0.0045,"4,5MCG"
042294025,FLUTIFORMO*INAL 120D 125+5MCG,557.08,True,Candidate,parsed:single_value_assumed_unit,,1,0.005,0.005,5MCG
047049061,AMBRISENTAN TEVA*30CPR RIV 5MG,555.39,True,Validated,parsed:direct_strength,,30,5.0,150.0,30CPR RIV 5MG
037692047,RAMIPRIL ZEN*28CPR DIV 10MG,554.47,True,Validated,parsed:direct_strength,,28,10.0,280.0,28CPR DIV 10MG
016521041,PERSANTIN*IV 10F 10MG/2ML 2ML,553.46,False,Unresolved,unresolved,other,,,,
049014044,OXYPRONAL*28CPR 20MG+10MG RP,552.45,True,Validated,parsed:direct_strength,,28,20.0,560.0,28CPR 20MG
023892096,MINIRIN/DDAVP*30CPR SUBL 60MCG,551.57,True,Validated,parsed:direct_strength,,30,0.06,1.8,30CPR SUBL 60MCG
028600029,LANSOX*14CPS GASTR 15MG,551.03,True,Authoritative,aifa_ingredient_authoritative,,,,15.0,LANSOPRAZOLO 15milligrammi
030543019,LITIO CARBONATO N.A*50CPR300MG,550.95,True,Authoritative,aifa_ingredient_authoritative,,,,300.0,LITIO CARBONATO 300milligrammi
026821025,CARDURA*20CPR DIV 4MG,550.29,True,Validated,parsed:direct_strength,,20,4.0,80.0,20CPR DIV 4MG
041258132,"RIVASTIGMINA ZENT*30CER13,3MG",550.0,True,Validated,parsed:direct_strength,,30,13.3,399.0,"30CER13,3MG"
027370055,KLACID*12CPR RIV 250MG,549.41,True,Validated,parsed:direct_strength,,12,250.0,3000.0,12CPR RIV 250MG
038919080,VIMPAT*56CPR RIV 150MG,548.4,True,Validated,parsed:direct_strength,,56,150.0,8400.0,56CPR RIV 150MG
038190258,BINOCRIT*1SIR 40.000UI 1ML,548.21,False,Unresolved,unresolved,other,,,,
039055025,EFIENT*28CPR RIV 5MG,546.75,True,Validated,parsed:direct_strength,,28,5.0,140.0,28CPR RIV 5MG
038448142,TESAVEL*28CPR RIV 100MG,545.23,True,Validated,parsed:direct_strength,,28,100.0,2800.0,28CPR RIV 100MG
049927078,KERENDIA*28CPR RIV 20MG,544.51,True,Validated,parsed:direct_strength,,28,20.0,560.0,28CPR RIV 20MG
037405077,MATRIFEN*3CER TRANSD 25MCG/ORA,544.42,False,Unresolved,unresolved,other,,,,
038434142,ONDANSETRONE TEVA*6CPR RIV 8MG,544.15,True,Validated,parsed:direct_strength,,6,8.0,48.0,6CPR RIV 8MG
045276019,"ENTECAVIR DOC*30CPR RIV 0,5MG",539.94,True,Validated,parsed:direct_strength,,30,0.5,15.0,"30CPR RIV 0,5MG"
015724065,"LANOXIN*30CPR 0,0625MG",539.71,True,Authoritative,aifa_ingredient_authoritative,,,,0.1,DIGOSSINA 0.1milligrammi
047486016,"FARPENTA*28CPR 2,5MG",539.39,True,Validated,parsed:direct_strength,,28,2.5,70.0,"28CPR 2,5MG"
020305049,BETABIOPTAL*COLL SOSP 5ML,538.07,False,Unresolved,unresolved,other,,,,
030677013,MORFINA CL SALF*5F 10MG 1ML,536.8,True,Authoritative,aifa_ingredient_authoritative,,,,10.0,MORFINA CLORIDRATO 10milligrammi
027388089,"ECOCAIN*50CART 1,8ML ADR 1:50",536.04,False,Unresolved,unresolved,other,,,,
028877013,SELG*OS POLV 4BUST 70G 1LT,536.01,True,Validated,parsed:direct_strength,,4,70000.0,280000.0,4BUST 70G
042507020,ACETILCISTEINA DOC*30BUST600MG,535.83,True,Validated,parsed:direct_strength,,30,600.0,18000.0,30BUST600MG
044108013,PROMAZINA EG*GTT 30ML 4G/100ML,535.15,False,Unresolved,unresolved,other,,,,
042013021,SODIO LEVOFOLINATO ME*FL 4ML,534.46,False,Unresolved,unresolved,other,,,,
041527019,PYLERA*120CPS 140+125+125MG FL,531.65,True,Candidate,parsed:single_value_assumed_unit,,1,125.0,125.0,125MG
039160155,OSSIGENO*CRIOGEN 31LT MOBILE,531.31,False,Unresolved,unresolved,oxygen_gas,,,,
034242103,COSOPT*COLL 20MG/ML+5MG/ML 1FL,528.89,False,Unresolved,unresolved,multi_active_combo,,,,
045985215,LENALIDOMIDE TEVA*21CPS 25MG,528.65,True,Validated,parsed:direct_strength,,21,25.0,525.0,21CPS 25MG
024862106,RYTMONORM*28CPS 425MG RP PVC/A,528.08,True,Authoritative,aifa_ingredient_authoritative,,,,425.0,PROPAFENONE CLORIDRATO 425milligrammi
044715035,DARUNAVIR SAN*30CPR 800MG FL,527.34,True,Validated,parsed:direct_strength,,30,800.0,24000.0,30CPR 800MG
036377012,ITRACONAZOLO TEVA*8CPS 100MG,526.86,True,Validated,parsed:direct_strength,,8,100.0,800.0,8CPS 100MG
039492032,AMOXICILLINA SAND*12CPR RIV 1G,526.71,True,Validated,parsed:direct_strength,,12,1000.0,12000.0,12CPR RIV 1G
031984014,EPIVIR*OS FL 240ML 10MG/ML,525.99,True,Candidate,parsed:implied_unit_vol_conc,,1,2400.0,2400.0,FL 240ML 10MG/ML
042496024,EXAMETASCAN*INIET 6FL 500MCG,524.7,True,Validated,parsed:direct_strength,,6,0.5,3.0,6FL 500MCG
037564085,"XARENEL*OS SOL2FL2,5ML 50000UI",524.4,False,Unresolved,unresolved,other,,,,
022323012,TRITTICO*IM EV 3F 50MG 5ML,522.94,True,Validated,parsed:direct_strength,,3,50.0,150.0,3F 50MG
028464016,"INDOM*COLL 30MONOD 0,5ML 0,5%",522.73,True,Authoritative,aifa_ingredient_authoritative,,,,500.0,INDOMETACINA 0.5grammi
050468014,"NICHEL SOLFATO ALLE*UNG4,7G 5%",522.5,True,Candidate,parsed:single_value_assumed_unit,,1,4700.0,4700.0,"4,7G"
040497291,ATORVASTATINA SA*30CPR RIV20MG,522.28,True,Validated,parsed:direct_strength,,30,20.0,600.0,30CPR RIV20MG
043527023,PLEGRIDY*SC PEN 63MCG+PEN94MCG,521.9,True,Candidate,parsed:single_value_assumed_unit,,1,0.063,0.063,63MCG
034821052,ACETILCISTEINA EG*10F 300MG3ML,519.9,True,Validated,parsed:direct_strength,,10,300.0,3000.0,10F 300MG
030793032,GLUCOSIO*10% 10F 10ML,519.31,False,Unresolved,unresolved,other,,,,
022483147,DEPAKIN*GRAT 30BUST 100MG RM,519.17,True,Validated,parsed:direct_strength,,30,100.0,3000.0,30BUST 100MG
002309033,FOLINA*IM 5F 2ML 15MG,518.94,True,Candidate,parsed:single_value_assumed_unit,,1,15.0,15.0,15MG
043720046,PANTOPRAZOLO DOC*14CPR 40MG,518.68,True,Validated,parsed:direct_strength,,14,40.0,560.0,14CPR 40MG
022559037,LIOMETACEN*EV 6F 50MG+6F 2ML,518.64,True,Validated,parsed:direct_strength,,6,50.0,300.0,6F 50MG
033718053,NIFEDIPINA MY*28CPR 60MG RP,518.57,True,Validated,parsed:direct_strength,,28,60.0,1680.0,28CPR 60MG
037219060,CIPROFLOXACINA MY*10CPR 250MG,515.11,True,Validated,parsed:direct_strength,,10,250.0,2500.0,10CPR 250MG
037794029,XELEVIA*28CPR RIV 25MG,514.8,True,Validated,parsed:direct_strength,,28,25.0,700.0,28CPR RIV 25MG
045124029,SALMETEROLO FLUT MY*25+250MCG,514.62,True,Candidate,parsed:single_value_assumed_unit,,1,0.25,0.25,250MCG
045986080,LENALIDOMIDE SAN*21CPS 5MG,513.74,True,Validated,parsed:direct_strength,,21,5.0,105.0,21CPS 5MG
029720087,"GLICEROLO ALFA*6CONT 6,75G",512.51,True,Candidate,parsed:single_value_assumed_unit,,1,6750.0,6750.0,"6,75G"
041398013,MESTANE*30CPR RIV 25MG,510.65,True,Validated,parsed:direct_strength,,30,25.0,750.0,30CPR RIV 25MG
025373034,HALDOL*30CPR 5MG,509.92,True,Authoritative,aifa_ingredient_authoritative,,,,5.0,ALOPERIDOLO 5milligrammi
032036028,"BROXODIN*COLLUT 250ML 0,2%",508.51,False,Unresolved,unresolved,other,,,,
025624026,MS CONTIN*16CPR 30MG RP,508.4,True,Authoritative,aifa_ingredient_authoritative,,,,30.0,MORFINA SOLFATO 30milligrammi
034624460,CELEBREX*20CPS 200MG,508.03,True,Validated,parsed:direct_strength,,20,200.0,4000.0,20CPS 200MG
019913021,SPIROLANG*10CPS 50MG,508.01,True,Validated,parsed:direct_strength,,10,50.0,500.0,10CPS 50MG
036622013,ETOPOSIDE SAND*EV 5ML 20MG/ML,507.65,False,Unresolved,unresolved,other,,,,
040941027,LEVOFLOXACINA AUR*5CPR 250MG,506.93,True,Validated,parsed:direct_strength,,5,250.0,1250.0,5CPR 250MG
018269050,CARVASIN*50CPR 5MG SUBLINGUALI,506.28,True,Authoritative,aifa_ingredient_authoritative,,,,5.0,ISOSORBIDE DINITRATO 5milligrammi
039576083,ARIA NIPPON GAS*200BAR 14LT VI,505.16,False,Unresolved,unresolved,other,,,,
049443029,SITAGLIPTIN MY*28CPR RIV 25MG,504.34,True,Validated,parsed:direct_strength,,28,25.0,700.0,28CPR RIV 25MG
023578038,TRANDATE*30CPR 200MG,502.58,True,Authoritative,aifa_ingredient_authoritative,,,,200.0,LABETALOLO CLORIDRATO 200milligrammi
039132156,OSSIGENO*COMPR 200BAR 14L AC V,499.81,False,Unresolved,unresolved,oxygen_gas,,,,
004556015,GARDENALE*20CPR 100MG,499.57,True,Validated,parsed:direct_strength,,20,100.0,2000.0,20CPR 100MG
048959112,LACOSAMIDE ZEN*56CPR RIV 200MG,499.31,True,Validated,parsed:direct_strength,,56,200.0,11200.0,56CPR RIV 200MG
034485108,BUPICAIN*10F 2ML 10MG/ML IPERB,499.22,True,Validated,parsed:vol_conc,,10,20.0,200.0,10F 2ML 10MG/ML
039603055,ARIA SOL*200BAR 7LT,499.19,False,Unresolved,unresolved,other,,,,
032004020,CUSIMOLOL*COLL 5ML 5MG/ML,498.52,False,Unresolved,unresolved,other,,,,
049282116,LENALIDOMIDE MY*21CPS 15MG,497.83,True,Validated,parsed:direct_strength,,21,15.0,315.0,21CPS 15MG
042501357,CAPECITABINA MEDAC*120CPR500MG,496.64,True,Validated,parsed:direct_strength,,120,500.0,60000.0,120CPR500MG
023853068,CEFAZOLINA TEVA*EV 1F 1G+10ML,495.0,True,Validated,parsed:direct_strength,,1,1000.0,1000.0,1F 1G
029189065,TPH*EV 20FL 500ML,495.0,False,Unresolved,unresolved,other,,,,
045317120,"AMGEVITA*SC 2SIR 0,4ML 40MG",495.0,True,Candidate,parsed:single_value_assumed_unit,,1,40.0,40.0,40MG
044039269,ENOXAPARINA ROVI*10SIR 10000UI,495.0,False,Unresolved,unresolved,other,,,,
035700119,PAROXETINA EG*28CPR RIV 20MG,494.64,True,Validated,parsed:direct_strength,,28,20.0,560.0,28CPR RIV 20MG
038217143,INOVELON*60CPR DIV 400MG,491.4,True,Validated,parsed:direct_strength,,60,400.0,24000.0,60CPR DIV 400MG
023745096,KANRENOL*20CPR 25MG,490.75,True,Validated,parsed:direct_strength,,20,25.0,500.0,20CPR 25MG
022483200,DEPAKIN*GRAT 30BUST 750MG RM,489.94,True,Validated,parsed:direct_strength,,30,750.0,22500.0,30BUST 750MG
036959094,ZONEGRAN*28CPS 50MG,489.94,True,Validated,parsed:direct_strength,,28,50.0,1400.0,28CPS 50MG
038140012,MYLICONGAS*50CPR MAST 40MG,489.13,True,Validated,parsed:direct_strength,,50,40.0,2000.0,50CPR MAST 40MG
026563080,EBRANTIL*IV 5F 50MG 10ML,488.48,True,Validated,parsed:direct_strength,,5,50.0,250.0,5F 50MG
043412028,PREDNISONE MY*20CPR 5MG,488.43,True,Validated,parsed:direct_strength,,20,5.0,100.0,20CPR 5MG
020660080,FLUIMUCIL ANTIB IN*BB 3F 250MG,488.21,True,Validated,parsed:direct_strength,,3,250.0,750.0,3F 250MG
040724041,ZOFENOPRIL MY*28CPR RIV 30MG,485.36,True,Validated,parsed:direct_strength,,28,30.0,840.0,28CPR RIV 30MG
040904144,RIVASTIGMINA SAN*56CPS 6MG,485.1,True,Validated,parsed:direct_strength,,56,6.0,336.0,56CPS 6MG
035625060,"SIRIO*60CPR EFF 12,5MG+125MG",483.15,True,Validated,parsed:direct_strength,,60,12.5,750.0,"60CPR EFF 12,5MG"
021553019,ENTUMIN*30CPR 40MG,480.3,True,Authoritative,aifa_ingredient_authoritative,,,,40.0,CLOTIAPINA 40milligrammi
036983029,AZILECT*28CPR 1MG,479.82,True,Validated,parsed:direct_strength,,28,1.0,28.0,28CPR 1MG
026915037,ZINNAT*6CPR RIV 500MG,479.7,True,Validated,parsed:direct_strength,,6,500.0,3000.0,6CPR RIV 500MG
021091020,CONTRATHION*EV 10FL 200MG/10ML,479.32,False,Unresolved,unresolved,other,,,,
039438054,LEVOCETIRIZINA SA*20CPR RIV5MG,479.06,True,Validated,parsed:direct_strength,,20,5.0,100.0,20CPR RIV5MG
030764195,ELETT BIL MANT GLU I FKI*500ML,478.31,False,Unresolved,unresolved,other,,,,
027209105,SINVACOR*28CPR RIV 20MG,478.09,True,Authoritative,aifa_ingredient_authoritative,,,,20.0,SIMVASTATINA 20milligrammi
027015155,"EPREX*1SIR 2000UI 0,5ML",477.26,False,Unresolved,unresolved,other,,,,
006979025,BUSCOPAN*30CPR RIV 10MG,476.92,True,Authoritative,aifa_ingredient_authoritative,,,,10.0,SCOPOLAMINA BUTILBROMURO 10milligrammi
033569056,FLUOXETINA SANDOZ*28CPS 20MG,476.6,True,Validated,parsed:direct_strength,,28,20.0,560.0,28CPS 20MG
042564029,TORASEMIDE TEVA*14CPR 10MG,475.58,True,Validated,parsed:direct_strength,,14,10.0,140.0,14CPR 10MG
032921177,FOSTIMON*5FL 300UI/ML+5SIR,473.67,False,Unresolved,unresolved,multi_active_combo,,,,
020676021,INDOXEN*25CPS 50MG,471.5,True,Authoritative,aifa_ingredient_authoritative,,,,50.0,INDOMETACINA 50milligrammi
036638029,CLOZAPINA HEX*28CPR 25MG,467.59,True,Validated,parsed:direct_strength,,28,25.0,700.0,28CPR 25MG
040313126,TACHIPIRINA OROSOL*12BS 500MG,467.56,True,Candidate,parsed:single_value_assumed_unit,,1,500.0,500.0,500MG
033231022,MAGALDRATO MY*OS SOSP 40BUST,466.91,False,Unresolved,unresolved,other,,,,
023907013,BETADINE*SOLUZ VAG 125ML 10%,466.25,False,Unresolved,unresolved,other,,,,
050697010,"DROPERIDOLO SIN*EV 10F 1,25MG",464.31,True,Validated,parsed:direct_strength,,10,1.25,12.5,"10F 1,25MG"
012745042,TACHIPIRINA*BB 10SUPP 250MG,462.12,True,Validated,parsed:direct_strength,,10,250.0,2500.0,10SUPP 250MG
033637380,HUMALOG*JUNIOR 5KWIKPEN100U/ML,460.51,False,Unresolved,unresolved,other,,,,
033482035,ACICLOVIR ABC*CR 10G 5%,460.18,True,Candidate,parsed:single_value_assumed_unit,,1,10000.0,10000.0,10G
041496047,EURARTESIM*12CPR RIV320MG+40MG,459.61,True,Validated,parsed:direct_strength,,12,320.0,3840.0,12CPR RIV320MG
025190012,DITROPAN*30CPR 5MG,458.43,True,Authoritative,aifa_ingredient_authoritative,,,,5.0,OXIBUTININA CLORIDRATO 5milligrammi
026925154,PENTACOL*20SUPP 500MG,458.05,True,Validated,parsed:direct_strength,,20,500.0,10000.0,20SUPP 500MG
035890209,TAUXIB*20CPR RIV 90MG AL/AL,458.01,True,Validated,parsed:direct_strength,,20,90.0,1800.0,20CPR RIV 90MG
025980071,XANAX*20CPR 1MG,458.0,True,Authoritative,aifa_ingredient_authoritative,,,,1.0,ALPRAZOLAM 1milligrammi
048668040,NUSTENDI*90CPR RIV 180MG+10MG,457.35,True,Validated,parsed:direct_strength,,90,180.0,16200.0,90CPR RIV 180MG
030797031,"MAGNESIO SOLFATO*5F 2,5G 10ML",454.62,True,Validated,parsed:direct_strength,,5,2500.0,12500.0,"5F 2,5G"
023491057,MICOTEF*CREMA VAG 30G 2%+APPL,454.44,True,Candidate,parsed:single_value_assumed_unit,,1,30000.0,30000.0,30G
038381582,"RETACRIT*1SIR 3.000UI 0,9ML",454.07,False,Unresolved,unresolved,other,,,,
040433474,QUETIAPINA TE*60CPR 150MG RP,451.3,True,Validated,parsed:direct_strength,,60,150.0,9000.0,60CPR 150MG
027807243,LAMICTAL*28CPR DISPERS 25MG,451.27,True,Authoritative,aifa_ingredient_authoritative,,,,25.0,LAMOTRIGINA 25milligrammi
038500132,VENLAFAXINA TEVA*28CPS 75MG RP,449.75,True,Validated,parsed:direct_strength,,28,75.0,2100.0,28CPS 75MG
045680030,OLAZAX DISPERZI*28CPR OROD10MG,448.14,True,Validated,parsed:direct_strength,,28,10.0,280.0,28CPR OROD10MG
033373010,CALCIODIE*30CPR EFF 1000MG,447.36,True,Validated,parsed:direct_strength,,30,1000.0,30000.0,30CPR EFF 1000MG
024402048,EUTIROX*50CPR 25MCG,446.35,True,Validated,parsed:direct_strength,,50,0.025,1.25,50CPR 25MCG
012812018,ROVIGON*30CPR RIV MAST,444.24,False,Unresolved,unresolved,other,,,,
036355283,CARVEDILOLO EG*30CPR 25MG,443.93,True,Validated,parsed:direct_strength,,30,25.0,750.0,30CPR 25MG
042078170,SILDENAFIL AUR*8CPR RIV 25MG,442.78,True,Validated,parsed:direct_strength,,8,25.0,200.0,8CPR RIV 25MG
049045014,ICATIBANT PIR*SC 1SIR 30MG 3ML,441.4,True,Validated,parsed:direct_strength,,1,30.0,30.0,1SIR 30MG
050096039,SITAGLIPTIN AUR*28CPR RIV 50MG,439.64,True,Validated,parsed:direct_strength,,28,50.0,1400.0,28CPR RIV 50MG
023593054,EN*20CPR 2MG,437.76,True,Authoritative,aifa_ingredient_authoritative,,,,2.0,DELORAZEPAM 2milligrammi
012745055,TACHIPIRINA*BB 10SUPP 500MG,437.18,True,Validated,parsed:direct_strength,,10,500.0,5000.0,10SUPP 500MG
027370067,KLACID*BB GRAT 125MG/5ML 100ML,436.78,False,Unresolved,unresolved,other,,,,
024444034,URSOBIL*20CPS 150MG,435.96,True,Authoritative,aifa_ingredient_authoritative,,,,150.0,ACIDO URSODESOSSICOLICO 150milligrammi
046005031,LEVETIRACETAM EG*OS 300ML+10ML,434.28,False,Unresolved,unresolved,other,,,,
034433096,FAMOTIDINA EG*10CPR RIV 40MG,433.91,True,Validated,parsed:direct_strength,,10,40.0,400.0,10CPR RIV 40MG
010089011,DELTACORTENE*10CPR 5MG,433.24,True,Validated,parsed:direct_strength,,10,5.0,50.0,10CPR 5MG
026697072,RETROVIR*EV 5FL 20ML 200MG,432.45,True,Candidate,parsed:single_value_assumed_unit,,1,200.0,200.0,200MG
020957039,AZATIOPRINA ASP*50CPR RIV 50MG,432.37,True,Authoritative,aifa_ingredient_authoritative,,,,50.0,AZATIOPRINA 50milligrammi
030801017,PAPAVERINA CLORIDR*5F 30MG 2ML,431.83,True,Authoritative,aifa_ingredient_authoritative,,,,30.0,PAPAVERINA CLORIDRATO 30milligrammi
045354040,ABACAVIR MY*60CPR RIV 300MG,431.64,True,Validated,parsed:direct_strength,,60,300.0,18000.0,60CPR RIV 300MG
037793027,JANUVIA*28CPR RIV 25MG,431.6,True,Validated,parsed:direct_strength,,28,25.0,700.0,28CPR RIV 25MG
039961014,"PICOPREP*POLV OS 2BUST 16,1G",431.5,True,Validated,parsed:direct_strength,,2,16100.0,32200.0,"2BUST 16,1G"
040101014,GLAUBRIM*COLL 1FL 5ML 2MG/ML,431.18,True,Validated,parsed:vol_conc,,1,10.0,10.0,1FL 5ML 2MG/ML
030652010,AMINOFILLINA SALF*5F 240MG,429.87,True,Validated,parsed:direct_strength,,5,240.0,1200.0,5F 240MG
045670015,EFAVIRENZ EMT TEN MY*30CPR FL,429.0,False,Unresolved,unresolved,other,,,,
046044020,MUSRELAN*INIET 10SIR 10MG/ML,429.0,False,Unresolved,unresolved,other,,,,
016583027,MIXOTONE*GTT OTO FL+FL 10ML,428.66,False,Unresolved,unresolved,other,,,,
029236066,"MEPICAIN*100CART 1,8ML 3%",427.19,False,Unresolved,unresolved,other,,,,
027457035,"TOBRADEX*GTT AURIC 5ML0,3+0,1%",425.75,False,Unresolved,unresolved,other,,,,
041106042,DACARBAZINA LIPOMED*1FL 1000MG,422.4,True,Validated,parsed:direct_strength,,1,1000.0,1000.0,1FL 1000MG
035039294,KEPPRA*OS 150ML 100MG/ML+SI5ML,422.05,False,Unresolved,unresolved,multi_active_combo,,,,
033224027,ZANEDIP*28CPR RIV 10MG,422.04,True,Validated,parsed:direct_strength,,28,10.0,280.0,28CPR RIV 10MG
033264072,APROVEL*28CPR 300MG,421.55,True,Validated,parsed:direct_strength,,28,300.0,8400.0,28CPR 300MG
050193097,TACROLIMUS EG*60CPS 1MG RP,421.08,True,Validated,parsed:direct_strength,,60,1.0,60.0,60CPS 1MG
036716013,TRUVADA*30CPR RIV 200MG+245MG,420.57,True,Validated,parsed:direct_strength,,30,200.0,6000.0,30CPR RIV 200MG
033987013,LOPERAMIDE HEXAL*30CPS 2MG,420.53,True,Validated,parsed:direct_strength,,30,2.0,60.0,30CPS 2MG
038701090,MIRTAZAPINA DOC*30CPR ORO 30MG,419.42,True,Validated,parsed:direct_strength,,30,30.0,900.0,30CPR ORO 30MG
038935019,FENITOINA HIK*IV5F 5ML 250MG,418.0,True,Candidate,parsed:single_value_assumed_unit,,1,250.0,250.0,250MG
049456066,"SUNITINIB DR*30CPS 12,5MG",417.69,True,Validated,parsed:direct_strength,,30,12.5,375.0,"30CPS 12,5MG"
036697035,TRAMADOLO HCL SA*20CPR100MG RP,417.39,True,Validated,parsed:direct_strength,,20,100.0,2000.0,20CPR100MG
029432061,LIDOSEN*INIET 20MG/ML 50ML,417.25,True,Authoritative,aifa_ingredient_authoritative,,,,20.0,LIDOCAINA CLORIDRATO 20milligrammi
012745079,TACHIPIRINA*PR INF 10SUP 125MG,417.05,True,Candidate,parsed:single_value_assumed_unit,,1,125.0,125.0,125MG
048551055,OSSIGENO*COMPR 200BAR 5LT NF,416.0,False,Unresolved,unresolved,oxygen_gas,,,,
036043014,CITALOPRAM ABC*OS GTT FL 15ML,415.72,False,Unresolved,unresolved,other,,,,
034435014,OXYCONTIN*28CPR 10MG RP,415.08,True,Validated,parsed:direct_strength,,28,10.0,280.0,28CPR 10MG
038926034,"SAFLUTAN*COLL30FL 15MCG/ML 0,3",414.62,False,Unresolved,unresolved,other,,,,
029517012,SOTALOLO HEX*40CPR 80MG,414.4,True,Authoritative,aifa_ingredient_authoritative,,,,80.0,SOTALOLO CLORIDRATO 80milligrammi
039132295,OSSIGENO*COMPR 200BAR 2LT AL V,412.29,False,Unresolved,unresolved,oxygen_gas,,,,
043366018,"DUORESP SPIROMAX*120D 160+4,5",411.68,False,Unresolved,unresolved,other,,,,
033115080,NEOMEDIL*SOL CUT BRUNA 12FL 1L,411.4,False,Unresolved,unresolved,other,,,,
030210013,FUROSEMIDE L.F.M.*30CPR 25MG,411.1,True,Authoritative,aifa_ingredient_authoritative,,,,25.0,FUROSEMIDE 25milligrammi
045321027,ROLUFTA ELLIPTA*1INAL30D 55MCG,410.73,True,Candidate,parsed:single_value_assumed_unit,,1,0.055,0.055,55MCG
034803015,"NEBULCORT*SOLUZ NEBUL 30ML0,1%",410.56,False,Unresolved,unresolved,other,,,,
045838012,ERLOTINIB SAN*30CPR RIV 100MG,407.0,True,Validated,parsed:direct_strength,,30,100.0,3000.0,30CPR RIV 100MG
035815024,"SIRTAP*IM 1FL 1G+1F 3,5ML",403.86,True,Validated,parsed:direct_strength,,1,1000.0,1000.0,1FL 1G
034836027,MESALAZINA SAND*SOSP RETT7FL2G,402.86,True,Validated,parsed:direct_strength,,7,2000.0,14000.0,7FL2G
025462019,JUMEX*50CPR 5MG,402.42,True,Authoritative,aifa_ingredient_authoritative,,,,5.0,SELEGILINA CLORIDRATO 5milligrammi
044710010,ROLDAP*28CPR 1MG,400.92,True,Validated,parsed:direct_strength,,28,1.0,28.0,28CPR 1MG
039149125,VALACICLOVIR SAND*21CPR 1000MG,400.4,True,Validated,parsed:direct_strength,,21,1000.0,21000.0,21CPR 1000MG
038904900,OSSIGENO*COMPR 200BAR 2L AL VR,399.36,False,Unresolved,unresolved,oxygen_gas,,,,
036996039,"PATROL*20CPR RIV 37,5MG+325MG",398.5,True,Validated,parsed:direct_strength,,20,37.5,750.0,"20CPR RIV 37,5MG"
023578014,TRANDATE*30CPR 100MG,396.51,True,Authoritative,aifa_ingredient_authoritative,,,,100.0,LABETALOLO CLORIDRATO 100milligrammi
045788015,VERASEAL*ADESIVO TISS 2SIR 2ML,396.0,False,Unresolved,unresolved,other,,,,
048081018,AMBRISENTAN VI*30CPR RIV 5MG,396.0,True,Validated,parsed:direct_strength,,30,5.0,150.0,30CPR RIV 5MG
030724090,"SODIO BICARB SALF*8,4% FL100ML",394.35,False,Unresolved,unresolved,other,,,,
038660027,EFFENTORA*28CPR MUCOSAOS100MCG,393.93,True,Validated,parsed:direct_strength,,28,0.1,2.8,28CPR MUCOSAOS100MCG
023145016,SINEMET*50CPR 250MG+25MG,393.88,True,Validated,parsed:direct_strength,,50,250.0,12500.0,50CPR 250MG
034408017,"BIFRIL*12CPR RIV 7,5MG",393.84,True,Validated,parsed:direct_strength,,12,7.5,90.0,"12CPR RIV 7,5MG"
035195217,METFORMINA TEVA*50CPR 500MG,392.07,True,Validated,parsed:direct_strength,,50,500.0,25000.0,50CPR 500MG
004758025,PURSENNID*40CPR RIV 12MG,391.68,True,Authoritative,aifa_ingredient_authoritative,,,,12.0,SENNA FOGLIA (GLUCOSIDI PURI) 12milligrammi
025212010,GLAZIDIM*IM 1FL 250MGL+1F 1ML,389.62,True,Validated,parsed:direct_strength,,1,250.0,250.0,1FL 250MG
030757025,ACQUA PI FKI*1FL 100ML,389.16,False,Unresolved,unresolved,other,,,,
044112023,AMIODARONE AURO*20CPR 200MG,387.88,True,Validated,parsed:direct_strength,,20,200.0,4000.0,20CPR 200MG
036290017,SCABIACID*CREMA 30G 5%,387.17,True,Candidate,parsed:single_value_assumed_unit,,1,30000.0,30000.0,30G
023503030,"FLUATON*COLL20MONO 0,4ML1MG/ML",386.5,False,Unresolved,unresolved,other,,,,
022867016,FLUNOX*20CPS 30MG,385.16,True,Authoritative,aifa_ingredient_authoritative,,,,30.0,FLURAZEPAM MONOCLORIDRATO 30milligrammi
021115023,CTARD*60CPS 500MG RP FL,383.74,True,Validated,parsed:direct_strength,,60,500.0,30000.0,60CPS 500MG
003785045,DOBETIN*IM 5F 5000MCG/2ML,382.94,False,Unresolved,unresolved,other,,,,
040335022,VERSATIS*10CEROTTI MED 700MG,382.02,True,Validated,parsed:direct_strength,,10,700.0,7000.0,10CEROTTI MED 700MG
027831039,LACIREX*28CPR RIV DIV 4MG,381.83,True,Authoritative,aifa_ingredient_authoritative,,,,4.0,LACIDIPINA 4milligrammi
024608061,NIFEDICOR*OS GTT 30ML 20MG/ML,380.87,True,Candidate,parsed:implied_unit_vol_conc,,1,600.0,600.0,GTT 30ML 20MG/ML
049883109,"WEGOVY*SC 1PEN 3ML 2,4MG/D+4AG",379.98,False,Unresolved,unresolved,multi_active_combo,,,,
040580019,MOXIFLOXACINA TE*5CPR 400MG,378.97,True,Validated,parsed:direct_strength,,5,400.0,2000.0,5CPR 400MG
040592089,METFORMINA AUR*60CPR RIV1000MG,377.93,True,Validated,parsed:direct_strength,,60,1000.0,60000.0,60CPR RIV1000MG
039300049,"AZOTO PROTOSS*BOMB LIQ 7,50KG",376.12,False,Unresolved,unresolved,other,,,,
025728015,ALMARYTM*20CPR 100MG,374.16,True,Validated,parsed:direct_strength,,20,100.0,2000.0,20CPR 100MG
046221026,MOMECORT*SPRAY NAS 140D 50MCG,374.15,True,Candidate,parsed:single_value_assumed_unit,,1,0.05,0.05,50MCG
046457038,TEICOPLANINA AL*1FL 200MG+F3ML,373.78,True,Validated,parsed:direct_strength,,1,200.0,200.0,1FL 200MG
035374040,CEFOTAXIMA TEVA*IM 1F 1G+F 4ML,372.72,True,Validated,parsed:direct_strength,,1,1000.0,1000.0,1F 1G
044813020,SCAVER*4CPR 3MG,372.19,True,Validated,parsed:direct_strength,,4,3.0,12.0,4CPR 3MG
041438060,MEDIKINET*30CPS 20MG RM,371.18,True,Validated,parsed:direct_strength,,30,20.0,600.0,30CPS 20MG
039153123,"REUMAFLEX*10MG 0,20ML SC 4SIR",369.24,True,Candidate,parsed:single_value_assumed_unit,,1,10.0,10.0,10MG
030805206,SODIO CLORURO*3% 250ML,366.93,False,Unresolved,unresolved,other,,,,
025682028,ENAPREN*14CPR 20MG,366.9,True,Validated,parsed:direct_strength,,14,20.0,280.0,14CPR 20MG
024488090,ZAROXOLYN*50CPR 10MG,366.31,True,Authoritative,aifa_ingredient_authoritative,,,,10.0,METOLAZONE 10milligrammi
050193150,TACROLIMUS EG*30CPS 3MG RP,366.3,True,Validated,parsed:direct_strength,,30,3.0,90.0,30CPS 3MG
015050014,FUNGIZONE*IV FL POLV 50MG 10ML,365.9,True,Authoritative,aifa_ingredient_authoritative,,,,50.0,AMFOTERICINA B 50milligrammi
026697058,RETROVIR*SCIR 200ML 100MG/10ML,364.32,False,Unresolved,unresolved,other,,,,
045834052,"SUNITINIB TEVA*30CPS 12,5MG FL",363.66,True,Validated,parsed:direct_strength,,30,12.5,375.0,"30CPS 12,5MG"
025373059,HALDOL*OS GTT 30ML 2MG/ML,359.8,True,Candidate,parsed:implied_unit_vol_conc,,1,60.0,60.0,GTT 30ML 2MG/ML
042471021,EKLIRA GENUAIR*INAL 60D 322MCG,359.63,True,Candidate,parsed:single_value_assumed_unit,,1,0.322,0.322,322MCG
042258095,CELECOXIB ZENTIVA*20CPS 200MG,359.48,True,Validated,parsed:direct_strength,,20,200.0,4000.0,20CPS 200MG
043173032,FLUENZ TETRA*1SPRAY NAS 23-24,356.4,False,Unresolved,unresolved,other,,,,
045966037,EMMARIN*SPRAY NAS 140D 50MCG,356.24,True,Candidate,parsed:single_value_assumed_unit,,1,0.05,0.05,50MCG
016479040,AKINETON FIALE*IM EV 5F 5MG/ML,355.72,False,Unresolved,unresolved,other,,,,
043128356,LEVODOPA CAR ENT TE*100MG+25+,355.54,True,Candidate,parsed:single_value_assumed_unit,,1,100.0,100.0,100MG
028853012,CONTRAMAL*20CPS 50MG,355.21,True,Validated,parsed:direct_strength,,20,50.0,1000.0,20CPS 50MG
042927071,IMNOVID*14CPS 3MG,354.79,True,Validated,parsed:direct_strength,,14,3.0,42.0,14CPS 3MG
026073039,URSOFLOR*20CPR 450MG RP,354.46,True,Authoritative,aifa_ingredient_authoritative,,,,450.0,ACIDO URSODESOSSICOLICO 450milligrammi
023593015,"EN*20CPR 0,5MG",353.53,True,Authoritative,aifa_ingredient_authoritative,,,,0.5,DELORAZEPAM 0.5milligrammi
043410048,PREDNISONE ZENT*10CPR 25MG,353.26,True,Validated,parsed:direct_strength,,10,25.0,250.0,10CPR 25MG
028931032,ACIDO URSOD DOC*20CPS 450MG RM,353.21,True,Validated,parsed:direct_strength,,20,450.0,9000.0,20CPS 450MG
038646016,FLUCONAZOLO MY*10CPS 100MG,353.1,True,Validated,parsed:direct_strength,,10,100.0,1000.0,10CPS 100MG
034171102,BUPISEN*10F 10ML 5MG/ML,352.85,True,Validated,parsed:vol_conc,,10,50.0,500.0,10F 10ML 5MG/ML
049638113,PIRFENIDONE SAN*84CPR 801MG,352.0,True,Validated,parsed:direct_strength,,84,801.0,67284.0,84CPR 801MG
041260100,"RIVASTIGMINA MY*30CER 4,6MG",351.38,True,Validated,parsed:direct_strength,,30,4.6,138.0,"30CER 4,6MG"
034668044,"SELEDIE*2SIR 15200UI AXA/0,8ML",351.12,False,Unresolved,unresolved,other,,,,
023475128,ACETAMOL*16CPR EFF DIV 1000MG,350.63,True,Authoritative,aifa_ingredient_authoritative,,,,1000.0,PARACETAMOLO 1000milligrammi
014371037,CORSODYL*SOLUZ 150ML 200MG/100,350.42,False,Unresolved,unresolved,other,,,,
023070016,MODURETIC*20CPR 5MG+50MG,349.53,True,Authoritative,aifa_ingredient_authoritative,,,,5.0,AMILORIDE CLORIDRATO 5milligrammi
047494366,"INNOHEP*10SIR 18000UI/0,9ML",349.17,False,Unresolved,unresolved,other,,,,
047486030,FARPENTA*28CPR 5MG,348.59,True,Validated,parsed:direct_strength,,28,5.0,140.0,28CPR 5MG
004308019,ANTABUSE DISPERGETTES*24CPR EF,348.1,True,Authoritative,aifa_ingredient_authoritative,,,,4000.0,DISULFIRAM 4000milligrammi
038947242,BIVIS*28CPR RIV 40MG+10MG,347.94,True,Validated,parsed:direct_strength,,28,40.0,1120.0,28CPR RIV 40MG
040886044,EXEMESTANE MY*30CPR RIV 25MG,346.5,True,Validated,parsed:direct_strength,,30,25.0,750.0,30CPR RIV 25MG
027286210,COVERSYL*30CPR RIV 5MG FL,344.72,True,Validated,parsed:direct_strength,,30,5.0,150.0,30CPR RIV 5MG
032944136,SEROQUEL*60CPR 200MG RP,344.45,True,Validated,parsed:direct_strength,,60,200.0,12000.0,60CPR 200MG
033871017,CALCIO CARB EG*30CPR EFF 1G,344.18,True,Validated,parsed:direct_strength,,30,1000.0,30000.0,30CPR EFF 1G
031848056,TRUSOPT*OFT 1FL 5ML 2%,343.41,False,Unresolved,unresolved,other,,,,
029393016,LOSAPREX*28CPR RIV 50MG,341.49,True,Validated,parsed:direct_strength,,28,50.0,1400.0,28CPR RIV 50MG
022579142,"CALCIPARINA*10SIR 5000UI 0,2ML",340.86,False,Unresolved,unresolved,other,,,,
034485084,BUPICAIN*10F 10ML 5MG/ML,338.96,True,Validated,parsed:vol_conc,,10,50.0,500.0,10F 10ML 5MG/ML
043627025,FLOXIGEN*COLL 20MONOD 3MG/ML,338.21,False,Unresolved,unresolved,other,,,,
035629029,SUFENTANIL HAM*EV 5F 250MCG5ML,336.83,True,Validated,parsed:direct_strength,,5,0.25,1.25,5F 250MCG
049290087,SITAGLIPTIN MET SAN*50+1000MG,336.15,True,Candidate,parsed:single_value_assumed_unit,,1,1000.0,1000.0,1000MG
043941020,"DUTASTERIDE EG*30CPS 0,5MG",334.66,True,Validated,parsed:direct_strength,,30,0.5,15.0,"30CPS 0,5MG"
038448080,TESAVEL*28CPR RIV 50MG,333.82,True,Validated,parsed:direct_strength,,28,50.0,1400.0,28CPR RIV 50MG
041045079,ROBILAS*20CPR ORODISP 10MG,333.64,True,Validated,parsed:direct_strength,,20,10.0,200.0,20CPR ORODISP 10MG
034972556,NEXIUM*OS GRATxSOSP28BUST 10MG,332.64,True,Validated,parsed:direct_strength,,28,10.0,280.0,28BUST 10MG
043811037,ELIPSODOX*28CPR 20MG+10MG RP,331.69,True,Validated,parsed:direct_strength,,28,20.0,560.0,28CPR 20MG
044876050,"BOSENTAN AUR*56CPR RIV 62,5MG",331.56,True,Validated,parsed:direct_strength,,56,62.5,3500.0,"56CPR RIV 62,5MG"
041402013,LEVETIRACETAM RAT*OS300ML+10ML,331.52,False,Unresolved,unresolved,other,,,,
028831055,EFEXOR*14CPS 75MG RP,331.41,True,Validated,parsed:direct_strength,,14,75.0,1050.0,14CPS 75MG
043295043,FUCIMIXBETA*CREMA 60G 20+1MG/G,330.52,True,Candidate,parsed:single_value_assumed_unit,,1,60000.0,60000.0,60G
045616063,"IMRALDI*SC 2PEN 0,8ML 40MG",330.0,True,Candidate,parsed:single_value_assumed_unit,,1,40.0,40.0,40MG
024862017,RYTMONORM*30CPR RIV 150MG,327.87,True,Authoritative,aifa_ingredient_authoritative,,,,150.0,PROPAFENONE CLORIDRATO 150milligrammi
039789110,UROREC*30CPS 8MG,327.76,True,Validated,parsed:direct_strength,,30,8.0,240.0,30CPS 8MG
035314020,STRIALISIN*IM 10F 4MG 2ML,327.57,True,Validated,parsed:direct_strength,,10,4.0,40.0,10F 4MG
020731081,MOGADON*20CPR 5MG,326.47,True,Authoritative,aifa_ingredient_authoritative,,,,5.0,NITRAZEPAM 5milligrammi
025474014,ANSIMAR*20CPR 400MG,325.79,True,Authoritative,aifa_ingredient_authoritative,,,,400.0,DOXOFILLINA 400milligrammi
030650016,"ADRENALINA SALF*5F 0,5MG 1ML",325.61,True,Validated,parsed:direct_strength,,5,0.5,2.5,"5F 0,5MG"
012745067,TACHIPIRINA*AD 10SUPP 1000MG,325.23,True,Validated,parsed:direct_strength,,10,1000.0,10000.0,10SUPP 1000MG
010089047,DELTACORTENE*20CPR 5MG,323.59,True,Validated,parsed:direct_strength,,20,5.0,100.0,20CPR 5MG
037700010,"TIMOGEL*GEL OFT 30D 0,4G 1MG/G",323.48,True,Candidate,parsed:single_value_assumed_unit,,1,400.0,400.0,"0,4G"
039319013,BROMAZEPAM ABC*OS GTT FL 20ML,323.41,False,Unresolved,unresolved,other,,,,
034168169,DETRUSITOL*RETARD 14CPS 4MG,323.4,True,Validated,parsed:direct_strength,,14,4.0,56.0,14CPS 4MG
024273056,LUVION*20CPS 100MG,322.46,True,Validated,parsed:direct_strength,,20,100.0,2000.0,20CPS 100MG
033484027,TWICE*16CPS 30MG RP,322.3,True,Validated,parsed:direct_strength,,16,30.0,480.0,16CPS 30MG
044425080,STILNOX*30CPR RIV 10MG,321.9,True,Validated,parsed:direct_strength,,30,10.0,300.0,30CPR RIV 10MG
049442054,ONTOZRY*14CPR RIV 100MG,321.86,True,Validated,parsed:direct_strength,,14,100.0,1400.0,14CPR RIV 100MG
042470029,BRETARIS GENUAIR*INAL 60 DOSI,321.83,False,Unresolved,unresolved,other,,,,
021076070,"EPARMEFOLIN*AD IM EV6F+6F1,5ML",321.78,False,Unresolved,unresolved,other,,,,
036824023,"ZANTIPRIDE*28CPR RIV 30MG+12,5",320.71,True,Validated,parsed:direct_strength,,28,30.0,840.0,28CPR RIV 30MG
044407310,ARIPIPRAZOLO SAND*28CPR 15MG,320.52,True,Validated,parsed:direct_strength,,28,15.0,420.0,28CPR 15MG
031113020,CASODEX*28CPR RIV 150MG,317.98,True,Authoritative,aifa_ingredient_authoritative,,,,150.0,BICALUTAMIDE 150milligrammi
023060027,PROGLICEM*100CPS 25MG,317.66,True,Authoritative,aifa_ingredient_authoritative,,,,25.0,DIAZOSSIDO 25milligrammi
025327026,FLEXIBAN*30CPR RIV 10MG,317.22,True,Authoritative,aifa_ingredient_authoritative,,,,10.0,CICLOBENZAPRINA CLORIDRATO 10milligrammi
044998021,CASPOFUNGIN HIK*EV FL 70MG,316.8,True,Candidate,parsed:single_value_assumed_unit,,1,70.0,70.0,70MG
037685029,WELLBUTRIN*30CPR 150MG RM FL,316.77,True,Validated,parsed:direct_strength,,30,150.0,4500.0,30CPR 150MG
035767375,CIPRALEX*28CPR RIV 20MG BLIS B,316.54,True,Validated,parsed:direct_strength,,28,20.0,560.0,28CPR RIV 20MG
038947139,BIVIS*28CPR RIV 40MG+5MG,316.08,True,Validated,parsed:direct_strength,,28,40.0,1120.0,28CPR RIV 40MG
003488057,ARTANE*50CPR 2MG,315.68,True,Authoritative,aifa_ingredient_authoritative,,,,2.0,TRIESIFENIDILE CLORIDRATO 2milligrammi
035668058,SPIRIVA*30CPS 18MCG HANDIHALER,315.3,True,Validated,parsed:direct_strength,,30,0.018,0.54,30CPS 18MCG
040592040,METFORMINA AUR*60CPR RIV1000MG,314.35,True,Validated,parsed:direct_strength,,60,1000.0,60000.0,60CPR RIV1000MG
045681018,OLAZAX*28CPR 5MG,314.31,True,Validated,parsed:direct_strength,,28,5.0,140.0,28CPR 5MG
028330013,AKINETON*60CPR 2MG,313.14,True,Validated,parsed:direct_strength,,60,2.0,120.0,60CPR 2MG
049404116,DEFERASIROX SAN*30CPR 180MG,312.06,True,Validated,parsed:direct_strength,,30,180.0,5400.0,30CPR 180MG
039125051,"ZARZIO*1SIR 48MU 0,5ML",311.96,False,Unresolved,unresolved,other,,,,
040180147,ALLOPURINOLO TEVA*30CPR 300MG,311.13,True,Validated,parsed:direct_strength,,30,300.0,9000.0,30CPR 300MG
027480019,NEOTIGASON*30CPS 10MG,308.21,True,Authoritative,aifa_ingredient_authoritative,,,,10.0,ACITRETINA 10milligrammi
029453038,SANDIMMUN NEORAL*30CPS 100MG,307.41,True,Authoritative,aifa_ingredient_authoritative,,,,100.0,CICLOSPORINA 100milligrammi
006774032,"EFFORTIL*OS GTT 15G 7,5MG/ML",307.28,True,Candidate,parsed:single_value_assumed_unit,,1,15000.0,15000.0,15G
038217093,INOVELON*60CPR RIV 200MG,307.11,True,Validated,parsed:direct_strength,,60,200.0,12000.0,60CPR RIV 200MG
047513015,RINOFF*SPRAY NAS 60D 50MCG,305.43,True,Candidate,parsed:single_value_assumed_unit,,1,0.05,0.05,50MCG
023142045,MADOPAR*30CPS 100MG+25MG RP,304.38,True,Validated,parsed:direct_strength,,30,100.0,3000.0,30CPS 100MG
033999020,VIRAMUNE*OS SOSP240ML 50MG/5ML,304.08,False,Unresolved,unresolved,other,,,,
044092043,EPLERENONE DOC*30CPR RIV 25MG,303.73,True,Validated,parsed:direct_strength,,30,25.0,750.0,30CPR RIV 25MG
030805105,"SODIO CLORURO*0,9% 100ML",303.53,False,Unresolved,unresolved,other,,,,
041260148,"RIVASTIGMINA MY*30CER 9,5MG",303.32,True,Validated,parsed:direct_strength,,30,9.5,285.0,"30CER 9,5MG"
044584011,TENOFOVIR DISOPROXIL SAN*30CPR,301.95,False,Unresolved,unresolved,other,,,,
026821013,CARDURA*30CPR DIV 2MG,301.54,True,Validated,parsed:direct_strength,,30,2.0,60.0,30CPR DIV 2MG
015784097,BIOCHETASI*OS GRAT EFF 18BUST,300.62,False,Unresolved,unresolved,other,,,,
033378035,ATENOLOLO ABC*50CPR RIV 100MG,299.99,True,Validated,parsed:direct_strength,,50,100.0,5000.0,50CPR RIV 100MG
038381620,"RETACRIT*1SIR 5.000UI 0,5ML",299.75,False,Unresolved,unresolved,other,,,,
026009047,LEVOPRAID*20CPR 100MG,297.94,True,Validated,parsed:direct_strength,,20,100.0,2000.0,20CPR 100MG
030779108,ACQUA PI*1FL 100ML,297.82,False,Unresolved,unresolved,other,,,,
038944183,OSSIGENO*COMPR 200BAR 14LT VAL,297.31,False,Unresolved,unresolved,oxygen_gas,,,,
032644078,FARVICETT*SOL 400BUST 25ML,297.14,False,Unresolved,unresolved,other,,,,
045877026,FEBUXOSTAT EG*28CPR RIV 80MG,296.01,True,Validated,parsed:direct_strength,,28,80.0,2240.0,28CPR RIV 80MG
041808039,DYMISTA*SPRAY NAS 1FL 23G 120D,295.68,True,Validated,parsed:direct_strength,,1,23000.0,23000.0,1FL 23G
028962013,LACTEOL*20CPS 5MLD,295.28,False,Unresolved,unresolved,other,,,,
034430328,NEORECORMON*IV SC 6SIR 3000UI,295.0,False,Unresolved,unresolved,other,,,,
039053020,GRANISETRON KABI*5F 1MG/ML 3ML,293.79,False,Unresolved,unresolved,other,,,,
025464049,FLANTADIN*10CPR 30MG,293.04,True,Authoritative,aifa_ingredient_authoritative,,,,30.0,DEFLAZACORT 30milligrammi
004763544,ASPIRINA*OS GRAT 20BUST 500MG,292.48,True,Validated,parsed:direct_strength,,20,500.0,10000.0,20BUST 500MG
042116222,ESCITALOPRAM TE*28CPR RIV 10MG,292.34,True,Validated,parsed:direct_strength,,28,10.0,280.0,28CPR RIV 10MG
029858038,"NALOXONE CLOR GS*5F 0,04MG 2ML",291.77,True,Validated,parsed:direct_strength,,5,0.04,0.2,"5F 0,04MG"
040278020,GEMSOL*INF5FL200MG 5ML 40MG/ML,291.72,True,Validated,parsed:direct_strength,,5,200.0,1000.0,5FL200MG
037563057,FENPATCH*3CER 50MCG/ORA,291.54,False,Unresolved,unresolved,other,,,,
041438084,MEDIKINET*30CPS 30MG RM,290.46,True,Validated,parsed:direct_strength,,30,30.0,900.0,30CPS 30MG
021033016,REOMAX*20CPR 50MG,290.04,True,Authoritative,aifa_ingredient_authoritative,,,,50.0,ACIDO ETACRINICO 50milligrammi
033451168,BLOPRESS*28CPR 8MG,289.97,True,Validated,parsed:direct_strength,,28,8.0,224.0,28CPR 8MG
044558245,ENTRESTO*BB 60CPS 15MG+16MG,289.92,True,Validated,parsed:direct_strength,,60,15.0,900.0,60CPS 15MG
037576028,"CABERGOLINA RAT*8CPR 0,5MG FL",289.79,True,Validated,parsed:direct_strength,,8,0.5,4.0,"8CPR 0,5MG"
034435139,OXYCONTIN*28CPR 40MG RP,289.4,True,Validated,parsed:direct_strength,,28,40.0,1120.0,28CPR 40MG
049360100,LENALIDOMIDE GRIN*21CPS 15MG,288.32,True,Validated,parsed:direct_strength,,21,15.0,315.0,21CPS 15MG
021643034,ANAFRANIL*IM IV 5F 2ML 25MG,287.62,True,Candidate,parsed:single_value_assumed_unit,,1,25.0,25.0,25MG
026965083,ULTRAVIST*INF 50ML 370MG/ML,286.0,False,Unresolved,unresolved,other,,,,
035194063,"SYMBICORT TURB*120D 160+4,5MCG",285.65,True,Candidate,parsed:single_value_assumed_unit,,1,0.0045,0.0045,"4,5MCG"
024639041,VEPESID*10CPS MOLLI 100MG,285.52,True,Authoritative,aifa_ingredient_authoritative,,,,100.0,ETOPOSIDE 100milligrammi
042789228,VORICONAZOLO SA*28CPR RIV200MG,284.8,True,Validated,parsed:direct_strength,,28,200.0,5600.0,28CPR RIV200MG
044164224,DOLSTIP*28CPR 20MG+10MG RP,284.58,True,Validated,parsed:direct_strength,,28,20.0,560.0,28CPR 20MG
034415240,"PHYSIONEAL*40 GL D2,5LT2,27%+L",283.92,False,Unresolved,unresolved,other,,,,
025230083,DECORENONE*OS 10FL 50MG,283.14,True,Authoritative,aifa_ingredient_authoritative,,,,50.0,UBIDECARENONE 50milligrammi
038257085,ZUGLIMET*40CPR RIV 850MG,282.38,True,Validated,parsed:direct_strength,,40,850.0,34000.0,40CPR RIV 850MG
044648095,"NUCALA*SC 1SIR 40MG 0,4ML",282.23,True,Validated,parsed:direct_strength,,1,40.0,40.0,1SIR 40MG
037092549,RISPERIDONE TE*60CPR RIV 4MG,281.79,True,Validated,parsed:direct_strength,,60,4.0,240.0,60CPR RIV 4MG
034702098,ARAVA*3CPR RIV 100MG,281.71,True,Validated,parsed:direct_strength,,3,100.0,300.0,3CPR RIV 100MG
041673169,"NIMVASTID*56CPS 4,5MG",280.83,True,Validated,parsed:direct_strength,,56,4.5,252.0,"56CPS 4,5MG"
035268010,NERIXIA*IM EV 1F 25MG,280.67,True,Validated,parsed:direct_strength,,1,25.0,25.0,1F 25MG
042461057,PARACETAMOLO DOC*16CPR 1000MG,280.5,True,Validated,parsed:direct_strength,,16,1000.0,16000.0,16CPR 1000MG
034242077,COSOPT*COLL S/CONS 20MG+5MG/ML,280.2,True,Candidate,parsed:single_value_assumed_unit,,1,20.0,20.0,20MG
050781234,ROTIGOTINA DOC*28CER 6MG/24H,279.63,False,Unresolved,unresolved,other,,,,
031825021,TACHIDOL*AD 10BUST 500MG+30MG,279.18,True,Authoritative,aifa_ingredient_authoritative,,,,30.0,CODEINA FOSFATO 30milligrammi
043081013,TOPIRAMATO AUR*60CPR RIV 25MG,276.67,True,Validated,parsed:direct_strength,,60,25.0,1500.0,60CPR RIV 25MG
023651058,CALISVIT*OS 10FL 12ML 200UI,275.84,False,Unresolved,unresolved,other,,,,
004535213,XYLOCAINA*INIET 5F 5ML 20MG/ML,275.0,True,Validated,parsed:vol_conc,,5,100.0,500.0,5F 5ML 20MG/ML
020163349,LOCALYN*GTT AURICOLARI FL 20ML,274.52,False,Unresolved,unresolved,other,,,,
030649127,ACQUA PI SALF*1FL 500ML,274.51,False,Unresolved,unresolved,other,,,,
047147071,EZETIMIBE SIM ZEN*30CPR10+40MG,274.19,True,Candidate,parsed:single_value_assumed_unit,,1,40.0,40.0,40MG
039110147,OSSIGENO*CRIOGEN 46LT MOBILE,273.05,False,Unresolved,unresolved,oxygen_gas,,,,
029319023,CLISMA FLEET PRONTO USO*4FLAC,272.36,False,Unresolved,unresolved,other,,,,
035444191,"DAPAROX*OS GTT 18,5ML33,1MG/ML",271.07,True,Candidate,parsed:implied_unit_vol_conc,,1,612.35,612.35,"GTT 18,5ML33,1MG/ML"
028262018,DIURESIX*14CPR DIV 10MG,270.66,True,Authoritative,aifa_ingredient_authoritative,,,,10.0,TORASEMIDE 10milligrammi
045276033,ENTECAVIR DOC*30CPR RIV 1MG,269.97,True,Validated,parsed:direct_strength,,30,1.0,30.0,30CPR RIV 1MG
041692029,LANSOPRAZOLO MY*14CPR ORO 15MG,268.74,True,Validated,parsed:direct_strength,,14,15.0,210.0,14CPR ORO 15MG
042022590,ESCITALOPRAM SA*28CPR RIV 20MG,268.67,True,Validated,parsed:direct_strength,,28,20.0,560.0,28CPR RIV 20MG
025624038,MS CONTIN*16CPR 60MG RP,268.41,True,Authoritative,aifa_ingredient_authoritative,,,,60.0,MORFINA SOLFATO 60milligrammi
046269142,SILODOSINA TEVA*30CPS 8MG,268.08,True,Validated,parsed:direct_strength,,30,8.0,240.0,30CPS 8MG
037563133,FENPATCH*3CER 100MCG/ORA,267.67,False,Unresolved,unresolved,other,,,,
039538018,ADENURIC*28CPR RIV 80MG,266.37,True,Validated,parsed:direct_strength,,28,80.0,2240.0,28CPR RIV 80MG
032023020,TOPAMAX*60CPR RIV 50MG,266.1,True,Validated,parsed:direct_strength,,60,50.0,3000.0,60CPR RIV 50MG
045104092,INHIXA*2SIR 10000UI 1ML,265.98,False,Unresolved,unresolved,other,,,,
037931021,FLUCONAZOLO ABC*2CPS 150MG,265.3,True,Validated,parsed:direct_strength,,2,150.0,300.0,2CPS 150MG
037518127,TIORFIX*BB 16BUST GRAT 10MG,264.83,True,Validated,parsed:direct_strength,,16,10.0,160.0,16BUST GRAT 10MG
000590012,"RINAZINA*AD GTT 10ML 10MG 0,1%",264.28,True,Candidate,parsed:single_value_assumed_unit,,1,10.0,10.0,10MG
032072062,"HYALISTIL*0,2% COLL FL 5ML",264.18,False,Unresolved,unresolved,other,,,,
028755078,LIMPIDEX*14CPR OROD GASTR 15MG,263.42,True,Authoritative,aifa_ingredient_authoritative,,,,15.0,LANSOPRAZOLO 15milligrammi
023907138,BETADINE*GEL 100G 10%,262.93,True,Candidate,parsed:single_value_assumed_unit,,1,100000.0,100000.0,100G
029851084,"MOVICOL*CIOCCOL BB 20BUST 6,9G",262.9,True,Authoritative,aifa_ingredient_authoritative,,,,13125.0,MACROGOL 3350 13.125grammi
026141147,NEODUPLAMOX*12CPR RIV875+125MG,262.3,True,Candidate,parsed:single_value_assumed_unit,,1,125.0,125.0,125MG
023181023,VOLTAREN*10SUPP 100MG,262.3,True,Validated,parsed:direct_strength,,10,100.0,1000.0,10SUPP 100MG
029816016,SODIO BICARB*50CPR 500MG,261.82,True,Authoritative,aifa_ingredient_authoritative,,,,500.0,SODIO BICARBONATO 500milligrammi
030917090,ELETTROL EQUIL PED*30FL 250ML,261.69,False,Unresolved,unresolved,other,,,,
034895019,TIOCOLCHICOSIDE DOC*IM 6F 4MG,261.0,True,Validated,parsed:direct_strength,,6,4.0,24.0,6F 4MG
026689051,CROMATONFERRO*30CPR EFF 80MG,259.21,True,Validated,parsed:direct_strength,,30,80.0,2400.0,30CPR EFF 80MG
019954015,ALDOMET*30CPR RIV 500MG,258.37,True,Validated,parsed:direct_strength,,30,500.0,15000.0,30CPR RIV 500MG
028299028,"IMOVANE*14CPR RIV DIV 7,5MG",257.92,True,Authoritative,aifa_ingredient_authoritative,,,,7.5,ZOPICLONE 7.5milligrammi
037143017,PRAVASTATINA ZENT*10CPR 20MG,257.68,True,Validated,parsed:direct_strength,,10,20.0,200.0,10CPR 20MG
039557032,ARIA AIR LIQUIDE*200BAR 5LT,256.88,False,Unresolved,unresolved,other,,,,
038919015,VIMPAT*14CPR RIV 50MG,256.73,True,Validated,parsed:direct_strength,,14,50.0,700.0,14CPR RIV 50MG
027377023,PROCTOSOLL*CREMA RETT 30G OTC,256.08,True,Candidate,parsed:single_value_assumed_unit,,1,30000.0,30000.0,30G
027892138,SALMETEDUR*SOSP INAL 120EROG,255.58,False,Unresolved,unresolved,other,,,,
047187051,SLENYTO*30CPR 1MG RP,255.48,True,Validated,parsed:direct_strength,,30,1.0,30.0,30CPR 1MG
043446057,REVINTY ELL*INAL 184+22MCG 30D,255.24,True,Candidate,parsed:single_value_assumed_unit,,1,0.022,0.022,22MCG
029866249,MANNITOLO*18% FL 500ML,255.2,False,Unresolved,unresolved,other,,,,
045120159,OLMAMPID*28CPR RIV 40MG+10MG,254.84,True,Validated,parsed:direct_strength,,28,40.0,1120.0,28CPR RIV 40MG
036002018,LORAZEPAM DOC*20CPR RIV 1MG,254.33,True,Validated,parsed:direct_strength,,20,1.0,20.0,20CPR RIV 1MG
033462021,SOLIAN*30CPR 200MG,253.78,True,Validated,parsed:direct_strength,,30,200.0,6000.0,30CPR 200MG
042395018,ESCITALOPRAM TEVA*GTT OS 15ML,253.68,False,Unresolved,unresolved,other,,,,
022483248,DEPAKIN*40CPR GASTROR 200MG,253.02,True,Validated,parsed:direct_strength,,40,200.0,8000.0,40CPR GASTROR 200MG
023382029,"MINIAS*OS GTT FL 20ML 2,5MG/ML",252.85,True,Candidate,parsed:implied_unit_vol_conc,,1,50.0,50.0,"GTT FL 20ML 2,5MG/ML"
034104012,MEGEXIA*30CPR 160MG,252.8,True,Validated,parsed:direct_strength,,30,160.0,4800.0,30CPR 160MG
038813010,NEVANAC*COLL FL 5ML 1MG/ML,252.36,True,Candidate,parsed:implied_unit_vol_conc,,1,5.0,5.0,FL 5ML 1MG/ML
039616014,ZOLPREM*OS GTT 30ML 10MG/ML,252.05,True,Candidate,parsed:implied_unit_vol_conc,,1,300.0,300.0,GTT 30ML 10MG/ML
041473113,PERISMOFVEN*4SACCHE BI 1448ML,251.68,False,Unresolved,unresolved,other,,,,
034668071,SELEDIE*2SIR 19000UI AXA/1ML,250.8,False,Unresolved,unresolved,other,,,,
033402025,"FUCICORT*CREMA 30G 2%+0,1%",249.65,True,Candidate,parsed:single_value_assumed_unit,,1,30000.0,30000.0,30G
048540013,IVERSCAB*4CPR 3MG,249.13,True,Validated,parsed:direct_strength,,4,3.0,12.0,4CPR 3MG
049512217,TADOMON*30CPR 50MG RP,247.82,True,Validated,parsed:direct_strength,,30,50.0,1500.0,30CPR 50MG
045680016,OLAZAX DISPERZI*28CPR OROD 5MG,247.08,True,Validated,parsed:direct_strength,,28,5.0,140.0,28CPR OROD 5MG
026962050,HUMATROPE*1CART 12MG(36UI)+SIR,245.52,True,Candidate,parsed:single_value_assumed_unit,,1,12.0,12.0,12MG
042626147,VORICONAZOLO MY*28CPRRIV 200MG,245.11,True,Validated,parsed:direct_strength,,28,200.0,5600.0,28CPRRIV 200MG
045432022,EZATEROS*28CPR 10MG+10MG,244.08,True,Validated,parsed:direct_strength,,28,10.0,280.0,28CPR 10MG
042407217,"TRIPLIAM*30CPR 10+2,5+10MG FL",243.76,True,Candidate,parsed:single_value_assumed_unit,,1,10.0,10.0,10MG
035699242,"EQUIBALANCE*4,25% 5000ML 2SACC",243.36,False,Unresolved,unresolved,other,,,,
033007028,TORVAST*30CPR RIV 10MG,243.15,True,Validated,parsed:direct_strength,,30,10.0,300.0,30CPR RIV 10MG
026210031,"NATISPRAY*SPR SUBL 0,3MG/DOSE",242.66,False,Unresolved,unresolved,other,,,,
040078192,RISPERIDONE AURO*60CPR 1MG,241.93,True,Validated,parsed:direct_strength,,60,1.0,60.0,60CPR 1MG
027032022,"NAAXIA*COLL 30FL 0,4ML 1D 4,9%",241.34,True,Authoritative,aifa_ingredient_authoritative,,,,49.0,ACIDO SPAGLUMICO SALE SODICO 49milligrammi
034435192,OXYCONTIN*28CPR 80MG RP,241.19,True,Validated,parsed:direct_strength,,28,80.0,2240.0,28CPR 80MG
045136037,VARCODES*30CPR EFF 8MG,241.13,True,Validated,parsed:direct_strength,,30,8.0,240.0,30CPR EFF 8MG
039106277,OSSIGENO*CRIOGEN 31LT MOBILE,240.99,False,Unresolved,unresolved,oxygen_gas,,,,
042796159,VORICONAZOLO TE*28CPR RIV 50MG,240.37,True,Validated,parsed:direct_strength,,28,50.0,1400.0,28CPR RIV 50MG
029720048,GLICEROLO ALFA*BB 18SUPP1375MG,239.22,True,Validated,parsed:direct_strength,,18,1375.0,24750.0,18SUPP1375MG
042225019,FLECAINIDE AURO*20CPR 100MG,238.7,True,Validated,parsed:direct_strength,,20,100.0,2000.0,20CPR 100MG
041156011,"OCTREOTIDE SUN*5F 0,05MG/1ML",237.6,False,Unresolved,unresolved,other,,,,
021004015,BISOLVON*OS SOL FL 40ML 2MG/ML,237.51,True,Candidate,parsed:implied_unit_vol_conc,,1,80.0,80.0,FL 40ML 2MG/ML
035856044,ALPRAZOLAM AURO*OS GTT 20ML,237.1,False,Unresolved,unresolved,other,,,,
051456022,STEQEYMA*SC 1SIR 1ML 90MG,236.0,True,Candidate,parsed:single_value_assumed_unit,,1,90.0,90.0,90MG
035319019,CHIARO*30CPR RIV 250MG,235.7,True,Validated,parsed:direct_strength,,30,250.0,7500.0,30CPR RIV 250MG
043568043,LIPOFLEX*AA32/G64 INFUS 1250ML,235.0,False,Unresolved,unresolved,other,,,,
048081032,AMBRISENTAN VI*30CPR RIV 10MG,233.64,True,Validated,parsed:direct_strength,,30,10.0,300.0,30CPR RIV 10MG
021259015,ZYLORIC*50CPR DIV 100MG,233.58,True,Authoritative,aifa_ingredient_authoritative,,,,100.0,ALLOPURINOLO 100milligrammi
027485162,LIPOFUNDIN MCT*10FL 500ML5%+5%,232.76,False,Unresolved,unresolved,other,,,,
023993052,LASIX*OS FL 100ML 10MG/ML,232.11,True,Candidate,parsed:implied_unit_vol_conc,,1,1000.0,1000.0,FL 100ML 10MG/ML
040324042,"LETROZOLO SAN*30CPR RIV 2,5MG",231.97,True,Validated,parsed:direct_strength,,30,2.5,75.0,"30CPR RIV 2,5MG"
035562014,"GONAPEPTYL DEPOT*SIR 3,75MG+SO",231.0,True,Candidate,parsed:single_value_assumed_unit,,1,3.75,3.75,"3,75MG"
042864064,FLEIDERINA*30CPS 150MG RP,230.88,True,Validated,parsed:direct_strength,,30,150.0,4500.0,30CPS 150MG
035821204,ALGIX*20CPR RIV 90MG AL/AL,230.17,True,Validated,parsed:direct_strength,,20,90.0,1800.0,20CPR RIV 90MG
029851021,"MOVICOL*OS POLV 20BUST 13,8G",229.69,True,Authoritative,aifa_ingredient_authoritative,,,,13125.0,MACROGOL 3350 13.125grammi
033378023,ATENOLOLO ABC*42CPR RIV 100MG,229.57,True,Validated,parsed:direct_strength,,42,100.0,4200.0,42CPR RIV 100MG
043942034,COLECALCIFEROLO MY*2FL 25000UI,229.37,False,Unresolved,unresolved,other,,,,
022991032,BRONCOVALEAS*SCIR120ML 2MG/5ML,229.07,False,Unresolved,unresolved,other,,,,
041261064,"DEMELORA*30CER 9,5MG/24H",228.84,False,Unresolved,unresolved,other,,,,
029433048,BASICAINA*10F 10ML 20MG/ML,228.8,True,Authoritative,aifa_ingredient_authoritative,,,,20.0,LIDOCAINA CLORIDRATO 20milligrammi
038904456,OSSIGENO*COMPR 200BAR 10LT,228.8,False,Unresolved,unresolved,oxygen_gas,,,,
038904482,OSSIGENO*COMPR 200BAR 14LT,228.8,False,Unresolved,unresolved,oxygen_gas,,,,
022865190,SAMYR*IM IV 5FL 200MG+5F 5ML,228.49,True,Validated,parsed:direct_strength,,5,200.0,1000.0,5FL 200MG
033224080,ZANEDIP*28CPR RIV 20MG,227.4,True,Validated,parsed:direct_strength,,28,20.0,560.0,28CPR RIV 20MG
034368062,TIROSINT*OS GTT 20ML 100MCG/ML,225.06,True,Candidate,parsed:implied_unit_vol_conc,,1,2.0,2.0,GTT 20ML 100MCG/ML
040313049,TACHIPIRINA OROSOL*12BS 500MG,224.8,True,Candidate,parsed:single_value_assumed_unit,,1,500.0,500.0,500MG
030899583,GLUCOSIO*10% 20F 10ML,224.4,True,Authoritative,aifa_ingredient_authoritative,,,,110000.0,GLUCOSIO (DESTROSIO) MONOIDRATO 110grammi
044908059,"SODIO CLORURO KCL*0,9+0,6% 500",224.4,False,Unresolved,unresolved,other,,,,
030868121,MANNITOLO*10% 500ML,224.4,False,Unresolved,unresolved,other,,,,
049512357,TADOMON*30CPR 100MG RP,224.02,True,Validated,parsed:direct_strength,,30,100.0,3000.0,30CPR 100MG
028831129,"EFEXOR*28CPS 37,5MG RP",223.88,True,Validated,parsed:direct_strength,,28,37.5,1050.0,"28CPS 37,5MG"
042415149,VELLOFENT*4CPR SUBL 133MCG,222.76,True,Validated,parsed:direct_strength,,4,0.133,0.532,4CPR SUBL 133MCG
031503182,DIALISI PERITON*5SACCHE 2000ML,222.3,False,Unresolved,unresolved,other,,,,
031503194,DIALISI PERITON*5SACCHE 2000ML,222.3,False,Unresolved,unresolved,other,,,,
042456032,"RIVASTIGMINA DOC*30CER 4,6MG",222.11,True,Validated,parsed:direct_strength,,30,4.6,138.0,"30CER 4,6MG"
028282352,IOMERON 300*IV FL 200ML VT I,221.65,False,Unresolved,unresolved,other,,,,
040423840,PALEXIA*40CPR 25MG RP,221.56,True,Validated,parsed:direct_strength,,40,25.0,1000.0,40CPR 25MG
023475080,ACETAMOL*BB 10SUPP 250MG,221.5,True,Authoritative,aifa_ingredient_authoritative,,,,250.0,PARACETAMOLO 250milligrammi
024790026,LEUKERAN*25CPR RIV 2MG,221.41,True,Validated,parsed:direct_strength,,25,2.0,50.0,25CPR RIV 2MG
050040132,VENLAFAXINA TEV*28CPS 75MG RP,221.29,True,Validated,parsed:direct_strength,,28,75.0,2100.0,28CPS 75MG
043595040,DULOXETINA DOC*28CPS GASTR30MG,221.15,True,Validated,parsed:direct_strength,,28,30.0,840.0,28CPS GASTR30MG
043815051,"CARELIMUS*UNG 0,1% 30G",220.98,True,Validated,parsed:pct_weight,,1,30.0,30.0,"0,1% 30G"
037604016,"SUBOXONE*7CPR SUBLING 2+0,5MG",220.9,True,Candidate,parsed:single_value_assumed_unit,,1,0.5,0.5,"0,5MG"
027731013,LOSFERRON*30CPR EFF 80MG(695MG,220.3,True,Validated,parsed:direct_strength,,30,80.0,2400.0,30CPR EFF 80MG
039145040,DONEPEZIL SAND*28CPR RIV 5MG,219.35,True,Validated,parsed:direct_strength,,28,5.0,140.0,28CPR RIV 5MG
050081025,RANOZEK*60CPR 375MG RP,218.96,True,Validated,parsed:direct_strength,,60,375.0,22500.0,60CPR 375MG
042854063,FREQUIL*30CPS 150MG RP,218.55,True,Validated,parsed:direct_strength,,30,150.0,4500.0,30CPS 150MG
039786049,PIPERACILLINA TA AU*EV 12FL 4G,218.35,True,Validated,parsed:direct_strength,,12,4000.0,48000.0,12FL 4G
023290024,"GENTICOL*COLL FL 10ML 0,3%",217.59,False,Unresolved,unresolved,other,,,,
038548032,AMLODIPINA TEVA*28CPR 5MG,217.52,True,Validated,parsed:direct_strength,,28,5.0,140.0,28CPR 5MG
026738284,SELEPARINA*10SIR 9500UI+DISP,217.46,False,Unresolved,unresolved,other,,,,
024703124,PREFOLIC*30CPR GASTROR 15MG,217.04,True,Authoritative,aifa_ingredient_authoritative,,,,19.18,CALCIO MEFOLINATO 19.18milligrammi
036683011,CYMBALTA*28CPS GASTRORES 30MG,217.03,True,Candidate,parsed:single_value_assumed_unit,,1,30.0,30.0,30MG
023060039,PROGLICEM*100CPS 100MG,216.77,True,Authoritative,aifa_ingredient_authoritative,,,,100.0,DIAZOSSIDO 100milligrammi
037563095,FENPATCH*3CER 75MCG/ORA,216.48,False,Unresolved,unresolved,other,,,,
034292084,NIKLOD*IM 3F 200+40MG 4ML LIDO,215.38,True,Candidate,parsed:single_value_assumed_unit,,1,40.0,40.0,40MG
035219017,XELODA*60CPR RIV 150MG,214.18,True,Validated,parsed:direct_strength,,60,150.0,9000.0,60CPR RIV 150MG
034953176,"CONGESCOR*28CPR RIV 3,75MG",213.67,True,Validated,parsed:direct_strength,,28,3.75,105.0,"28CPR RIV 3,75MG"
023616042,SELOKEN*28CPR 200MG RP,213.43,True,Validated,parsed:direct_strength,,28,200.0,5600.0,28CPR 200MG
038415028,FINASTERIDE DOC*30CPR RIV 5MG,211.52,True,Validated,parsed:direct_strength,,30,5.0,150.0,30CPR RIV 5MG
022633059,DALACIN C*12CPS 150MG,211.39,True,Validated,parsed:direct_strength,,12,150.0,1800.0,12CPS 150MG
040485029,LAMIVUDINA MY*60CPR RIV 150MG,210.6,True,Validated,parsed:direct_strength,,60,150.0,9000.0,60CPR RIV 150MG
033278019,NIFEDIPINA SAND*50CPR 20MG RP,210.4,True,Validated,parsed:direct_strength,,50,20.0,1000.0,50CPR 20MG
049556160,DEFERASIROX AU*30CPR RIV 360MG,209.9,True,Validated,parsed:direct_strength,,30,360.0,10800.0,30CPR RIV 360MG
049103070,MELATONINA NOXAREM*10CPR 5MG,208.48,True,Validated,parsed:direct_strength,,10,5.0,50.0,10CPR 5MG
036027011,OLMETEC*28CPR RIV 10MG,208.08,True,Validated,parsed:direct_strength,,28,10.0,280.0,28CPR RIV 10MG
033264274,APROVEL*28CPR RIV 300MG,207.5,True,Validated,parsed:direct_strength,,28,300.0,8400.0,28CPR RIV 300MG
004897017,DROPILTON 2%*COLL FL 10ML,207.07,False,Unresolved,unresolved,other,,,,
008679033,NOVALGINA*OS GTT 20ML 500MG/ML,206.17,True,Candidate,parsed:implied_unit_vol_conc,,1,10000.0,10000.0,GTT 20ML 500MG/ML
041580010,DORZOLAMIDE TIM ZE*COLL FL 5ML,205.83,False,Unresolved,unresolved,other,,,,
033484015,TWICE*16CPS 10MG RP,205.02,True,Validated,parsed:direct_strength,,16,10.0,160.0,16CPS 10MG
027267095,DIFLUCAN*7CPS 200MG,204.24,True,Authoritative,aifa_ingredient_authoritative,,,,200.0,FLUCONAZOLO 200milligrammi
035983030,CARBAGLU*5CPR DISP 200MG FL,204.15,True,Validated,parsed:direct_strength,,5,200.0,1000.0,5CPR DISP 200MG
040628063,GLUCOPHAGE UNID*60CPR1000MG RP,203.17,True,Validated,parsed:direct_strength,,60,1000.0,60000.0,60CPR1000MG
042318117,OSSICODONE AU*28CPR 10MG RP,203.17,True,Validated,parsed:direct_strength,,28,10.0,280.0,28CPR 10MG
040419172,LEFLUNOMIDE SA*30CPR RIV20MGFL,202.87,True,Validated,parsed:direct_strength,,30,20.0,600.0,30CPR RIV20MG
033178942,TAREG*28CPR RIV 160MG,202.4,True,Validated,parsed:direct_strength,,28,160.0,4480.0,28CPR RIV 160MG
032813089,POVIDERM*10% 24FL 250ML,202.12,False,Unresolved,unresolved,other,,,,
042456083,"RIVASTIGMINA DOC*30CER 9,5MG",201.89,True,Validated,parsed:direct_strength,,30,9.5,285.0,"30CER 9,5MG"
037742020,RAMIPRIL ID ZEN*14CPR 5+25MG,201.75,True,Candidate,parsed:single_value_assumed_unit,,1,25.0,25.0,25MG
032023071,TOPAMAX*60CPR RIV 25MG,201.68,True,Authoritative,aifa_ingredient_authoritative,,,,25.0,TOPIRAMATO 25milligrammi
022867028,FLUNOX*30CPS 15MG,201.21,True,Authoritative,aifa_ingredient_authoritative,,,,15.0,FLURAZEPAM MONOCLORIDRATO 15milligrammi
026837017,ALAPRIL*14CPR 5MG,201.04,True,Validated,parsed:direct_strength,,14,5.0,70.0,14CPR 5MG
035809019,DOMPERIDONE ABC*30CPR 10MG,199.81,True,Validated,parsed:direct_strength,,30,10.0,300.0,30CPR 10MG
035869039,"CEFTRIAXONE EG*IM 1G+1F 3,5ML",198.07,True,Candidate,parsed:single_value_assumed_unit,,1,1000.0,1000.0,1G
020605073,COLBIOCIN*COLL 1FL POLV+1FL5ML,197.89,False,Unresolved,unresolved,other,,,,
041044025,BYSABEL*20CPR 20MG,197.77,True,Validated,parsed:direct_strength,,20,20.0,400.0,20CPR 20MG
027665025,EMOSINT*EV SC 10F 20MCG 1ML,197.43,True,Validated,parsed:direct_strength,,10,0.02,0.2,10F 20MCG
024649093,CITICOLIN*INIET 5F 1000MG 4ML,197.12,True,Validated,parsed:direct_strength,,5,1000.0,5000.0,5F 1000MG
027604040,"DILATREND*28CPR DIV 6,25MG",196.31,True,Authoritative,aifa_ingredient_authoritative,,,,6.25,CARVEDILOLO 6.25milligrammi
037568019,"BYETTA*SC1PEN 1,2ML 5MCG/20MCL",195.57,False,Unresolved,unresolved,other,,,,
028831067,EFEXOR*10CPS 150MG RP,195.49,True,Validated,parsed:direct_strength,,10,150.0,1500.0,10CPS 150MG
044476048,NEVIRAPINA TEV*30CPR 400MG RP,194.98,True,Validated,parsed:direct_strength,,30,400.0,12000.0,30CPR 400MG
024597039,CARBOLITHIUM*50CPS 300MG,194.93,True,Validated,parsed:direct_strength,,50,300.0,15000.0,50CPS 300MG
037062039,METFORALMILLE*60CPR RIV 1000MG,194.51,True,Validated,parsed:direct_strength,,60,1000.0,60000.0,60CPR RIV 1000MG
023183027,ORUDIS*30CPS 50MG,194.39,True,Validated,parsed:direct_strength,,30,50.0,1500.0,30CPS 50MG
042223053,ANNISTER*OS GTT10ML 10000UI/ML,193.81,False,Unresolved,unresolved,other,,,,
036003022,PAXABEL*OS POLV 20BUST 10G,193.6,True,Validated,parsed:direct_strength,,20,10000.0,200000.0,20BUST 10G
028367011,CALCIO FOLINATO SAND*10CPR15MG,193.41,True,Validated,parsed:direct_strength,,10,15.0,150.0,10CPR15MG
033264223,APROVEL*28CPR RIV 150MG,192.81,True,Validated,parsed:direct_strength,,28,150.0,4200.0,28CPR RIV 150MG
034371056,SERETIDE*DISKUS 50+250MCG 60D,192.45,True,Candidate,parsed:single_value_assumed_unit,,1,0.25,0.25,250MCG
044595015,EZETIMIBE DOC*30CPR 10MG,191.8,True,Validated,parsed:direct_strength,,30,10.0,300.0,30CPR 10MG
038555013,"CORTIVIS*COLL 30FL MONOD 0,3ML",191.67,False,Unresolved,unresolved,other,,,,
022019018,TRANEX*30CPS 250MG,190.38,True,Validated,parsed:direct_strength,,30,250.0,7500.0,30CPS 250MG
050322015,TERIFLUNOMIDE EG*28CPR RIV14MG,190.23,True,Validated,parsed:direct_strength,,28,14.0,392.0,28CPR RIV14MG
013092010,EPARGRISEOVIT*AD IM EV6FI+6FII,190.12,False,Unresolved,unresolved,other,,,,
042420012,OLANZAPINA MY*28CPR OROD 5MG,190.1,True,Validated,parsed:direct_strength,,28,5.0,140.0,28CPR OROD 5MG
020660027,FLUIMUCIL ANTIB*3FL 250MG+3F,189.8,True,Authoritative,aifa_ingredient_authoritative,,,,250.0,TIAMFENICOLO GLICINATO ACETILCISTEINATO 250milligrammi
036635023,DIBASE*IM 6F 1ML 100000UI/ML,189.54,False,Unresolved,unresolved,other,,,,
024402063,EUTIROX*50CPR 125MCG,189.1,True,Validated,parsed:direct_strength,,50,0.125,6.25,50CPR 125MCG
031920034,MANNITOLO SORBITOLO FKI*3000ML,188.37,False,Unresolved,unresolved,other,,,,
041954049,OLANZAPINA AUR*28CPR OROD 5MG,187.6,True,Validated,parsed:direct_strength,,28,5.0,140.0,28CPR OROD 5MG
025289024,ELDISINE*EV 1FL POLV 5MG,187.55,True,Authoritative,aifa_ingredient_authoritative,,,,5.0,VINDESINA SOLFATO 5milligrammi
041033010,"COMBISTILL*COLL 5ML 0,3%+0,1%",187.54,False,Unresolved,unresolved,other,,,,
038434041,ONDANSETRONE TEVA*6CPR RIV 4MG,186.5,True,Validated,parsed:direct_strength,,6,4.0,24.0,6CPR RIV 4MG
046005029,LEVETIRACETAM EG*OS 150ML+3ML,186.44,False,Unresolved,unresolved,other,,,,
028852010,DIOSMECTAL*OS SOSP 30BUST 3G,184.52,True,Validated,parsed:direct_strength,,30,3000.0,90000.0,30BUST 3G
042186015,BALFOLIC*120CPR 400MCG,183.03,True,Validated,parsed:direct_strength,,120,0.4,48.0,120CPR 400MCG
038944106,OSSIGENO*COMPR 200BAR 5LT VAL,182.93,False,Unresolved,unresolved,oxygen_gas,,,,
029561065,CAVERJECT*5FL 20MCG+5F 1ML SOL,182.88,True,Authoritative,aifa_ingredient_authoritative,,,,0.0232,ALPROSTADIL 23.2microgrammi
015724026,"LANOXIN*30CPR 0,250MG",182.74,True,Validated,parsed:direct_strength,,30,0.25,7.5,"30CPR 0,250MG"
026738118,SELEPARINA*10SIR 9500UI/1ML,182.44,False,Unresolved,unresolved,other,,,,
035791058,ATIMOS*SOLxINAL 12MCG 100D,182.07,True,Candidate,parsed:single_value_assumed_unit,,1,0.012,0.012,12MCG
028823021,AURANTIN*IM EV 5FL 250MG 5ML,181.93,True,Validated,parsed:direct_strength,,5,250.0,1250.0,5FL 250MG
029456023,DICLOFENAC EG*10SUPP 100MG,181.88,True,Validated,parsed:direct_strength,,10,100.0,1000.0,10SUPP 100MG
027604014,DILATREND*30CPR DIV 25MG,181.78,True,Authoritative,aifa_ingredient_authoritative,,,,25.0,CARVEDILOLO 25milligrammi
044611010,TOBRAMICINA SUN*NEB56F 300MG/5,181.72,False,Unresolved,unresolved,other,,,,
037880061,RUPAFIN*30CPR 10MG,181.66,True,Validated,parsed:direct_strength,,30,10.0,300.0,30CPR 10MG
035767654,CIPRALEX*GTT OS 15ML 20MG/ML+C,181.57,True,Candidate,parsed:implied_unit_vol_conc,,1,300.0,300.0,GTT OS 15ML 20MG/ML
026608099,EFFERALGAN*10SUPP 150MG,180.33,True,Validated,parsed:direct_strength,,10,150.0,1500.0,10SUPP 150MG
018866057,GAMIBETAL*20CPR 500MG,180.21,True,Authoritative,aifa_ingredient_authoritative,,,,500.0,BUXAMINA 500milligrammi
037655014,CETIRIZINA EG*20CPR RIV 10MG,180.09,True,Validated,parsed:direct_strength,,20,10.0,200.0,20CPR RIV 10MG
042804017,"HYQVIA*SC 1FL 25ML+1FL 1,25ML",178.75,False,Unresolved,unresolved,other,,,,
037789070,FOSTER*SOLxINAL 120D 200+6MCG,178.4,True,Candidate,parsed:single_value_assumed_unit,,1,0.006,0.006,6MCG
044407183,ARIPIPRAZOLO SAND*28CPR 10MG,178.32,True,Validated,parsed:direct_strength,,28,10.0,280.0,28CPR 10MG
047415017,"BUVIDAL*SC 1SIR 8MG 0,16ML RP",178.2,True,Validated,parsed:direct_strength,,1,8.0,8.0,1SIR 8MG
008679021,NOVALGINA*IM IV 5F 1G 2ML,178.1,True,Validated,parsed:direct_strength,,5,1000.0,5000.0,5F 1G
023475130,ACETAMOL PRIMA INFANZIA*30ML,177.95,True,Authoritative,aifa_ingredient_authoritative,,,,125.0,PARACETAMOLO 125milligrammi
036166080,MULTIBIC*2SAC 5000ML C/K 4MMOL,177.84,False,Unresolved,unresolved,other,,,,
040926026,TELMISARTAN SANDOZ*28CPR 20MG,177.45,True,Validated,parsed:direct_strength,,28,20.0,560.0,28CPR 20MG
028631024,EXPOSE*30CPR RIV 100MG,176.84,True,Authoritative,aifa_ingredient_authoritative,,,,100.0,EPERISONE CLORIDRATO 100milligrammi
027831041,LACIREX*14CPR RIV 6MG,176.22,True,Authoritative,aifa_ingredient_authoritative,,,,6.0,LACIDIPINA 6milligrammi
044645063,EFAVIRENZ EMT TEN TE*30CPR FL,176.22,False,Unresolved,unresolved,other,,,,
034954267,CARDICOR*28CPR RIV 5MG,176.15,True,Validated,parsed:direct_strength,,28,5.0,140.0,28CPR RIV 5MG
037610021,GRAZAX*OS 100LIOF 75.000SQ-T,176.0,False,Unresolved,unresolved,other,,,,
036374130,ZEMPLAR*INIET 5FL 1ML 5MCG/ML,176.0,True,Validated,parsed:vol_conc,,5,0.005,0.025,5FL 1ML 5MCG/ML
041692031,LANSOPRAZOLO MY*28CPR ORO15MG,175.97,True,Validated,parsed:direct_strength,,28,15.0,420.0,28CPR ORO15MG
037146026,GIASION*20CPR RIV 200MG,175.35,True,Validated,parsed:direct_strength,,20,200.0,4000.0,20CPR RIV 200MG
040628048,GLUCOPHAGE UNID*60CPR 750MG RP,175.34,True,Validated,parsed:direct_strength,,60,750.0,45000.0,60CPR 750MG
042787263,CIQORIN*50CPS MOLLI 25MG,175.16,True,Validated,parsed:direct_strength,,50,25.0,1250.0,50CPS MOLLI 25MG
043277173,ROSUVASTATINA ZEN*28CPR 20MG,174.79,True,Validated,parsed:direct_strength,,28,20.0,560.0,28CPR 20MG
035040017,RITALIN*30CPR 10MG,174.7,True,Validated,parsed:direct_strength,,30,10.0,300.0,30CPR 10MG
039849031,"PRAMIPEXOLO ZEN*30CPR 0,18MG",174.67,True,Validated,parsed:direct_strength,,30,0.18,5.4,"30CPR 0,18MG"
022760019,CANESTEN*CREMA 30G 1%,174.36,True,Candidate,parsed:single_value_assumed_unit,,1,30000.0,30000.0,30G
033227024,"LORAZEPAM DOROM*20CPR 2,5MG",174.33,True,Validated,parsed:direct_strength,,20,2.5,50.0,"20CPR 2,5MG"
017712011,DECADURABOLIN*1F 1ML 25MG/1ML,174.33,False,Unresolved,unresolved,other,,,,
036819011,AMOXICILLINA AC CLA ABC*12CPR,174.1,False,Unresolved,unresolved,other,,,,
028467049,ACICLOVIR DOROM*OS SOSP 100ML,174.08,False,Unresolved,unresolved,other,,,,
048857027,INSULINA ASPART SANOFI*SC 5PEN,174.07,False,Unresolved,unresolved,other,,,,
045122013,LODICAND*28CPS 8MG+5MG,173.42,True,Validated,parsed:direct_strength,,28,8.0,224.0,28CPS 8MG
039586262,TARGIN*28CPR 20MG+10MG RP,172.7,True,Validated,parsed:direct_strength,,28,20.0,560.0,28CPR 20MG
037812219,BICALUTAMIDE RAT*28CPR RIV 150,172.56,False,Unresolved,unresolved,other,,,,
023610013,LOPRESOR*30CPR RIV 100MG,172.47,True,Validated,parsed:direct_strength,,30,100.0,3000.0,30CPR RIV 100MG
006141016,"INTRASTIGMINA*6F 1ML 0,5MG",172.32,True,Candidate,parsed:single_value_assumed_unit,,1,0.5,0.5,"0,5MG"
034859037,PIROXICAM DOC*IM 6F 20MG/ML,172.0,False,Unresolved,unresolved,other,,,,
042215032,NITROGLICERINA SAND*15CER 15MG,171.94,True,Validated,parsed:direct_strength,,15,15.0,225.0,15CER 15MG
039149075,VALACICLOVIR SAND*42CPR 500MG,171.6,True,Validated,parsed:direct_strength,,42,500.0,21000.0,42CPR 500MG
042740011,SILDENAFIL DOC*4CPR RIV 25MG,170.83,True,Validated,parsed:direct_strength,,4,25.0,100.0,4CPR RIV 25MG
040233013,"LETROZOLO SUN*30CPR RIV 2,5MG",170.44,True,Validated,parsed:direct_strength,,30,2.5,75.0,"30CPR RIV 2,5MG"
049279021,TRIXEO AEROSPHERE*1INAL 120D,170.32,False,Unresolved,unresolved,other,,,,
036025068,PLAUNAC*28CPR RIV 20MG,168.76,True,Validated,parsed:direct_strength,,28,20.0,560.0,28CPR RIV 20MG
003763265,GONASI HP*IM SC 3FL2000UI/ML+3,168.48,False,Unresolved,unresolved,multi_active_combo,,,,
030906426,ACQUA PI*20FL 500ML,168.38,False,Unresolved,unresolved,other,,,,
027208115,SIVASTIN*28CPR RIV 40MG,168.14,True,Authoritative,aifa_ingredient_authoritative,,,,40.0,SIMVASTATINA 40milligrammi
036367151,CITALOPRAM HEX*28CPR RIV 20MG,167.03,True,Validated,parsed:direct_strength,,28,20.0,560.0,28CPR RIV 20MG
018002055,VISUMIDRIATIC*COLL 10FL 5MG/ML,166.51,False,Unresolved,unresolved,other,,,,
020609018,ISOPTIN*30CPR RIV 40MG,166.4,True,Validated,parsed:direct_strength,,30,40.0,1200.0,30CPR RIV 40MG
040942056,VALACICLOVIR AURO*42CPR 500MG,166.4,True,Validated,parsed:direct_strength,,42,500.0,21000.0,42CPR 500MG
037405026,MATRIFEN*3CER TRANSD 12MCG/ORA,166.17,False,Unresolved,unresolved,other,,,,
031115025,TOPSTER*10SUPP 3MG,166.09,True,Authoritative,aifa_ingredient_authoritative,,,,30.0,BECLOMETASONE 30milligrammi
019954039,ALDOMET*30CPR RIV 250MG,166.07,True,Validated,parsed:direct_strength,,30,250.0,7500.0,30CPR RIV 250MG
037599065,RISPERIDONE SAN*60CPR RIV 1MG,165.71,True,Validated,parsed:direct_strength,,60,1.0,60.0,60CPR RIV 1MG
020839039,MIAMBUTOL*20CPR 400MG,165.26,True,Validated,parsed:direct_strength,,20,400.0,8000.0,20CPR 400MG
038190031,BINOCRIT*1SIR 2.000UI 1ML,165.11,False,Unresolved,unresolved,other,,,,
030942066,"SODIO CLORURO*EV0,9% SAC 250ML",165.0,False,Unresolved,unresolved,other,,,,
026752016,LEVOTUSS*SCIR 200ML 30MG/5ML,164.77,False,Unresolved,unresolved,other,,,,
031975028,NIMBEX 2*5F 5ML 2MG/ML,163.42,True,Authoritative,aifa_ingredient_authoritative,,,,13.4,CISATRACURIO BESILATO 13.4milligrammi
050193010,"TACROLIMUS EG*30CPS 0,5MG RP",163.34,True,Validated,parsed:direct_strength,,30,0.5,15.0,"30CPS 0,5MG"
021091018,CONTRATHION*EV 1FL 200MG+10ML,163.3,True,Validated,parsed:direct_strength,,1,200.0,200.0,1FL 200MG
040242048,MONTELUKAST MY*28CPR RIV 10MG,163.05,True,Validated,parsed:direct_strength,,28,10.0,280.0,28CPR RIV 10MG
026403055,"NIMOTOP*OS GTT 25ML30MG/0,75ML",162.61,False,Unresolved,unresolved,other,,,,
019822028,ALDACTONE*16CPS 25MG,162.29,True,Validated,parsed:direct_strength,,16,25.0,400.0,16CPS 25MG
025377033,RIFINAH*24CPR RIV 300MG+150MG,162.08,True,Validated,parsed:direct_strength,,24,300.0,7200.0,24CPR RIV 300MG
043602212,ROSUVASTATINA SA*28CPR RIV10MG,161.8,True,Validated,parsed:direct_strength,,28,10.0,280.0,28CPR RIV10MG
035194214,SYMBICORT TURB*60D 320MCG+9MCG,161.78,True,Candidate,parsed:single_value_assumed_unit,,1,0.32,0.32,320MCG
028531059,"TRIATEC HCT*28CPR 10MG+12,5MG",161.44,True,Authoritative,aifa_ingredient_authoritative,,,,12.5,IDROCLOROTIAZIDE 12.5milligrammi
024862029,RYTMONORM*30CPR RIV 300MG,160.99,True,Authoritative,aifa_ingredient_authoritative,,,,300.0,PROPAFENONE CLORIDRATO 300milligrammi
035568017,TRANSTEC*3CER 20MG 35MCG/H,160.34,True,Validated,parsed:direct_strength,,3,20.0,60.0,3CER 20MG
043042086,"PRAMIPEXOLO SA*30CPR 1,05MG RP",160.24,True,Validated,parsed:direct_strength,,30,1.05,31.5,"30CPR 1,05MG"
024280024,"ROCALTROL*30CPS MOLLI 0,50MCG",159.8,True,Validated,parsed:direct_strength,,30,0.0005,0.015,"30CPS MOLLI 0,50MCG"
047442013,INCOVES*30CPR RIV 5MG,159.77,True,Validated,parsed:direct_strength,,30,5.0,150.0,30CPR RIV 5MG
043081037,TOPIRAMATO AUR*60CPR RIV 50MG,159.52,True,Validated,parsed:direct_strength,,60,50.0,3000.0,60CPR RIV 50MG
044558233,ENTRESTO*BB 60CPS 6MG+6MG,159.5,True,Validated,parsed:direct_strength,,60,6.0,360.0,60CPS 6MG
037199015,"YASMINELLE*21CPR RIV 3+0,02MG",159.39,True,Candidate,parsed:single_value_assumed_unit,,1,0.02,0.02,"0,02MG"
020305076,BETABIOPTAL*COLL SOLUZ 5ML,159.2,False,Unresolved,unresolved,other,,,,
029212089,DUROGESIC*3CER 100MCG/ORA,159.04,False,Unresolved,unresolved,other,,,,
018930038,ZARONTIN*SCIR 200ML 250MG/5ML,158.87,False,Unresolved,unresolved,other,,,,
033731035,ACICLOVIR SAND*OS SOSP 100ML,158.8,False,Unresolved,unresolved,other,,,,
022628034,MICROSER*50CPR 8MG,158.49,True,Authoritative,aifa_ingredient_authoritative,,,,8.0,BETAISTINA DICLORIDRATO 8milligrammi
032167280,CLINIMIX N12G20E*4SAC 1LT+1LT,158.4,False,Unresolved,unresolved,other,,,,
049873033,IVERMECTINA GIULIANI*10CPR 3MG,158.4,True,Validated,parsed:direct_strength,,10,3.0,30.0,10CPR 3MG
034191015,"COAPROVEL*28CPR 150MG+12,5MG",158.29,True,Validated,parsed:direct_strength,,28,150.0,4200.0,28CPR 150MG
026925141,PENTACOL*SOSP RETT 7CLISMI 4G,158.05,True,Candidate,parsed:single_value_assumed_unit,,1,4000.0,4000.0,4G
025371016,"TRAVOCORT*CREMA 20G 0,1%+1%",155.43,True,Candidate,parsed:single_value_assumed_unit,,1,20000.0,20000.0,20G
042005013,LEVOTUSS TOSSE*GTT 30ML60MG/ML,155.09,True,Candidate,parsed:implied_unit_vol_conc,,1,1800.0,1800.0,GTT 30ML60MG/ML
033303417,TELFAST*20CPR RIV 180MG,155.0,True,Validated,parsed:direct_strength,,20,180.0,3600.0,20CPR RIV 180MG
043438023,ANORO ELLIPTA*30DOSI 55+22MCG,154.97,True,Candidate,parsed:single_value_assumed_unit,,1,0.022,0.022,22MCG
044609028,EZETIMIBE SIM EG*30CPR 10+10MG,154.86,True,Candidate,parsed:single_value_assumed_unit,,1,10.0,10.0,10MG
024402075,EUTIROX*50CPR 150MCG,154.68,True,Validated,parsed:direct_strength,,50,0.15,7.5,50CPR 150MCG
035767250,CIPRALEX*28CPR RIV 10MG BLIS B,153.71,True,Validated,parsed:direct_strength,,28,10.0,280.0,28CPR RIV 10MG
038101034,ANASTROZOLO TEVA*28CPR RIV 1MG,153.58,True,Validated,parsed:direct_strength,,28,1.0,28.0,28CPR RIV 1MG
043677032,ECUBALIN*56CPS 75MG,153.1,True,Validated,parsed:direct_strength,,56,75.0,4200.0,56CPS 75MG
021110059,RIFADIN*SCIR 60ML 20MG/ML,152.75,False,Unresolved,unresolved,other,,,,
047328024,METILPREDNISOLONE EG*20CPR16MG,152.29,True,Validated,parsed:direct_strength,,20,16.0,320.0,20CPR16MG
037734011,MESAVANCOL*60CPR 1200MG RP,151.79,True,Validated,parsed:direct_strength,,60,1200.0,72000.0,60CPR 1200MG
037109360,OLPREZIDE*28CPR RIV 40MG+25MG,150.34,True,Validated,parsed:direct_strength,,28,40.0,1120.0,28CPR RIV 40MG
042785067,EZETIMIBE SAND*30CPR 10MG,150.28,True,Validated,parsed:direct_strength,,30,10.0,300.0,30CPR 10MG
043695117,QUETIAPINA DOC*60CPR 150MG RP,149.99,True,Validated,parsed:direct_strength,,60,150.0,9000.0,60CPR 150MG
026416154,ASACOL*7CLISMI PRONTI 4G 100ML,149.61,True,Candidate,parsed:single_value_assumed_unit,,1,4000.0,4000.0,4G
035112010,EPAVITEN*INIET 6F I+6F II,149.18,False,Unresolved,unresolved,other,,,,
041259197,CANDESARTAN ZENT*28CPR 16MG,149.14,True,Validated,parsed:direct_strength,,28,16.0,448.0,28CPR 16MG
029651066,"GLICEROLO*AD 6CONT 6,75G",148.8,True,Candidate,parsed:single_value_assumed_unit,,1,6750.0,6750.0,"6,75G"
024425112,IOPAMIRO 370*FL 100ML,148.5,False,Unresolved,unresolved,other,,,,
030243024,SODIO BICARB*50CPR 500MG FL,147.71,True,Authoritative,aifa_ingredient_authoritative,,,,500.0,SODIO BICARBONATO 500milligrammi
029487016,AMOXICILLINA EG*12CPR 1G,147.66,True,Validated,parsed:direct_strength,,12,1000.0,12000.0,12CPR 1G
047612027,ACARBOSIO AURO*40CPR 50MG,147.43,True,Validated,parsed:direct_strength,,40,50.0,2000.0,40CPR 50MG
049883097,"WEGOVY*SC 1PEN 3ML 1,7MG/D+4AG",146.99,False,Unresolved,unresolved,multi_active_combo,,,,
036367340,CITALOPRAM HEX*14CPR RIV 40MG,146.81,True,Validated,parsed:direct_strength,,14,40.0,560.0,14CPR RIV 40MG
027707037,"TRETINOINA SAME*CREMA 20G 0,05",146.09,True,Candidate,parsed:single_value_assumed_unit,,1,20000.0,20000.0,20G
019888130,METHOTREXATE*INIET 4SIR 15MG,145.42,True,Validated,parsed:direct_strength,,4,15.0,60.0,4SIR 15MG
043465057,NORADRENALINA AGU*EV 10FL 8MG,145.2,True,Validated,parsed:direct_strength,,10,8.0,80.0,10FL 8MG
039649037,TEMOZOLOMIDE TEVA*5CPS 20MG FL,144.97,True,Validated,parsed:direct_strength,,5,20.0,100.0,5CPS 20MG
022863031,TRENTAL*IV 5F 100MG 5ML,144.19,True,Validated,parsed:direct_strength,,5,100.0,500.0,5F 100MG
022934044,"DEBRIDAT*OS GRAT SOSP 152,5G",144.0,True,Candidate,parsed:single_value_assumed_unit,,1,152500.0,152500.0,"152,5G"
050814019,CORTIRINA*SPRAY NAS 23G 120ER,143.88,True,Candidate,parsed:single_value_assumed_unit,,1,23000.0,23000.0,23G
042726012,LEVOCETIRIZINA MY*20CPR RIV5MG,142.51,True,Validated,parsed:direct_strength,,20,5.0,100.0,20CPR RIV5MG
038837011,AZARGA*COLL 5ML 10MG/ML+5MG/ML,142.44,False,Unresolved,unresolved,multi_active_combo,,,,
041885094,DONEPEZIL AURO*28CPR RIV 10MG,142.42,True,Validated,parsed:direct_strength,,28,10.0,280.0,28CPR RIV 10MG
034248171,GAVISCON ADVANCE*20BUST 10MLME,142.12,False,Unresolved,unresolved,other,,,,
025464037,FLANTADIN*10CPR 6MG,141.76,True,Authoritative,aifa_ingredient_authoritative,,,,6.0,DEFLAZACORT 6milligrammi
026919047,ASSORAL*6CPR RIV 300MG,141.03,True,Validated,parsed:direct_strength,,6,300.0,1800.0,6CPR RIV 300MG
028531010,"TRIATEC HCT*14CPR 2,5+12,5MG",140.36,True,Authoritative,aifa_ingredient_authoritative,,,,12.5,IDROCLOROTIAZIDE 12.5milligrammi
037563018,FENPATCH*3CER 25MCG/ORA,139.91,False,Unresolved,unresolved,other,,,,
026670051,MITTOVAL*30CPR 10MG RP,139.2,True,Authoritative,aifa_ingredient_authoritative,,,,10.0,ALFUZOSINA CLORIDRATO 10milligrammi
048574026,EZETIMIBE ATORV DOC*30CPS10+20,139.01,False,Unresolved,unresolved,other,,,,
050714029,MARAVIROC WAY*60CPR RIV 300MG,138.15,True,Validated,parsed:direct_strength,,60,300.0,18000.0,60CPR RIV 300MG
038448027,TESAVEL*28CPR RIV 25MG,137.52,True,Validated,parsed:direct_strength,,28,25.0,700.0,28CPR RIV 25MG
038946012,GIANT*28CPR RIV 20MG+5MG,137.39,True,Validated,parsed:direct_strength,,28,20.0,560.0,28CPR RIV 20MG
045443013,"ENTECAVIR ARI*30CPR RIV 0,5MG",137.28,True,Validated,parsed:direct_strength,,30,0.5,15.0,"30CPR RIV 0,5MG"
039227044,"TERAXANS*30CPR RIV 10MG+2,5 FL",137.2,True,Validated,parsed:direct_strength,,30,10.0,300.0,30CPR RIV 10MG
050755089,CAMZYOS*28CPS 15MG,137.12,True,Validated,parsed:direct_strength,,28,15.0,420.0,28CPS 15MG
033616020,"INDAPAMIDE MY*50CPR RIV 2,5MG",136.24,True,Validated,parsed:direct_strength,,50,2.5,125.0,"50CPR RIV 2,5MG"
033346014,CISPLATINO SAND*EV 10MG 20ML,136.17,True,Candidate,parsed:single_value_assumed_unit,,1,10.0,10.0,10MG
028700033,VAGISIL*CREMA 20G 2%,135.63,True,Authoritative,aifa_ingredient_authoritative,,,,2000.0,LIDOCAINA 2grammi
038548210,AMLODIPINA TEVA*30CPR 10MG,135.18,True,Validated,parsed:direct_strength,,30,10.0,300.0,30CPR 10MG
035714056,GLUCOSIO 5%*10 SACCHE 1000ML,134.31,False,Unresolved,unresolved,other,,,,
040629026,SLOWMET*60CPR 500MG RP,133.62,True,Validated,parsed:direct_strength,,60,500.0,30000.0,60CPR 500MG
026695054,STILNOX*28CPR RIV 10MG,133.5,True,Validated,parsed:direct_strength,,28,10.0,280.0,28CPR RIV 10MG
037318021,CETIRIZINA TEVA*OS GTT 20ML,133.33,False,Unresolved,unresolved,other,,,,
039987019,OLANZAPINA DOC*28CPR ORO 5MG,133.19,True,Validated,parsed:direct_strength,,28,5.0,140.0,28CPR ORO 5MG
026065019,"GLAMIDOLO*COLL 5ML 0,5% +SOLV",133.0,True,Authoritative,aifa_ingredient_authoritative,,,,25.0,DAPIPRAZOLO CLORIDRATO 25milligrammi
034373011,ZEROFLOG*COLLUT 1FL 200ML,132.99,False,Unresolved,unresolved,other,,,,
040758029,AMIODARONE MY*20CPR 200MG,132.5,True,Validated,parsed:direct_strength,,20,200.0,4000.0,20CPR 200MG
023993037,LASIX*20CPR 500MG,132.36,True,Validated,parsed:direct_strength,,20,500.0,10000.0,20CPR 500MG
024639039,VEPESID*20CPS MOLLI 50MG,132.23,True,Authoritative,aifa_ingredient_authoritative,,,,50.0,ETOPOSIDE 50milligrammi
038919181,VIMPAT*SCIR FL 200ML 10MG/ML,132.22,True,Candidate,parsed:implied_unit_vol_conc,,1,2000.0,2000.0,FL 200ML 10MG/ML
010772022,ABIOSTIL*UNG NAS 10G,131.28,True,Candidate,parsed:single_value_assumed_unit,,1,10000.0,10000.0,10G
023356025,DAFLON*30CPR RIV 500MG,131.09,True,Validated,parsed:direct_strength,,30,500.0,15000.0,30CPR RIV 500MG
042415303,VELLOFENT*4CPR SUBL 400MCG,130.94,True,Validated,parsed:direct_strength,,4,0.4,1.6,4CPR SUBL 400MCG
029018088,CREON 5000U*FL 20G GRAT GASTR,130.9,True,Authoritative,aifa_ingredient_authoritative,,,,150.0,PANCRELIPASI 150milligrammi
025681038,CONVERTEN*28CPR 5MG,130.16,True,Authoritative,aifa_ingredient_authoritative,,,,5.0,ENALAPRIL MALEATO 5milligrammi
040629065,SLOWMET*60CPR 1000MG RP,130.04,True,Validated,parsed:direct_strength,,60,1000.0,60000.0,60CPR 1000MG
048278030,DRONEDARONE AURO*60CPR 400MG,129.55,True,Validated,parsed:direct_strength,,60,400.0,24000.0,60CPR 400MG
034168043,DETRUSITOL*RETARD 14CPS 2MG,129.0,True,Validated,parsed:direct_strength,,14,2.0,28.0,14CPS 2MG
022531192,TAVOR*30CPR RIV 1MG,128.83,True,Validated,parsed:direct_strength,,30,1.0,30.0,30CPR RIV 1MG
035892025,CITALOPRAM RAT*28CPR RIV 20MG,128.75,True,Validated,parsed:direct_strength,,28,20.0,560.0,28CPR RIV 20MG
038660066,EFFENTORA*28CPR MUCOSAOS400MCG,128.67,True,Validated,parsed:direct_strength,,28,0.4,11.2,28CPR MUCOSAOS400MCG
033736075,"AIRCORT*NEBUL20FL 2ML 0,5MG/ML",127.96,True,Validated,parsed:vol_conc,,20,1.0,20.0,"20FL 2ML 0,5MG/ML"
043868025,SENSHIO*28CPR RIV 60MG,127.81,True,Validated,parsed:direct_strength,,28,60.0,1680.0,28CPR RIV 60MG
037837022,FINASTERIDE EG*15CPR RIV 5MG,127.71,True,Validated,parsed:direct_strength,,15,5.0,75.0,15CPR RIV 5MG
039181033,"LOBIDIUR*28CPR RIV 5MG+12,5MG",127.48,True,Validated,parsed:direct_strength,,28,5.0,140.0,28CPR RIV 5MG
034294114,CLODY*IM 6F 200MG+40MG LIDOC,127.48,True,Validated,parsed:direct_strength,,6,200.0,1200.0,6F 200MG
047513027,RINOFF*SPRAY NAS 140D 50MCG,127.45,True,Candidate,parsed:single_value_assumed_unit,,1,0.05,0.05,50MCG
043595065,DULOXETINA DOC*28CPS GASTR60MG,126.39,True,Validated,parsed:direct_strength,,28,60.0,1680.0,28CPS GASTR60MG
023356049,DAFLON*60CPR RIV 500MG,124.27,True,Validated,parsed:direct_strength,,60,500.0,30000.0,60CPR RIV 500MG
033451360,BLOPRESS*28CPR 32MG,123.95,True,Validated,parsed:direct_strength,,28,32.0,896.0,28CPR 32MG
028947012,DRAMIGEL*GEL 30G 5%,123.18,True,Candidate,parsed:single_value_assumed_unit,,1,30000.0,30000.0,30G
049883085,WEGOVY*SC 1PEN 3ML 1MG/D+4AGHI,122.5,False,Unresolved,unresolved,multi_active_combo,,,,
040084143,"PRAMIPEXOLO MY*30CPR 0,18MG",122.4,True,Validated,parsed:direct_strength,,30,0.18,5.4,"30CPR 0,18MG"
023164015,"RIBOMICIN*COLL FL 10ML 0,3%",122.11,False,Unresolved,unresolved,other,,,,
038568147,CORIPREN*28CPR RIV 20MG+10MG,121.78,True,Validated,parsed:direct_strength,,28,20.0,560.0,28CPR RIV 20MG
038791024,FINASTERIDE TEVA*15CPR RIV 5MG,121.2,True,Validated,parsed:direct_strength,,15,5.0,75.0,15CPR RIV 5MG
023001074,LORANS*OS GTT 10ML 2MG/ML,121.19,True,Candidate,parsed:implied_unit_vol_conc,,1,20.0,20.0,GTT 10ML 2MG/ML
044097032,RASAGILINA TEVA*28CPR 1MG,121.07,True,Validated,parsed:direct_strength,,28,1.0,28.0,28CPR 1MG
042867186,IMATINIB ACC*120CPR RIV 100MG,121.0,True,Validated,parsed:direct_strength,,120,100.0,12000.0,120CPR RIV 100MG
038660078,EFFENTORA*4CPR MUCOSA OS600MCG,120.89,True,Validated,parsed:direct_strength,,4,0.6,2.4,4CPR MUCOSA OS600MCG
043773011,BRIMICA GENUAIR*INAL 60 DOSI,120.72,False,Unresolved,unresolved,other,,,,
037769039,ETRIVEX*SHAMPOO 125ML 500MCG/G,120.69,False,Unresolved,unresolved,other,,,,
020676033,INDOXEN*10SUPP 50MG,120.55,True,Authoritative,aifa_ingredient_authoritative,,,,50.0,INDOMETACINA 50milligrammi
013046115,ENTEROGERMINA*OS 9BS 6MLD/2G,120.31,True,Candidate,parsed:single_value_assumed_unit,,1,2000.0,2000.0,2G
022579155,"CALCIPARINA*10SIR 12500UI0,5ML",120.06,False,Unresolved,unresolved,other,,,,
030912113,ELETTROL BIL MANT GLU II*20SAC,120.03,False,Unresolved,unresolved,other,,,,
033645019,DACARBAZINA MEDAC*10FL 100MG,119.99,True,Validated,parsed:direct_strength,,10,100.0,1000.0,10FL 100MG
023844044,"COMPENDIUM*OS GTT 20ML2,5MG/ML",119.46,True,Candidate,parsed:implied_unit_vol_conc,,1,50.0,50.0,"GTT 20ML2,5MG/ML"
039750068,SERTRALINA TEVA*30CPR RIV 50MG,119.37,True,Validated,parsed:direct_strength,,30,50.0,1500.0,30CPR RIV 50MG
037197050,ALFUZOSINA RAT*30CPR 10MG RP,119.27,True,Validated,parsed:direct_strength,,30,10.0,300.0,30CPR 10MG
033451269,BLOPRESS*28CPR 16MG,119.08,True,Validated,parsed:direct_strength,,28,16.0,448.0,28CPR 16MG
034001014,SINGULAIR*28CPR RIV 10MG,118.95,True,Validated,parsed:direct_strength,,28,10.0,280.0,28CPR RIV 10MG
035666080,XYZAL*20CPR RIV 5MG,118.78,True,Validated,parsed:direct_strength,,20,5.0,100.0,20CPR RIV 5MG
008477061,BIMIXIN*16CPR 25000UI+2500UI,118.49,False,Unresolved,unresolved,other,,,,
045432034,EZATEROS*28CPR 20MG+10MG,118.32,True,Validated,parsed:direct_strength,,28,20.0,560.0,28CPR 20MG
002860017,LUMINALE*IM 10F 1ML 200MG/ML,117.91,True,Validated,parsed:vol_conc,,10,200.0,2000.0,10F 1ML 200MG/ML
023097037,"VELAMOX*OS SOSP 100ML37,5MG/ML",117.85,False,Unresolved,unresolved,other,,,,
020766010,PLASIL*INIET 5F 2ML 10MG/2ML,117.75,False,Unresolved,unresolved,other,,,,
038381570,"RETACRIT*6SIR 2.000UI 0,6ML",117.63,False,Unresolved,unresolved,other,,,,
035146012,LIBRADIN*28CPS 20MG RM,117.47,True,Validated,parsed:direct_strength,,28,20.0,560.0,28CPS 20MG
033178892,TAREG*28CPR RIV 80MG,117.24,True,Validated,parsed:direct_strength,,28,80.0,2240.0,28CPR RIV 80MG
049864236,QUANTICO*20CPR RIV 60MG,117.22,True,Validated,parsed:direct_strength,,20,60.0,1200.0,20CPR RIV 60MG
037518065,TIORFIX*BB 16BUST GRAT 30MG,116.76,True,Validated,parsed:direct_strength,,16,30.0,480.0,16BUST GRAT 30MG
043401049,PREDNISONE DOC*10CPR 25MG,116.5,True,Validated,parsed:direct_strength,,10,25.0,250.0,10CPR 25MG
032944148,SEROQUEL*60CPR 300MG RP,115.98,True,Validated,parsed:direct_strength,,60,300.0,18000.0,60CPR 300MG
027234032,EXOCIN*COLL FL 10ML 3MG/ML,114.94,True,Candidate,parsed:implied_unit_vol_conc,,1,30.0,30.0,FL 10ML 3MG/ML
040633125,PIOGLITAZONE DOC*28CPR 30MG,114.9,True,Validated,parsed:direct_strength,,28,30.0,840.0,28CPR 30MG
036679064,INEGY*30CPR 10MG+10MG PVC/AL/P,114.84,True,Validated,parsed:direct_strength,,30,10.0,300.0,30CPR 10MG
043458025,LACIDIPINA DOC*28CPR RIV 4MG,114.56,True,Validated,parsed:direct_strength,,28,4.0,112.0,28CPR RIV 4MG
041311592,"IRBESARTAN ID SA*28CPR 300+12,",114.44,False,Unresolved,unresolved,other,,,,
027320011,NEOFURADANTIN*20CPS 50MG,114.12,True,Authoritative,aifa_ingredient_authoritative,,,,50.0,NITROFURANTOINA MACROCRISTALLI 50milligrammi
044686018,DOCETAXEL HIK*INF 20MG/ML,113.17,False,Unresolved,unresolved,other,,,,
022019020,TRANEX*30CPS 500MG,112.89,True,Validated,parsed:direct_strength,,30,500.0,15000.0,30CPS 500MG
023097102,VELAMOX*12CPR DISP 1G,112.7,True,Validated,parsed:direct_strength,,12,1000.0,12000.0,12CPR DISP 1G
013046077,ENTEROGERMINA*OS 10FL 4MLD 5ML,112.44,False,Unresolved,unresolved,other,,,,
021643010,ANAFRANIL*20CPR RIV 25MG,111.83,True,Validated,parsed:direct_strength,,20,25.0,500.0,20CPR RIV 25MG
024953034,MOTILIUM*30CPR RIV 10MG,111.6,True,Validated,parsed:direct_strength,,30,10.0,300.0,30CPR RIV 10MG
035998020,DELORAZEPAM RATIO*20CPR 1MG,111.32,True,Validated,parsed:direct_strength,,20,1.0,20.0,20CPR 1MG
028590014,FULCRO*20CPS 200MG,111.26,True,Validated,parsed:direct_strength,,20,200.0,4000.0,20CPS 200MG
041071046,FENOFIBRATO DOC*30CPR 145MG,110.96,True,Validated,parsed:direct_strength,,30,145.0,4350.0,30CPR 145MG
042234068,CARVEDILOLO AURO*30CPR 25MG,110.88,True,Validated,parsed:direct_strength,,30,25.0,750.0,30CPR 25MG
044090316,DEXTRADOL*GRAT 15BUST 75+25MG,110.81,True,Candidate,parsed:single_value_assumed_unit,,1,25.0,25.0,25MG
006979049,BUSCOPAN*6SUPP 10MG,110.67,True,Authoritative,aifa_ingredient_authoritative,,,,10.0,SCOPOLAMINA BUTILBROMURO 10milligrammi
040159182,DONEPEZIL ZENT*28CPR RIV 10MG,110.38,True,Validated,parsed:direct_strength,,28,10.0,280.0,28CPR RIV 10MG
023087024,"DIPROSONE*CREMA 30G 0,05%",110.25,True,Candidate,parsed:single_value_assumed_unit,,1,30000.0,30000.0,30G
037717028,FINASTERIDE SAND*15CPR RIV 5MG,110.0,True,Validated,parsed:direct_strength,,15,5.0,75.0,15CPR RIV 5MG
049883061,"WEGOVY*SC 1PEN 1,5ML 0,25MG/D",110.0,False,Unresolved,unresolved,other,,,,
037206392,SIMVASTATINA SAND*28CPR 40MG,109.91,True,Validated,parsed:direct_strength,,28,40.0,1120.0,28CPR 40MG
025267028,THEODUR 200*30CPR 200MG RP,109.81,True,Validated,parsed:direct_strength,,30,200.0,6000.0,30CPR 200MG
039304011,LORMETAZEPAM ABC*OS GTT 20ML,109.42,False,Unresolved,unresolved,other,,,,
028824035,LEPONEX*28CPR 25MG,109.08,True,Authoritative,aifa_ingredient_authoritative,,,,25.0,CLOZAPINA 25milligrammi
034899043,NATECAL D3*60CPR ORO600MG+400U,108.98,True,Validated,parsed:direct_strength,,60,600.0,36000.0,60CPR ORO600MG
031228024,VERAPAMIL HEX*30CPR 120MG RP,108.8,True,Validated,parsed:direct_strength,,30,120.0,3600.0,30CPR 120MG
051624017,ELAHERE*EV 1FL 20ML 5MG/ML,107.8,True,Validated,parsed:vol_conc,,1,100.0,100.0,1FL 20ML 5MG/ML
029534017,PIROXICAM EG*IM 6F 20MG 1ML,107.73,True,Authoritative,aifa_ingredient_authoritative,,,,20.0,PIROXICAM 20milligrammi
050080011,VYDURA*2LIOF 75MG,107.03,True,Candidate,parsed:single_value_assumed_unit,,1,75.0,75.0,75MG
027314018,"XATRAL*30CPR RIV 2,5MG",106.81,True,Validated,parsed:direct_strength,,30,2.5,75.0,"30CPR RIV 2,5MG"
020676019,INDOXEN*25CPS 25MG,106.77,True,Authoritative,aifa_ingredient_authoritative,,,,25.0,INDOMETACINA 25milligrammi
043266016,RINALGIT*SPRAY NAS 1FL 140D,106.48,False,Unresolved,unresolved,other,,,,
041438045,MEDIKINET*30CPS 10MG RM,106.24,True,Validated,parsed:direct_strength,,30,10.0,300.0,30CPS 10MG
002129017,DINTOINA*30CPR RIV 100MG,106.0,True,Validated,parsed:direct_strength,,30,100.0,3000.0,30CPR RIV 100MG
021835020,DORICUM*GTT ORL 10ML025+5MG/ML,105.97,False,Unresolved,unresolved,multi_active_combo,,,,
031115049,TOPSTER*RETT SOSP 10FL 3MG+CAN,105.78,True,Authoritative,aifa_ingredient_authoritative,,,,30.0,BECLOMETASONE 30milligrammi
023108184,AMOXICILLINA DOC*12CPR 1G,105.76,True,Validated,parsed:direct_strength,,12,1000.0,12000.0,12CPR 1G
040824082,TOLTERODINA DOC*14CPS 4MG RP,105.6,True,Validated,parsed:direct_strength,,14,4.0,56.0,14CPS 4MG
022531091,TAVOR*OS GTT FL 2MG/ML,105.38,False,Unresolved,unresolved,other,,,,
035612011,"ALPRAZOLAM AU*20CPR 0,25MG",105.32,True,Validated,parsed:direct_strength,,20,0.25,5.0,"20CPR 0,25MG"
027209117,SINVACOR*28CPR RIV 40MG,105.29,True,Authoritative,aifa_ingredient_authoritative,,,,40.0,SIMVASTATINA 40milligrammi
038139299,PANTOPRAZOLO SAND*28CPR 40MG,105.25,True,Validated,parsed:direct_strength,,28,40.0,1120.0,28CPR 40MG
004556027,GARDENALE*30CPR 50MG,105.12,True,Authoritative,aifa_ingredient_authoritative,,,,50.0,FENOBARBITALE 50milligrammi
031815020,ARTICAINA ADRENAL PIER*100CART,105.12,False,Unresolved,unresolved,other,,,,
050781184,ROTIGOTINA DOC*28CER 4MG/24H,105.0,False,Unresolved,unresolved,other,,,,
036027112,OLMETEC*28CPR RIV 40MG,104.61,True,Validated,parsed:direct_strength,,28,40.0,1120.0,28CPR RIV 40MG
038660080,EFFENTORA*28CPR MUCOSAOS600MCG,104.37,True,Validated,parsed:direct_strength,,28,0.6,16.8,28CPR MUCOSAOS600MCG
022531103,TAVOR*20CPR ORO 1MG,104.35,True,Validated,parsed:direct_strength,,20,1.0,20.0,20CPR ORO 1MG
041079056,LEFLUNOMIDE ZEN*30CPR 20MG FL,104.32,True,Validated,parsed:direct_strength,,30,20.0,600.0,30CPR 20MG
020660041,FLUIMUCIL ANTIB*3FL 500MG+3F,103.8,True,Authoritative,aifa_ingredient_authoritative,,,,500.0,TIAMFENICOLO GLICINATO ACETILCISTEINATO 500milligrammi
009340011,MYSOLINE*30CPR 250MG,103.73,True,Authoritative,aifa_ingredient_authoritative,,,,250.0,PRIMIDONE 250milligrammi
042328082,CELECOXIB SANDOZ*20CPS 200MG,103.55,True,Validated,parsed:direct_strength,,20,200.0,4000.0,20CPS 200MG
035215019,METFONORM*30CPR RIV 500MG,103.47,True,Validated,parsed:direct_strength,,30,500.0,15000.0,30CPR RIV 500MG
046652044,DRONEDARONE ARI*60CPR 400MG,103.44,True,Validated,parsed:direct_strength,,60,400.0,24000.0,60CPR 400MG
043277033,ROSUVASTATINA ZEN*28CPR 5MG,103.3,True,Validated,parsed:direct_strength,,28,5.0,140.0,28CPR 5MG
032392250,GONAL F*SC FL 75UI+SIR 1ML,102.84,False,Unresolved,unresolved,other,,,,
027491012,DENIBAN*12CPR 50MG,102.61,True,Validated,parsed:direct_strength,,12,50.0,600.0,12CPR 50MG
046271021,SILODOSINA DOC*30CPS 8MG,102.06,True,Validated,parsed:direct_strength,,30,8.0,240.0,30CPS 8MG
047576032,ZORIPOT*UNG 60G TUBO AL/EP,101.27,True,Candidate,parsed:single_value_assumed_unit,,1,60000.0,60000.0,60G
043942059,COLECALCIFEROLO MY*1FL 50000UI,100.95,False,Unresolved,unresolved,other,,,,
041889104,EQUASYM*30CPS 20MG RM,100.9,True,Validated,parsed:direct_strength,,30,20.0,600.0,30CPS 20MG
033551060,ACICLOVIR DOC*OS SOSP 100ML 8%,99.84,False,Unresolved,unresolved,other,,,,
036519015,GABAPENTIN ABC*50CPS 100MG,99.78,True,Validated,parsed:direct_strength,,50,100.0,5000.0,50CPS 100MG
026893065,URDES*20CPR GASTR 225MG,99.4,True,Validated,parsed:direct_strength,,20,225.0,4500.0,20CPR GASTR 225MG
034770014,AZOPT*COLL 1FL 5ML 10MG/ML,99.3,True,Validated,parsed:vol_conc,,1,50.0,50.0,1FL 5ML 10MG/ML
034090163,"MIRAPEXIN*10CPR 0,52MG RP",99.16,True,Validated,parsed:direct_strength,,10,0.52,5.2,"10CPR 0,52MG"
027341015,"ELOCON*CREMA 30G 0,1%",98.83,True,Authoritative,aifa_ingredient_authoritative,,,,100.0,MOMETASONE FUROATO 0.1grammi
041305018,NITROGLICERINA TE*15CER 5MG/24,98.82,False,Unresolved,unresolved,other,,,,
004225037,"METHERGIN*15CPR RIV 0,125MG",98.57,True,Validated,parsed:direct_strength,,15,0.125,1.875,"15CPR RIV 0,125MG"
040628024,GLUCOPHAGE UNID*60CPR 500MG RP,98.31,True,Validated,parsed:direct_strength,,60,500.0,30000.0,60CPR 500MG
037932023,LISINOPRIL ZENTIVA*14CPR 20MG,98.26,True,Validated,parsed:direct_strength,,14,20.0,280.0,14CPR 20MG
030512115,"GLICEROLO NA*6CONT 6,75G",98.23,True,Authoritative,aifa_ingredient_authoritative,,,,6750.0,GLICEROLO 6.75grammi
041305020,NITROGLICERINA TE*15CER10MG/24,97.81,False,Unresolved,unresolved,other,,,,
020854030,INDERAL*50CPR 40MG,97.69,True,Authoritative,aifa_ingredient_authoritative,,,,40.0,PROPRANOLOLO CLORIDRATO 40milligrammi
014371088,CORSODYL*GEL DENT 30G 1G/100G,97.64,True,Candidate,parsed:single_value_assumed_unit,,1,30000.0,30000.0,30G
043858051,SOLIFENACINA MY*30CPR RIV 5MG,97.63,True,Validated,parsed:direct_strength,,30,5.0,150.0,30CPR RIV 5MG
028717015,CARDIRENE*OS POLV 30BUST 160MG,96.97,True,Validated,parsed:direct_strength,,30,160.0,4800.0,30BUST 160MG
024596049,"FLUIBRON*OS NEBUL FL40ML 0,75%",96.78,True,Authoritative,aifa_ingredient_authoritative,,,,800.0,AMBROXOLO CLORIDRATO 0.8grammi
034934012,"ZANTIPRES*12CPR RIV 7,5MG",96.62,True,Validated,parsed:direct_strength,,12,7.5,90.0,"12CPR RIV 7,5MG"
035859040,SOTALOLO TEVA*40CPR 80MG,96.61,True,Validated,parsed:direct_strength,,40,80.0,3200.0,40CPR 80MG
026670024,"MITTOVAL*30CPR RIV 2,5MG",96.39,True,Authoritative,aifa_ingredient_authoritative,,,,2.5,ALFUZOSINA CLORIDRATO 2.5milligrammi
020602037,TEGRETOL*BB SCIR 250ML 20MG/ML,96.22,False,Unresolved,unresolved,other,,,,
050057037,BUDESONIDE DOC*50CPS 3MG RM FL,96.11,True,Validated,parsed:direct_strength,,50,3.0,150.0,50CPS 3MG
044836070,ZONISAMIDE VI*28CPS 50MG,95.84,True,Validated,parsed:direct_strength,,28,50.0,1400.0,28CPS 50MG
044765550,EZETIMIBE SIM TE*30CPR 10+20MG,95.81,True,Candidate,parsed:single_value_assumed_unit,,1,20.0,20.0,20MG
037021021,CODAMOL*16CPR RIV 500MG+30MG,95.78,True,Validated,parsed:direct_strength,,16,500.0,8000.0,16CPR RIV 500MG
036476149,LYRICA*21CPS 100MG,95.72,True,Validated,parsed:direct_strength,,21,100.0,2100.0,21CPS 100MG
026372072,CLASTEON*IM 6F 100+33MG LIDOC,95.61,True,Candidate,parsed:single_value_assumed_unit,,1,33.0,33.0,33MG
046284081,CINACALCET EG*28CPR RIV 90MG,95.5,True,Validated,parsed:direct_strength,,28,90.0,2520.0,28CPR RIV 90MG
045350257,ROSUMIBE*30CPR 20MG+10MG,95.21,True,Validated,parsed:direct_strength,,30,20.0,600.0,30CPR 20MG
050081052,RANOZEK*60CPR 500MG RP,95.13,True,Validated,parsed:direct_strength,,60,500.0,30000.0,60CPR 500MG
042368035,OLMESARTAN DOC*28CPR RIV 20MG,94.83,True,Validated,parsed:direct_strength,,28,20.0,560.0,28CPR RIV 20MG
047245016,IDROCLOROTIAZIDE AU*20CPR 25MG,94.83,True,Validated,parsed:direct_strength,,20,25.0,500.0,20CPR 25MG
029204043,"NUTRINEAL PD4*5SACCHE 2LT 1,1%",94.64,False,Unresolved,unresolved,other,,,,
033637051,HUMALOG*SC 5CART 3ML 100U/ML,94.05,False,Unresolved,unresolved,other,,,,
046288015,PAROXETINA TEVA*OS GTT FL 60ML,93.89,False,Unresolved,unresolved,other,,,,
041907027,"TIDOCOMB*COLL FL 5ML 2%+0,5%",93.69,False,Unresolved,unresolved,other,,,,
041438108,MEDIKINET*30CPS 40MG RM,93.23,True,Validated,parsed:direct_strength,,30,40.0,1200.0,30CPS 40MG
042245074,MEMANTINA DOC*28CPR RIV 20MG,93.1,True,Validated,parsed:direct_strength,,28,20.0,560.0,28CPR RIV 20MG
036690067,VYTORIN*30CPR 10MG+10MG,93.1,True,Validated,parsed:direct_strength,,30,10.0,300.0,30CPR 10MG
034836039,MESALAZINA SAND*7CLISMI 4G+7C,93.05,True,Candidate,parsed:single_value_assumed_unit,,1,4000.0,4000.0,4G
033657038,BERIATE*EV 1000UI+SOLV+S,92.97,False,Unresolved,unresolved,other,,,,
031228012,VERAPAMIL HEX*30CPR RIV 80MG,92.71,True,Validated,parsed:direct_strength,,30,80.0,2400.0,30CPR RIV 80MG
025928045,FERROFOLIN*OS 10FL 15ML,92.7,False,Unresolved,unresolved,other,,,,
023821034,VERMOX*30CPR 500MG,92.63,True,Authoritative,aifa_ingredient_authoritative,,,,500.0,MEBENDAZOLO 500milligrammi
026964039,FARGANESSE*INIET 5F 50MG/2ML,92.63,False,Unresolved,unresolved,other,,,,
036821852,LAMOTRIGINA DOC*56CPR DISP 100,92.63,False,Unresolved,unresolved,other,,,,
025682042,ENAPREN*28CPR 5MG,92.41,True,Validated,parsed:direct_strength,,28,5.0,140.0,28CPR 5MG
020891077,"GENTALYN*CREMA 30G 0,1%",92.41,True,Candidate,parsed:single_value_assumed_unit,,1,30000.0,30000.0,30G
045061165,ATAZANAVIR VI*30CPS 300MG,92.4,True,Validated,parsed:direct_strength,,30,300.0,9000.0,30CPS 300MG
042407066,"TRIPLIAM*30CPR 5+1,25+5MG FL",92.29,True,Candidate,parsed:single_value_assumed_unit,,1,5.0,5.0,5MG
044472025,DULOXETINA ZEN*28CPS GASTR30MG,92.25,True,Validated,parsed:direct_strength,,28,30.0,840.0,28CPS GASTR30MG
036279026,GENTAMICINA BETAM TEVA*CR 30G,91.99,True,Candidate,parsed:single_value_assumed_unit,,1,30000.0,30000.0,30G
049113018,LAMIVUDINA AU*28CPR RIV 100MG,91.97,True,Validated,parsed:direct_strength,,28,100.0,2800.0,28CPR RIV 100MG
034669174,FLUVOXAMINA EG*30CPR RIV 100MG,91.75,True,Validated,parsed:direct_strength,,30,100.0,3000.0,30CPR RIV 100MG
027753110,ZOLOFT*30CPR RIV 100MG,91.65,True,Validated,parsed:direct_strength,,30,100.0,3000.0,30CPR RIV 100MG
040592053,METFORMINA AUR*50CPR RIV 500MG,91.56,True,Validated,parsed:direct_strength,,50,500.0,25000.0,50CPR RIV 500MG
043837018,FENOFIBRATO EG*30CPR 145MG,91.31,True,Validated,parsed:direct_strength,,30,145.0,4350.0,30CPR 145MG
030360010,ZINCO OSSIDO MV*UNG 30G,90.64,True,Candidate,parsed:single_value_assumed_unit,,1,30000.0,30000.0,30G
039671021,BICALUTAMIDE EG*28CPR RIV150MG,90.54,True,Validated,parsed:direct_strength,,28,150.0,4200.0,28CPR RIV150MG
049300015,ARIPIPRAZOLO DOC*OS150ML1MG/ML,90.47,False,Unresolved,unresolved,other,,,,
042407167,"TRIPLIAM*30CPR 10+2,5+5MG FL",90.32,True,Candidate,parsed:single_value_assumed_unit,,1,5.0,5.0,5MG
026851028,GLUCOBAY*40CPR 50MG,90.26,True,Authoritative,aifa_ingredient_authoritative,,,,50.0,ACARBOSIO 50milligrammi
043866021,VEREGEN*UNG 1TUBO 30G 10%,90.1,True,Candidate,parsed:single_value_assumed_unit,,1,30000.0,30000.0,30G
049718024,AIRSALES*INAL25MCG+125MCG 120D,90.0,True,Candidate,parsed:single_value_assumed_unit,,1,0.025,0.025,25MCG
029453026,SANDIMMUN NEORAL*50CPS 50MG,89.61,True,Authoritative,aifa_ingredient_authoritative,,,,50.0,CICLOSPORINA 50milligrammi
033482023,ACICLOVIR ABC*OS 100ML 8%,89.54,False,Unresolved,unresolved,other,,,,
049404015,DEFERASIROX SAN*30CPR 90MG,89.28,True,Validated,parsed:direct_strength,,30,90.0,2700.0,30CPR 90MG
036679215,INEGY*30CPR 10MG+20MG PTFE/PVC,89.14,True,Validated,parsed:direct_strength,,30,10.0,300.0,30CPR 10MG
030816019,POTASSIO FOSFATO*5F 10ML 2MEQ/,89.07,False,Unresolved,unresolved,other,,,,
034102386,NUROFEN FEBBRE D*200MG/5ML FRA,88.82,False,Unresolved,unresolved,other,,,,
026890184,CLOPIXOL*OS GTT 20ML 20MG/ML,88.45,True,Candidate,parsed:implied_unit_vol_conc,,1,400.0,400.0,GTT 20ML 20MG/ML
035799028,RINOCLENIL*SPRAY 200ER 100MCG,88.44,True,Candidate,parsed:single_value_assumed_unit,,1,0.1,0.1,100MCG
023491083,MICOTEF*15 OV VAG 100MG,88.42,True,Validated,parsed:direct_strength,,15,100.0,1500.0,15 OV VAG 100MG
020609083,ISOPTIN*30CPR RIV 80MG,87.99,True,Validated,parsed:direct_strength,,30,80.0,2400.0,30CPR RIV 80MG
037135062,SMOFLIPID*10FL 500ML 200MG/ML,87.89,True,Validated,parsed:vol_conc,,10,100000.0,1000000.0,10FL 500ML 200MG/ML
039649052,TEMOZOLOMIDE TEVA*5CPS 100MG,87.84,True,Validated,parsed:direct_strength,,5,100.0,500.0,5CPS 100MG
050781285,ROTIGOTINA DOC*28CER 8MG/24H,87.06,False,Unresolved,unresolved,other,,,,
040210039,CISPLATINO ACC*1FL 50ML 1MG/ML,87.03,True,Validated,parsed:vol_conc,,1,50.0,50.0,1FL 50ML 1MG/ML
044602035,EZETIMIBE SIM DOC*30CPR10+20MG,86.99,True,Candidate,parsed:single_value_assumed_unit,,1,20.0,20.0,20MG
038534160,BICALUTAMIDE DOC*28CPR 150MG,86.32,True,Validated,parsed:direct_strength,,28,150.0,4200.0,28CPR 150MG
038500221,VENLAFAXINA TEVA*28CPS 150MG R,85.9,True,Validated,parsed:direct_strength,,28,150.0,4200.0,28CPS 150MG
024430023,GRADIENT*50CPS 5MG,85.84,True,Authoritative,aifa_ingredient_authoritative,,,,5.9,FLUNARIZINA DICLORIDRATO 5.9milligrammi
038477079,COVERLAM*30CPR 5MG+5MG FL,85.41,True,Validated,parsed:direct_strength,,30,5.0,150.0,30CPR 5MG
039936051,"PRAMIPEXOLO TEVA*30CPR 0,18MG",85.0,True,Validated,parsed:direct_strength,,30,0.18,5.4,"30CPR 0,18MG"
034512018,LOPERAMIDE DOC*30CPR 2MG,84.91,True,Validated,parsed:direct_strength,,30,2.0,60.0,30CPR 2MG
040368021,MONTELUKAST DOC*28CPR RIV 10MG,84.9,True,Validated,parsed:direct_strength,,28,10.0,280.0,28CPR RIV 10MG
027329010,FORMISTIN*20CPR RIV 10MG,84.48,True,Authoritative,aifa_ingredient_authoritative,,,,10.0,CETIRIZINA DICLORIDRATO 10milligrammi
044089314,LENIZAK*GRAT 15BUST 75+25MG,83.91,True,Candidate,parsed:single_value_assumed_unit,,1,25.0,25.0,25MG
047486131,FARPENTA*28CPR ORO 10MG,83.16,True,Validated,parsed:direct_strength,,28,10.0,280.0,28CPR ORO 10MG
048442038,ISTURISA*60CPR RIV 10MG,82.94,True,Validated,parsed:direct_strength,,60,10.0,600.0,60CPR RIV 10MG
049623388,"LENALIDOMIDE SUN*21CPS 2,5MG",82.79,True,Validated,parsed:direct_strength,,21,2.5,52.5,"21CPS 2,5MG"
037993021,FOSFOMICINA RAT*OS POLV 2BS 3G,82.73,True,Candidate,parsed:single_value_assumed_unit,,1,3000.0,3000.0,3G
041411024,DAKTARIN*CREMA DERM 30G 20MG/G,82.68,True,Candidate,parsed:single_value_assumed_unit,,1,30000.0,30000.0,30G
026608101,EFFERALGAN*10SUPP 300MG,82.6,True,Validated,parsed:direct_strength,,10,300.0,3000.0,10SUPP 300MG
039949045,OLANZAPINA DOC*28CPR RIV 10MG,82.5,True,Validated,parsed:direct_strength,,28,10.0,280.0,28CPR RIV 10MG
028878092,FORTRADOL*20CPR 100MG RP,82.03,True,Authoritative,aifa_ingredient_authoritative,,,,100.0,TRAMADOLO CLORIDRATO 100milligrammi
027808017,SPORANOX*8CPS 100MG,81.87,True,Authoritative,aifa_ingredient_authoritative,,,,100.0,ITRACONAZOLO 100milligrammi
029384043,LORTAAN*28CPR RIV 100MG,81.58,True,Authoritative,aifa_ingredient_authoritative,,,,100.0,LOSARTAN POTASSICO 100milligrammi
050055033,PIRFENIDONE TE*63CPR 267MG,81.48,True,Validated,parsed:direct_strength,,63,267.0,16821.0,63CPR 267MG
024227050,PANACEF*GRATxSOSP 250MG/5ML,81.29,False,Unresolved,unresolved,other,,,,
030805079,"SODIO CLORURO*0,9% 10F 10ML",81.23,False,Unresolved,unresolved,other,,,,
042325023,ACETILCISTEINA DOC*30CPR EF600,80.5,False,Unresolved,unresolved,other,,,,
036323032,DISUFEN*5F 5ML 50MCG/ML,80.38,True,Validated,parsed:vol_conc,,5,0.25,1.25,5F 5ML 50MCG/ML
027232040,VERTISERC*20CPR 24MG,80.18,True,Authoritative,aifa_ingredient_authoritative,,,,240.0,BETAISTINA DICLORIDRATO 240milligrammi
045432010,EZATEROS*28CPR 5MG+10MG,80.07,True,Validated,parsed:direct_strength,,28,5.0,140.0,28CPR 5MG
039422023,NAVIZAN*20CPR 2MG,80.0,True,Validated,parsed:direct_strength,,20,2.0,40.0,20CPR 2MG
039812021,"MITOBRIN*COLL 1FL 5ML 0,3%",80.0,False,Unresolved,unresolved,other,,,,
039557107,ARIA AIR LIQUIDE*200BAR 40LT,79.87,False,Unresolved,unresolved,other,,,,
025940026,AULIN*30CPR 100MG,79.58,True,Validated,parsed:direct_strength,,30,100.0,3000.0,30CPR 100MG
028978017,BACTROBAN*UNG 15G 20MG/G,79.46,True,Authoritative,aifa_ingredient_authoritative,,,,2578.0,MUPIROCINA CALCICA 2.578grammi
039153325,"REUMAFLEX*20MG 0,40ML SC 4SIR",79.26,True,Candidate,parsed:single_value_assumed_unit,,1,20.0,20.0,20MG
035498106,"BICAVERA*4,25% GLU 2000ML 4SAC",79.04,False,Unresolved,unresolved,other,,,,
038477358,COVERLAM*30CPR 10MG+5MG FL,78.94,True,Validated,parsed:direct_strength,,30,10.0,300.0,30CPR 10MG
035612175,"ALPRAZOLAM AU*20CPR 0,5MG",78.89,True,Validated,parsed:direct_strength,,20,0.5,10.0,"20CPR 0,5MG"
047984048,SILODOSINA AUR*30CPS 4MG,78.71,True,Validated,parsed:direct_strength,,30,4.0,120.0,30CPS 4MG
040592065,METFORMINA AUR*30CPR RIV 850MG,78.65,True,Validated,parsed:direct_strength,,30,850.0,25500.0,30CPR RIV 850MG
010386062,HIRUDOID 40000UI*CREMA 50G,78.45,True,Candidate,parsed:single_value_assumed_unit,,1,50000.0,50000.0,50G
043295031,FUCIMIXBETA*CREMA 30G 20+1MG/G,78.39,True,Candidate,parsed:single_value_assumed_unit,,1,30000.0,30000.0,30G
046221014,MOMECORT*SPRAY NAS 60D 50MCG,78.07,True,Candidate,parsed:single_value_assumed_unit,,1,0.05,0.05,50MCG
039674039,"REPAGLINIDE EG*90CPR 0,5MG",78.04,True,Validated,parsed:direct_strength,,90,0.5,45.0,"90CPR 0,5MG"
020609095,ISOPTIN*30CPR 180MG RP,78.02,True,Authoritative,aifa_ingredient_authoritative,,,,180.0,VERAPAMIL CLORIDRATO 180milligrammi
039557057,ARIA AIR LIQUIDE*200BAR 10LT,78.0,False,Unresolved,unresolved,other,,,,
020157018,CERULISINA*GTT OTO FL 20ML,77.75,False,Unresolved,unresolved,other,,,,
011782012,SINTROM*20CPR 4MG,77.65,True,Authoritative,aifa_ingredient_authoritative,,,,4.0,ACENOCUMAROLO 4milligrammi
026089108,AUGMENTIN*OS 12BUST875MG+125MG,77.22,True,Validated,parsed:direct_strength,,12,875.0,10500.0,12BUST875MG
028489021,FOLIDAR*30CPR 15MG,77.06,True,Validated,parsed:direct_strength,,30,15.0,450.0,30CPR 15MG
027807472,LAMICTAL*56CPR DISPERS 200MG,76.84,True,Authoritative,aifa_ingredient_authoritative,,,,200.0,LAMOTRIGINA 200milligrammi
041889155,EQUASYM*30CPS 30MG RM,76.71,True,Validated,parsed:direct_strength,,30,30.0,900.0,30CPS 30MG
023839018,"DIPROSALIC*UNG 30G 0,05%+3%",76.26,True,Candidate,parsed:single_value_assumed_unit,,1,30000.0,30000.0,30G
034836015,MESALAZINA SAND*50CPR RIV500MG,76.14,True,Validated,parsed:direct_strength,,50,500.0,25000.0,50CPR RIV500MG
037471176,LISINOPRIL SANDOZ*14CPR 20MG,75.9,True,Validated,parsed:direct_strength,,14,20.0,280.0,14CPR 20MG
036863191,SERTRALINA SAND*30CPR RIV100MG,75.9,True,Validated,parsed:direct_strength,,30,100.0,3000.0,30CPR RIV100MG
034842031,SIMECRIN*24CPR MAST 120MG,75.84,True,Validated,parsed:direct_strength,,24,120.0,2880.0,24CPR MAST 120MG
036980175,AMOXICILLINA AC CLA SAN*OS70ML,75.77,False,Unresolved,unresolved,other,,,,
026416305,ASACOL SUPPOSTE*28SUPP 1G,75.61,True,Authoritative,aifa_ingredient_authoritative,,,,1000.0,MESALAZINA 1grammi
041788062,PERINDOPRIL TE*30CPR RIV 5MG,75.5,True,Validated,parsed:direct_strength,,30,5.0,150.0,30CPR RIV 5MG
012745081,TACHIPIRINA*BB OS GTT 30ML 10%,75.47,False,Unresolved,unresolved,other,,,,
022907036,ORAP*20CPR 4MG,75.13,True,Validated,parsed:direct_strength,,20,4.0,80.0,20CPR 4MG
044267452,DULOXETINA VI*28CPS GASTR 30MG,74.94,True,Validated,parsed:direct_strength,,28,30.0,840.0,28CPS GASTR 30MG
039132067,OSSIGENO*COMPR 200BAR 10LT,74.84,False,Unresolved,unresolved,oxygen_gas,,,,
028978031,BACTROBAN*CREMA 15G 2%,74.77,True,Authoritative,aifa_ingredient_authoritative,,,,2578.0,MUPIROCINA CALCICA 2.578grammi
011782024,SINTROM*20CPR 1MG,74.71,True,Authoritative,aifa_ingredient_authoritative,,,,1.0,ACENOCUMAROLO 1milligrammi
044231037,ZONISAMIDE DOC*56CPS 100MG,74.64,True,Validated,parsed:direct_strength,,56,100.0,5600.0,56CPS 100MG
036476240,LYRICA*56CPS 300MG,74.23,True,Validated,parsed:direct_strength,,56,300.0,16800.0,56CPS 300MG
005982020,TOCALFA*20CPS MOLLI 50000UI+50,74.02,False,Unresolved,unresolved,other,,,,
049710041,SITAGLIPTIN MET EG*50+850MG,73.29,True,Candidate,parsed:single_value_assumed_unit,,1,850.0,850.0,850MG
022531053,TAVOR*20CPR RIV 1MG,73.2,True,Validated,parsed:direct_strength,,20,1.0,20.0,20CPR RIV 1MG
018610016,"CARNITENE*OS SOL 20ML 1,5G/5ML",73.1,False,Unresolved,unresolved,other,,,,
038660041,EFFENTORA*28CPR MUCOSAOS200MCG,73.02,True,Validated,parsed:direct_strength,,28,0.2,5.6,28CPR MUCOSAOS200MCG
040497505,ATORVASTATINA SA*30CPR RIV40MG,72.93,True,Validated,parsed:direct_strength,,30,40.0,1200.0,30CPR RIV40MG
050096015,SITAGLIPTIN AUR*28CPR RIV 25MG,72.48,True,Validated,parsed:direct_strength,,28,25.0,700.0,28CPR RIV 25MG
029861059,POTASSIO CLORURO*10F 2MEQ/ML,72.42,False,Unresolved,unresolved,other,,,,
027633041,AXIL*OS 10FL 400MG 7ML,72.37,True,Authoritative,aifa_ingredient_authoritative,,,,400.0,PIDOTIMOD 400milligrammi
032142022,"PLAKOUT*SOLUZ FL 150ML 0,12%",72.34,False,Unresolved,unresolved,other,,,,
037464029,CIPROFLOXACINA SA*10CPR 250MG,72.29,True,Validated,parsed:direct_strength,,10,250.0,2500.0,10CPR 250MG
044976088,FEBUXOSTAT TE*28CPR RIV 120MG,72.2,True,Validated,parsed:direct_strength,,28,120.0,3360.0,28CPR RIV 120MG
029393042,LOSAPREX*28CPR RIV 100MG,72.2,True,Authoritative,aifa_ingredient_authoritative,,,,100.0,LOSARTAN POTASSICO 100milligrammi
030793259,GLUCOSIO*33% 1FL 250ML,72.16,False,Unresolved,unresolved,other,,,,
027329022,FORMISTIN*OS GTT 20ML 10MG/ML,71.72,True,Authoritative,aifa_ingredient_authoritative,,,,10.0,CETIRIZINA DICLORIDRATO 10milligrammi
026851016,GLUCOBAY*40CPR 100MG,71.71,True,Authoritative,aifa_ingredient_authoritative,,,,100.0,ACARBOSIO 100milligrammi
033736024,AIRCORT*SPRAY NAS 200D 100MCG,71.7,True,Candidate,parsed:single_value_assumed_unit,,1,0.1,0.1,100MCG
035728017,OFTAQUIX*COLL 1FL 5ML 5MG/ML,71.5,True,Validated,parsed:vol_conc,,1,25.0,25.0,1FL 5ML 5MG/ML
033330010,NASONEX*SPRAY NAS 140D 50MCG,71.44,True,Candidate,parsed:single_value_assumed_unit,,1,0.05,0.05,50MCG
043811049,ELIPSODOX*28CPR 40MG+20MG RP,71.35,True,Validated,parsed:direct_strength,,28,40.0,1120.0,28CPR 40MG
038451011,PRADAXA*10CPS 75MG,71.15,True,Validated,parsed:direct_strength,,10,75.0,750.0,10CPS 75MG
030175020,ACIDO ACETILSALIC LFM*20CPR500,71.03,True,Authoritative,aifa_ingredient_authoritative,,,,500.0,ACIDO ACETILSALICILICO 500milligrammi
034055020,RINELON*SPRAY NAS 60D 50MCG,70.44,True,Candidate,parsed:single_value_assumed_unit,,1,0.05,0.05,50MCG
023639040,"CLOBESOL*UNG DERM 30G 0,05%",70.12,True,Candidate,parsed:single_value_assumed_unit,,1,30000.0,30000.0,30G
040043022,LEVOFLOXACINA DOC*5CPR 500MG,69.69,True,Validated,parsed:direct_strength,,5,500.0,2500.0,5CPR 500MG
044267502,DULOXETINA VI*28CPS GASTR 60MG,69.33,True,Validated,parsed:direct_strength,,28,60.0,1680.0,28CPS GASTR 60MG
036924013,"BODIX*NEBUL 20FL 2ML 0,25MG/ML",69.3,True,Validated,parsed:vol_conc,,20,0.5,10.0,"20FL 2ML 0,25MG/ML"
050115029,TICAGRELOR DR*56CPR RIV 60MG,68.99,True,Validated,parsed:direct_strength,,56,60.0,3360.0,56CPR RIV 60MG
022571018,CAPILLAREMA*30CPS 75MG,68.72,True,Authoritative,aifa_ingredient_authoritative,,,,75.0,AMINAFTONE 75milligrammi
037108026,"PLAUNAZIDE*28CPR RIV 20+12,5MG",68.55,True,Candidate,parsed:single_value_assumed_unit,,1,12.5,12.5,"12,5MG"
049915186,BUPRENORFINA NALOX*28CPR 8+2MG,68.44,True,Candidate,parsed:single_value_assumed_unit,,1,2.0,2.0,2MG
028533026,IDROQUARK*14CPR 5+25MG,68.34,True,Authoritative,aifa_ingredient_authoritative,,,,25.0,IDROCLOROTIAZIDE 25milligrammi
027002029,ORAXIM*12CPR RIV 250MG,68.31,True,Validated,parsed:direct_strength,,12,250.0,3000.0,12CPR RIV 250MG
033586025,AMIKACINA TEVA*IM EV 1F 1G 4ML,68.2,True,Validated,parsed:direct_strength,,1,1000.0,1000.0,1F 1G
040333229,OLANZAPINA SAN*28CPR RIV 5MG,67.93,True,Validated,parsed:direct_strength,,28,5.0,140.0,28CPR RIV 5MG
036924025,"BODIX*NEBUL 20FL 2ML 0,5MG/ML",67.76,True,Validated,parsed:vol_conc,,20,1.0,20.0,"20FL 2ML 0,5MG/ML"
002860043,LUMINALE*30CPR 15MG,67.73,True,Validated,parsed:direct_strength,,30,15.0,450.0,30CPR 15MG
027786072,APLACTIN*28CPR 40MG,67.71,True,Authoritative,aifa_ingredient_authoritative,,,,40.0,PRAVASTATINA 40milligrammi
033090034,ACIDO URSOD RAT*20CPR 450MG RP,67.56,True,Authoritative,aifa_ingredient_authoritative,,,,450.0,ACIDO URSODESOSSICOLICO 450milligrammi
028845016,MIVACRON*EV 5F 5ML 2MG/ML,67.48,True,Validated,parsed:vol_conc,,5,10.0,50.0,5F 5ML 2MG/ML
040144038,ZHEKORT*SPRAY 60D 1FL 10G,67.29,True,Validated,parsed:direct_strength,,1,10000.0,10000.0,1FL 10G
039987033,OLANZAPINA DOC*28CPR ORO 10MG,67.22,True,Validated,parsed:direct_strength,,28,10.0,280.0,28CPR ORO 10MG
025288059,PERMIXON*16CPS MOLLI 320MG,67.21,True,Authoritative,aifa_ingredient_authoritative,,,,320.0,REPENTINA 320milligrammi
025275013,DILADEL*50CPR DIV 60MG RM,67.2,True,Validated,parsed:direct_strength,,50,60.0,3000.0,50CPR DIV 60MG
036292050,AZATIOPRINA HEX*50CPR RIV 50MG,67.12,True,Validated,parsed:direct_strength,,50,50.0,2500.0,50CPR RIV 50MG
033006026,TOTALIP*30CPR RIV 10MG,66.58,True,Validated,parsed:direct_strength,,30,10.0,300.0,30CPR RIV 10MG
035575051,"PROTOPIC*UNG 0,03% 10G",66.58,True,Validated,parsed:pct_weight,,1,3.0,3.0,"0,03% 10G"
035728031,"OFTAQUIX*COLL 20FL0,3ML 5MG/ML",66.54,True,Validated,parsed:vol_conc,,20,1.5,30.0,"20FL0,3ML 5MG/ML"
037040058,METFORMINA EG*60CPR RIV 1000MG,66.4,True,Validated,parsed:direct_strength,,60,1000.0,60000.0,60CPR RIV 1000MG
016861015,IGROTON*30CPR 25MG,66.34,True,Authoritative,aifa_ingredient_authoritative,,,,25.0,CLORTALIDONE 25milligrammi
048352037,TEICOPLANINA BRA*IV IM OS200MG,65.76,True,Candidate,parsed:single_value_assumed_unit,,1,200.0,200.0,200MG
029136013,CLIPPER*SOSP 10MONOD 3MG/60ML,65.75,False,Unresolved,unresolved,other,,,,
042787150,CIQORIN*50CPS MOLLI 50MG,65.69,True,Validated,parsed:direct_strength,,50,50.0,2500.0,50CPS MOLLI 50MG
041467034,PARACETAMOLO EG*20CPR 500MG,65.46,True,Validated,parsed:direct_strength,,20,500.0,10000.0,20CPR 500MG
038381632,"RETACRIT*6SIR 5.000UI 0,5ML",65.34,False,Unresolved,unresolved,other,,,,
049599071,EBYNDO*20CPR RIV 75+650MG,65.33,True,Candidate,parsed:single_value_assumed_unit,,1,650.0,650.0,650MG
027020039,TILEXIM*6CPR RIV 500MG,65.32,True,Validated,parsed:direct_strength,,6,500.0,3000.0,6CPR RIV 500MG
023404092,DIAMICRON*60CPR 30MG RM,64.73,True,Validated,parsed:direct_strength,,60,30.0,1800.0,60CPR 30MG
040682027,QUETIAPINA DOC*30CPR RIV 25MG,64.67,True,Validated,parsed:direct_strength,,30,25.0,750.0,30CPR RIV 25MG
025278019,TILDIEM*50CPR 60MG RM,64.48,True,Validated,parsed:direct_strength,,50,60.0,3000.0,50CPR 60MG
034433122,FAMOTIDINA EG*20CPR RIV 40MG,64.38,True,Validated,parsed:direct_strength,,20,40.0,800.0,20CPR RIV 40MG
037681069,ZOLPIDEM RATIO*30CPR RIV 10MG,64.33,True,Validated,parsed:direct_strength,,30,10.0,300.0,30CPR RIV 10MG
043042047,"PRAMIPEXOLO SA*10CPR 0,52MG RP",64.28,True,Validated,parsed:direct_strength,,10,0.52,5.2,"10CPR 0,52MG"
038415016,FINASTERIDE DOC*15CPR RIV 5MG,64.11,True,Validated,parsed:direct_strength,,15,5.0,75.0,15CPR RIV 5MG
031044011,"ARGENTO PROTEINATO*0,5% 10ML",63.93,False,Unresolved,unresolved,other,,,,
030819041,"SODIO BICARB*1,4% 250ML",63.8,False,Unresolved,unresolved,other,,,,
039733011,FROBEN TOSSE GRASSA*SCIR 250ML,63.74,False,Unresolved,unresolved,other,,,,
025308038,IBUSTRIN*30CPR 200MG,63.39,True,Validated,parsed:direct_strength,,30,200.0,6000.0,30CPR 200MG
023145042,SINEMET*50CPR 100MG+25MG RM,63.36,True,Validated,parsed:direct_strength,,50,100.0,5000.0,50CPR 100MG
027267044,DIFLUCAN*10CPS 100MG,63.22,True,Authoritative,aifa_ingredient_authoritative,,,,100.0,FLUCONAZOLO 100milligrammi
027056011,"VASORETIC*14CPR 20MG+12,5MG",63.04,True,Authoritative,aifa_ingredient_authoritative,,,,20.0,ENALAPRIL MALEATO 20milligrammi
033551021,ACICLOVIR DOC*25CPR 400MG,62.8,True,Validated,parsed:direct_strength,,25,400.0,10000.0,25CPR 400MG
026664084,CIPROXIN*OS SOSP100ML250MG/5ML,62.73,False,Unresolved,unresolved,other,,,,
040014019,"OCTREOTIDE LIM*10F 0,05MG/ML",62.7,False,Unresolved,unresolved,other,,,,
040532020,LAZAPIR*28CPR OROD 10MG,62.45,True,Validated,parsed:direct_strength,,28,10.0,280.0,28CPR OROD 10MG
030554024,NIAOULI ESSENZA 2%*GTT NAS 20G,62.39,True,Validated,parsed:pct_weight,,1,400.0,400.0,2%*GTT NAS 20G
028159073,"ADVANTAN*CREMA 50G 0,1%",62.37,True,Candidate,parsed:single_value_assumed_unit,,1,50000.0,50000.0,50G
049614264,VERQUVO*10CPR RIV 10MG,62.27,True,Validated,parsed:direct_strength,,10,10.0,100.0,10CPR RIV 10MG
034497026,RELENZA*POLVxINAL 5ROTADISK 4D,62.0,False,Unresolved,unresolved,other,,,,
040629040,SLOWMET*60CPR 750MG RP,61.91,True,Validated,parsed:direct_strength,,60,750.0,45000.0,60CPR 750MG
035586027,"BUDESONIDE TE*NEB 2ML 0,5MG/ML",61.82,False,Unresolved,unresolved,other,,,,
023766037,ALGOFEN*24CPR RIV 200MG,61.59,True,Authoritative,aifa_ingredient_authoritative,,,,200.0,IBUPROFENE 200milligrammi
035810011,DOMPERIDONE MY*30CPR 10MG,61.4,True,Validated,parsed:direct_strength,,30,10.0,300.0,30CPR 10MG
037108242,"PLAUNAZIDE*28CPR RIV 40+12,5MG",61.25,True,Candidate,parsed:single_value_assumed_unit,,1,12.5,12.5,"12,5MG"
004905156,"PLACENTEX*5F 2,25MG 3ML",61.16,True,Validated,parsed:direct_strength,,5,2.25,11.25,"5F 2,25MG"
023834068,FLUIFORT*SCIR 200ML 90MG/ML+MI,61.12,False,Unresolved,unresolved,multi_active_combo,,,,
027232014,VERTISERC*50CPR 8MG,61.09,True,Authoritative,aifa_ingredient_authoritative,,,,8.0,BETAISTINA DICLORIDRATO 8milligrammi
038764078,PERINDOPRIL SAND*30CPR 4MG,60.8,True,Validated,parsed:direct_strength,,30,4.0,120.0,30CPR 4MG
044092120,EPLERENONE DOC*30CPR RIV 50MG,60.74,True,Validated,parsed:direct_strength,,30,50.0,1500.0,30CPR RIV 50MG
045960073,SAFUMIX*INAL 50MCG+500MCG 60D,60.56,True,Candidate,parsed:single_value_assumed_unit,,1,0.05,0.05,50MCG
036635062,"DIBASE*OS SOL FL 2,5ML 50000UI",60.55,False,Unresolved,unresolved,other,,,,
043003211,AMISULPRIDE MY*30CPR 400MG,60.37,True,Validated,parsed:direct_strength,,30,400.0,12000.0,30CPR 400MG
036823021,"BIFRIZIDE*28CPR RIV 30+12,5MG",60.37,True,Candidate,parsed:single_value_assumed_unit,,1,12.5,12.5,"12,5MG"
041024023,QUETIAPINA MY*30CPR RIV 25MG,59.94,True,Validated,parsed:direct_strength,,30,25.0,750.0,30CPR RIV 25MG
036743019,NIFEREX*50CPS 100MG,59.8,True,Validated,parsed:direct_strength,,50,100.0,5000.0,50CPS 100MG
034090035,"MIRAPEXIN*30CPR 0,18MG",59.76,True,Validated,parsed:direct_strength,,30,0.18,5.4,"30CPR 0,18MG"
021257062,ETAPIAM*FLEB 10F 500MG 3ML,59.69,True,Validated,parsed:direct_strength,,10,500.0,5000.0,10F 500MG
042038012,ESCITALOPRAM MY*GTT OS15ML20MG,59.6,True,Candidate,parsed:single_value_assumed_unit,,1,20.0,20.0,20MG
038751020,IRINOTECAN FRE*1FL 5ML 20MG/ML,59.4,True,Validated,parsed:vol_conc,,1,100.0,100.0,1FL 5ML 20MG/ML
042028050,OKITASK*OS GRAT 30BUST 40MG,59.4,True,Validated,parsed:direct_strength,,30,40.0,1200.0,30BUST 40MG
048314429,BISOPROLOLO ZENT*28CPR 5MG,59.37,True,Validated,parsed:direct_strength,,28,5.0,140.0,28CPR 5MG
038983021,SEVIKAR*28CPR RIV 20MG+5MG,59.32,True,Validated,parsed:direct_strength,,28,20.0,560.0,28CPR RIV 20MG
030769145,GLUCOSIO FKI*20% 1FL 500ML,59.29,False,Unresolved,unresolved,other,,,,
049108020,ALGIDRIN*OS 120ML 20MG/ML+SIR,59.18,False,Unresolved,unresolved,multi_active_combo,,,,
029006018,MISTRAL*IM 10F 100MG 2ML,59.17,True,Validated,parsed:direct_strength,,10,100.0,1000.0,10F 100MG
035144029,VASEXTEN*28CPS 10MG RM,58.93,True,Validated,parsed:direct_strength,,28,10.0,280.0,28CPS 10MG
027890110,SEREVENT*INAL 25MCG 120EROG,58.81,True,Authoritative,aifa_ingredient_authoritative,,,,4.36,SALMETEROLO XINAFOATO 4.36milligrammi
043227026,SIRDALUD*20CPR 2MG,58.74,True,Validated,parsed:direct_strength,,20,2.0,40.0,20CPR 2MG
022702017,ALDACTAZIDE*20CPR 25MG+25MG,58.52,True,Authoritative,aifa_ingredient_authoritative,,,,25.0,IDROCLOROTIAZIDE 25milligrammi
034090201,"MIRAPEXIN*30CPR 1,05MG RP",58.45,True,Validated,parsed:direct_strength,,30,1.05,31.5,"30CPR 1,05MG"
034930141,KESTINE*OS 30DOSI LIOF 10MG,58.14,True,Candidate,parsed:single_value_assumed_unit,,1,10.0,10.0,10MG
038927101,ZOLPIDEM DOC G*30CPR RIV 10MG,58.08,True,Validated,parsed:direct_strength,,30,10.0,300.0,30CPR RIV 10MG
025860053,"TOBRAL*GTT AURIC 0,3% 5ML",57.75,True,Authoritative,aifa_ingredient_authoritative,,,,300.0,TOBRAMICINA 0.3grammi
043749783,PREGABALIN TEVA*56CPS 150MG,57.66,True,Validated,parsed:direct_strength,,56,150.0,8400.0,56CPS 150MG
029864016,MANNITOLO SORBITOLO*SAC 3000ML,57.39,False,Unresolved,unresolved,other,,,,
040469025,ONDANSETRONE ACC*10F 2ML2MG/ML,56.65,True,Validated,parsed:vol_conc,,10,4.0,40.0,10F 2ML2MG/ML
045489109,TRIMBOW*POLxINAL120D 88+5+9MCG,56.27,True,Candidate,parsed:single_value_assumed_unit,,1,0.009,0.009,9MCG
037707445,TOPIRAMATO SAN*60CPR 25MG FL,56.22,True,Validated,parsed:direct_strength,,60,25.0,1500.0,60CPR 25MG
029224045,IPERTEN*28CPR 20MG,55.7,True,Authoritative,aifa_ingredient_authoritative,,,,20.0,MANIDIPINA CLORIDRATO 20milligrammi
037755271,TOPIRAMATO MY*60CPR RIV 100MG,55.7,True,Validated,parsed:direct_strength,,60,100.0,6000.0,60CPR RIV 100MG
028717039,CARDIRENE*OS POLV 30BUST 100MG,55.43,True,Validated,parsed:direct_strength,,30,100.0,3000.0,30BUST 100MG
036690218,VYTORIN*30CPR 10MG+20MG,55.22,True,Validated,parsed:direct_strength,,30,10.0,300.0,30CPR 10MG
006455051,NICOZID*IM IV 5F 5ML 500MG,55.06,True,Authoritative,aifa_ingredient_authoritative,,,,500.0,ISONIAZIDE 500milligrammi
048339016,TIOKLIRA*INAL 30CPS 18MCG,55.05,True,Validated,parsed:direct_strength,,30,0.018,0.54,30CPS 18MCG
043042148,"PRAMIPEXOLO SA*30CPR 2,1MG RP",55.0,True,Validated,parsed:direct_strength,,30,2.1,63.0,"30CPR 2,1MG"
010318032,"CORTIDRO*CREMA 20G 0,5%",54.94,True,Candidate,parsed:single_value_assumed_unit,,1,20000.0,20000.0,20G
022240129,MINOCIN*16CPS 50MG,54.83,True,Authoritative,aifa_ingredient_authoritative,,,,50.0,MINOCICLINA DICLORIDRATO 50milligrammi
036345015,FOLIDEX*28CPR 400MCG,54.82,True,Validated,parsed:direct_strength,,28,0.4,11.2,28CPR 400MCG
021894035,RITMODAN*40CPS 100MG,54.73,True,Authoritative,aifa_ingredient_authoritative,,,,100.0,DISOPIRAMIDE 100milligrammi
012048043,SALAZOPYRIN EN*100CPR 500MG FL,54.45,True,Validated,parsed:direct_strength,,100,500.0,50000.0,100CPR 500MG
008519011,JALURAN*IPOD.3F+3F 300UI,54.45,False,Unresolved,unresolved,other,,,,
040721019,DONEPEZIL DOC*28CPR RIV 5MG,54.37,True,Validated,parsed:direct_strength,,28,5.0,140.0,28CPR RIV 5MG
042416014,FASTJEKT*1PEN PRER 150MCG,54.26,True,Validated,parsed:direct_strength,,1,0.15,0.15,1PEN PRER 150MCG
040172025,PAROXETINA AUR*28CPR RIV 20MG,54.18,True,Validated,parsed:direct_strength,,28,20.0,560.0,28CPR RIV 20MG
049727086,LENALIDOMIDE AU*21CPS 5MG,54.18,True,Validated,parsed:direct_strength,,21,5.0,105.0,21CPS 5MG
035698240,"BALANCE*4,25% 5000ML 2SACCHE",54.08,False,Unresolved,unresolved,other,,,,
019888142,METHOTREXATE*INIET 4SIR 20MG,53.68,True,Validated,parsed:direct_strength,,4,20.0,80.0,4SIR 20MG
034294102,CLODY*IM 3F 200MG+40MG LIDOC,53.57,True,Validated,parsed:direct_strength,,3,200.0,600.0,3F 200MG
045241039,"NEODIDRO*5CPS MOLLI 0,266MG",53.49,True,Validated,parsed:direct_strength,,5,0.266,1.33,"5CPS MOLLI 0,266MG"
019822030,ALDACTONE*10CPR RIV 100MG,53.48,True,Validated,parsed:direct_strength,,10,100.0,1000.0,10CPR RIV 100MG
049014083,OXYPRONAL*28CPR 40MG+20MG RP,53.44,True,Validated,parsed:direct_strength,,28,40.0,1120.0,28CPR 40MG
041290127,REPAGLINIDE ZENT*90CPR 2MG,53.4,True,Validated,parsed:direct_strength,,90,2.0,180.0,90CPR 2MG
027750037,"FLOLAN*EV FL 1,5MG+2FL 50ML",53.35,True,Candidate,parsed:single_value_assumed_unit,,1,1.5,1.5,"1,5MG"
038554022,KETOROLAC MY*GTT OS20MG/ML10ML,53.2,False,Unresolved,unresolved,other,,,,
034114076,"COTAREG*28CPR RIV 160MG+12,5MG",52.74,True,Validated,parsed:direct_strength,,28,160.0,4480.0,28CPR RIV 160MG
039145192,DONEPEZIL SAND*28CPR RIV 10MG,52.7,True,Validated,parsed:direct_strength,,28,10.0,280.0,28CPR RIV 10MG
041273018,"YELLOX*COLL FL 5ML 0,9MG/ML",52.55,True,Candidate,parsed:implied_unit_vol_conc,,1,4.5,4.5,"FL 5ML 0,9MG/ML"
033656442,ENANTYUM*20CPR RIV 25MG,52.5,True,Validated,parsed:direct_strength,,20,25.0,500.0,20CPR RIV 25MG
045648045,LACOSAMIDE SAN*56CPR RIV 50MG,52.31,True,Validated,parsed:direct_strength,,56,50.0,2800.0,56CPR RIV 50MG
034463113,ALIFLUS*INAL 25MCG+125MCG 120D,52.26,True,Candidate,parsed:single_value_assumed_unit,,1,0.025,0.025,25MCG
038946137,GIANT*28CPR RIV 40MG+10MG,52.2,True,Validated,parsed:direct_strength,,28,40.0,1120.0,28CPR RIV 40MG
033878024,CARBAMAZEPINA EG*30CPR 400MG,52.07,True,Validated,parsed:direct_strength,,30,400.0,12000.0,30CPR 400MG
041360025,LISATHYONE*10FL 600MG+10F 3ML,51.92,True,Validated,parsed:direct_strength,,10,600.0,6000.0,10FL 600MG
023603018,PEVARYL*CREMA 30G 1%,51.92,True,Candidate,parsed:single_value_assumed_unit,,1,30000.0,30000.0,30G
015148024,FARLUTAL*12CPR 10MG,51.91,True,Validated,parsed:direct_strength,,12,10.0,120.0,12CPR 10MG
020609044,ISOPTIN*30CPR 120MG RP,51.86,True,Authoritative,aifa_ingredient_authoritative,,,,120.0,VERAPAMIL CLORIDRATO 120milligrammi
010681029,ETILTOX*30CPR 200MG,51.66,True,Validated,parsed:direct_strength,,30,200.0,6000.0,30CPR 200MG
051605018,VYLOY*EV 1FL 100MG 20MG/ML,51.65,True,Validated,parsed:direct_strength,,1,100.0,100.0,1FL 100MG
030649255,ACQUA PI SALF*5F 10ML,51.62,False,Unresolved,unresolved,other,,,,
037140047,GANFORT*COLL30FL 300MCG+5MG/ML,51.47,True,Validated,parsed:direct_strength,,30,0.3,9.0,30FL 300MCG
033225020,LERCADIP*28CPR RIV 10MG,51.38,True,Validated,parsed:direct_strength,,28,10.0,280.0,28CPR RIV 10MG
025316011,METADOXIL*30CPR 500MG,51.24,True,Authoritative,aifa_ingredient_authoritative,,,,500.0,METADOXINA 500milligrammi
041885029,DONEPEZIL AURO*28CPR RIV 5MG,51.12,True,Validated,parsed:direct_strength,,28,5.0,140.0,28CPR RIV 5MG
041962034,ASPIRINA DOLORE INF*20CPR500MG,50.98,True,Validated,parsed:direct_strength,,20,500.0,10000.0,20CPR500MG
043277223,ROSUVASTATINA ZEN*28CPR 40MG,50.64,True,Validated,parsed:direct_strength,,28,40.0,1120.0,28CPR 40MG
042461032,PARACETAMOLO DOC*30CPR 500MG,50.51,True,Validated,parsed:direct_strength,,30,500.0,15000.0,30CPR 500MG
046491015,TOLERAK*CREMA 20G 40MG/G,50.35,True,Candidate,parsed:single_value_assumed_unit,,1,20000.0,20000.0,20G
028614081,ACICLIN*35CPR 800MG,50.05,True,Authoritative,aifa_ingredient_authoritative,,,,800.0,ACICLOVIR 800milligrammi
027152038,UNIXIME*5CPR RIV 400MG,50.04,True,Validated,parsed:direct_strength,,5,400.0,2000.0,5CPR RIV 400MG
016541031,ALFAFLOR*COLLIRIO FL+FL 3ML,50.01,False,Unresolved,unresolved,other,,,,
020605022,COLBIOCIN*UNG OFT 5G,49.63,True,Candidate,parsed:single_value_assumed_unit,,1,5000.0,5000.0,5G
036564045,VESIKER*30CPR RIV 5MG,49.62,True,Validated,parsed:direct_strength,,30,5.0,150.0,30CPR RIV 5MG
041290077,REPAGLINIDE ZENT*90CPR 1MG,49.45,True,Validated,parsed:direct_strength,,90,1.0,90.0,90CPR 1MG
048940023,SITAGLIPTIN MY*28CPR 25MG,49.41,True,Validated,parsed:direct_strength,,28,25.0,700.0,28CPR 25MG
033816012,"SICCAFLUID*GEL OFT 10G 2,5MG/G",49.4,True,Candidate,parsed:single_value_assumed_unit,,1,10000.0,10000.0,10G
037852011,METAMIZOLO SODICO ABC*GTT 20ML,49.28,False,Unresolved,unresolved,other,,,,
039962168,CEFPODOXIMA SAN*OS POLV 100ML,49.17,False,Unresolved,unresolved,other,,,,
034292110,NIKLOD*IM 5F 200+40MG 4ML LIDO,49.13,True,Candidate,parsed:single_value_assumed_unit,,1,40.0,40.0,40MG
035935030,PROTAPHANE*SC 1FL 10ML100UI/ML,49.06,False,Unresolved,unresolved,other,,,,
028667107,FLIXOTIDE*INAL 250MCG 120DOSI,49.02,True,Candidate,parsed:single_value_assumed_unit,,1,0.25,0.25,250MCG
041907015,"TIDOCOMB*COLL 30FL 2%+0,5%",48.84,False,Unresolved,unresolved,other,,,,
025166024,KADIUR*20CPR RIV 50MG+5MG,48.82,True,Validated,parsed:direct_strength,,20,50.0,1000.0,20CPR RIV 50MG
022323190,TRITTICO*30CPR 300MG RP CONTR,48.73,True,Validated,parsed:direct_strength,,30,300.0,9000.0,30CPR 300MG
030486029,EOSINA PHARMA TRENTA*1% 100G,48.48,True,Validated,parsed:pct_weight,,1,1000.0,1000.0,1% 100G
032023083,TOPAMAX*60CPS 15MG FL,48.38,True,Validated,parsed:direct_strength,,60,15.0,900.0,60CPS 15MG
039674092,REPAGLINIDE EG*90CPR 1MG,48.23,True,Validated,parsed:direct_strength,,90,1.0,90.0,90CPR 1MG
033299013,MALARONE*12CPR RIV 250MG+100MG,47.99,True,Validated,parsed:direct_strength,,12,250.0,3000.0,12CPR RIV 250MG
021736020,"GENTALYN BETA*CR 30G 0,1%+0,1%",47.95,True,Candidate,parsed:single_value_assumed_unit,,1,30000.0,30000.0,30G
044345015,"BIMADOC*1FL COLL 3ML 0,1MG/ML",47.73,True,Validated,parsed:vol_conc,,1,0.3,0.3,"1FL COLL 3ML 0,1MG/ML"
018805022,"ETACORTILEN*COLL 20D 0,3ML",47.71,False,Unresolved,unresolved,other,,,,
048959086,LACOSAMIDE ZEN*56CPR RIV 150MG,47.69,True,Validated,parsed:direct_strength,,56,150.0,8400.0,56CPR RIV 150MG
034090237,"MIRAPEXIN*30CPR 2,1MG RP",47.64,True,Validated,parsed:direct_strength,,30,2.1,63.0,"30CPR 2,1MG"
038483071,REAPTAN*30CPR 5MG+5MG FL,47.6,True,Validated,parsed:direct_strength,,30,5.0,150.0,30CPR 5MG
051277085,"PERINDOPRIL IN AM TE*10+2,5+5",47.52,False,Unresolved,unresolved,other,,,,
036626012,METFORMINA TEVA*60CPR 1000MG,47.43,True,Validated,parsed:direct_strength,,60,1000.0,60000.0,60CPR 1000MG
035409010,"TRAVATAN*COLL 1FL2,5ML40MCG/ML",47.41,True,Validated,parsed:vol_conc,,1,0.1,0.1,"1FL2,5ML40MCG/ML"
045412044,FEBUXOSTAT DOC*28CPR RIV 120MG,47.29,True,Validated,parsed:direct_strength,,28,120.0,3360.0,28CPR RIV 120MG
027753096,ZOLOFT*OS SOL FL 20MG/ML 60ML,47.19,False,Unresolved,unresolved,other,,,,
037126137,AMISULPRIDE EG*12CPR 50MG,47.18,True,Validated,parsed:direct_strength,,12,50.0,600.0,12CPR 50MG
042117010,CEFIXIMA DOC*5CPR RIV 400MG,47.12,True,Validated,parsed:direct_strength,,5,400.0,2000.0,5CPR RIV 400MG
039233034,LERCANIDIPINA DOC*28CPR 10MG,47.09,True,Validated,parsed:direct_strength,,28,10.0,280.0,28CPR 10MG
030680019,PAPAVERINA CLORIDR*5F 30MG 2ML,47.02,True,Validated,parsed:direct_strength,,5,30.0,150.0,5F 30MG
035953025,"LAXIPEG*OS POLV 20BUST 9,7G",46.44,True,Validated,parsed:direct_strength,,20,9700.0,194000.0,"20BUST 9,7G"
043577016,CILOSTAZOLO MY*28CPR 100MG,46.2,True,Validated,parsed:direct_strength,,28,100.0,2800.0,28CPR 100MG
040387019,"BRESTORAL*30CPR RIV 2,5MG",45.99,True,Validated,parsed:direct_strength,,30,2.5,75.0,"30CPR RIV 2,5MG"
040645069,"LETROZOLO MY*30CPR RIV 2,5MG",45.84,True,Validated,parsed:direct_strength,,30,2.5,75.0,"30CPR RIV 2,5MG"
049282142,LENALIDOMIDE MY*21CPS 20MG,45.75,True,Validated,parsed:direct_strength,,21,20.0,420.0,21CPS 20MG
034454013,LIDOCAINA OGNA*OS SPR 50G+15%,45.62,True,Candidate,parsed:single_value_assumed_unit,,1,50000.0,50000.0,50G
030942647,"SODIO CLORURO*0,9% 50SAC 100ML",45.6,False,Unresolved,unresolved,other,,,,
033178359,TAREG*28CPR RIV 320MG,45.31,True,Validated,parsed:direct_strength,,28,320.0,8960.0,28CPR RIV 320MG
016531016,HUMATIN*16CPS 250MG,45.1,True,Authoritative,aifa_ingredient_authoritative,,,,250.0,PAROMOMICINA SOLFATO 250milligrammi
010834012,ATARAX*SCIR FL 150ML 20MG/10ML,44.97,False,Unresolved,unresolved,other,,,,
022393058,ADRIBLASTINA*EV 1F 10MG/5ML,44.88,False,Unresolved,unresolved,other,,,,
026695015,STILNOX*30CPR RIV 10MG,44.78,True,Validated,parsed:direct_strength,,30,10.0,300.0,30CPR RIV 10MG
027267020,DIFLUCAN*2CPS 150MG,44.73,True,Validated,parsed:direct_strength,,2,150.0,300.0,2CPS 150MG
044673034,SILDENAFIL TE*90CPR RIV 20MG,44.66,True,Validated,parsed:direct_strength,,90,20.0,1800.0,90CPR RIV 20MG
043236140,OLMESARTAN TEVA*28CPR RIV40MG,44.18,True,Validated,parsed:direct_strength,,28,40.0,1120.0,28CPR RIV40MG
031103017,ZOLFO E POTASSIO CARBONATO*UNG,44.15,False,Unresolved,unresolved,other,,,,
023892033,"MINIRIN/DDAVP*SPRAY NAS0,125MG",44.08,True,Candidate,parsed:single_value_assumed_unit,,1,0.125,0.125,"0,125MG"
026510038,DIFOSFONAL*EV 6F 300MG 10ML,44.08,True,Validated,parsed:direct_strength,,6,300.0,1800.0,6F 300MG
034114140,COTAREG*28CPR RIV 160MG+25MG,44.06,True,Validated,parsed:direct_strength,,28,160.0,4480.0,28CPR RIV 160MG
034424010,MIOTENS*IM 6F 4MG 2ML,44.02,True,Validated,parsed:direct_strength,,6,4.0,24.0,6F 4MG
029006032,MISTRAL*IM 4F 300MG 3ML,43.91,True,Validated,parsed:direct_strength,,4,300.0,1200.0,4F 300MG
038616049,NEBIVOLOLO AURO*28CPR 5MG,43.65,True,Validated,parsed:direct_strength,,28,5.0,140.0,28CPR 5MG
035390018,CLOZAPINA CHIESI*28CPR 25MG,43.6,True,Validated,parsed:direct_strength,,28,25.0,700.0,28CPR 25MG
038722029,KETOPROFENE LISINA MY*30BS80MG,43.51,True,Candidate,parsed:single_value_assumed_unit,,1,80.0,80.0,80MG
029032036,CODEX*10BUST 5MLD 250MG,43.49,True,Candidate,parsed:single_value_assumed_unit,,1,250.0,250.0,250MG
021213018,"URALYT U*OS GRAT 99,8G",43.27,True,Authoritative,aifa_ingredient_authoritative,,,,99800.0,KALNACITRATO 99.8grammi
034187233,"BLOPRESID*28CPR 32MG+12,5MG",43.26,True,Validated,parsed:direct_strength,,28,32.0,896.0,28CPR 32MG
042363034,"PRAMIPEXOLO PE*10CPR 0,52MG RP",43.23,True,Validated,parsed:direct_strength,,10,0.52,5.2,"10CPR 0,52MG"
043918147,OLMESARTAN EG*28CPR 20MG,42.86,True,Validated,parsed:direct_strength,,28,20.0,560.0,28CPR 20MG
034090136,"MIRAPEXIN*10CPR 0,26MG RP",42.24,True,Validated,parsed:direct_strength,,10,0.26,2.6,"10CPR 0,26MG"
029845031,ELETTROL EQUIL PED*250ML,42.24,False,Unresolved,unresolved,other,,,,
038983247,SEVIKAR*28CPR RIV 40MG+10MG,42.03,True,Validated,parsed:direct_strength,,28,40.0,1120.0,28CPR RIV 40MG
037213257,SIMVASTATINA HEX*28CPR 20MG,42.0,True,Validated,parsed:direct_strength,,28,20.0,560.0,28CPR 20MG
045769015,"ALPHAGAN*COLL FL 5ML 0,2%",41.96,False,Unresolved,unresolved,other,,,,
020213144,BENEXOL*20CPR GASTR FL,41.95,False,Unresolved,unresolved,other,,,,
045236015,ACTIKERALL*1FLSOL CUT5+100MG/G,41.87,False,Unresolved,unresolved,other,,,,
037812068,BICALUTAMIDE RAT*28CPR RIV50MG,41.54,True,Validated,parsed:direct_strength,,28,50.0,1400.0,28CPR RIV50MG
016805032,SERENASE*20CPR 1MG,41.5,True,Authoritative,aifa_ingredient_authoritative,,,,1.0,ALOPERIDOLO 1milligrammi
040668093,METFORMINA EG*30CPR RIV 850MG,41.23,True,Validated,parsed:direct_strength,,30,850.0,25500.0,30CPR RIV 850MG
037880097,RUPAFIN*OS FL 120ML 1MG/ML,41.09,True,Candidate,parsed:implied_unit_vol_conc,,1,120.0,120.0,FL 120ML 1MG/ML
030161020,GENTAMICINA SOLFATO*F 80MG/2ML,41.06,False,Unresolved,unresolved,other,,,,
025623051,MONOCINQUE*50CPR DIV 20MG,40.97,True,Authoritative,aifa_ingredient_authoritative,,,,20.0,ISOSORBIDE MONONITRATO 20milligrammi
043254059,"VESOMNI*30CPR 6MG+0,4MG RM",40.94,True,Validated,parsed:direct_strength,,30,6.0,180.0,30CPR 6MG
040532018,LAZAPIR*28CPR OROD 5MG,40.92,True,Validated,parsed:direct_strength,,28,5.0,140.0,28CPR OROD 5MG
043042011,"PRAMIPEXOLO SA*10CPR 0,26MG RP",40.86,True,Validated,parsed:direct_strength,,10,0.26,2.6,"10CPR 0,26MG"
044810036,ROSUVASTATINA DOC*28CPR RIV10,40.76,False,Unresolved,unresolved,other,,,,
027388040,"ECOCAIN*50CART 1,8ML ADR 1:100",40.69,False,Unresolved,unresolved,other,,,,
033555032,FLUOXETINA DOC*28CPS 20MG,40.57,True,Validated,parsed:direct_strength,,28,20.0,560.0,28CPS 20MG
037448026,"BRUNISTILL*COLL20FL 0,5ML0,025",40.56,False,Unresolved,unresolved,other,,,,
050041019,NALISAR*28CPR 1MG,40.42,True,Validated,parsed:direct_strength,,28,1.0,28.0,28CPR 1MG
043496266,CHOLECOMB*30CPS 5MG+10MG,40.36,True,Validated,parsed:direct_strength,,30,5.0,150.0,30CPS 5MG
043902016,RASARAL*28CPR 1MG,40.35,True,Validated,parsed:direct_strength,,28,1.0,28.0,28CPR 1MG
044612024,TADALAFIL DOC*28CPR RIV 5MG,40.29,True,Validated,parsed:direct_strength,,28,5.0,140.0,28CPR RIV 5MG
044352045,RASAGILINA EG*28CPR 1MG,40.28,True,Validated,parsed:direct_strength,,28,1.0,28.0,28CPR 1MG
044203026,ROSUVASTATINA AU*28CPR 5MG,40.04,True,Validated,parsed:direct_strength,,28,5.0,140.0,28CPR 5MG
040347027,COMBITIMOR*COLL 1FL 5ML,40.0,False,Unresolved,unresolved,other,,,,
016747026,INTRAFER*OS GTT 30ML 50MG/ML,39.87,True,Candidate,parsed:implied_unit_vol_conc,,1,1500.0,1500.0,GTT 30ML 50MG/ML
029020017,"FOSICOMBI*14CPR 20MG+12,5MG",39.84,True,Authoritative,aifa_ingredient_authoritative,,,,12.5,IDROCLOROTIAZIDE 12.5milligrammi
042241024,MEMANTINA AURO*28CPR RIV 20MG,39.7,True,Validated,parsed:direct_strength,,28,20.0,560.0,28CPR RIV 20MG
046461012,TRAUSAN*OS 10BUST 1G,39.67,True,Validated,parsed:direct_strength,,10,1000.0,10000.0,10BUST 1G
002860031,LUMINALE*20CPR 100MG,39.66,True,Validated,parsed:direct_strength,,20,100.0,2000.0,20CPR 100MG
045935018,IRINTO*EV FL 2ML 20MG/ML,39.6,True,Candidate,parsed:implied_unit_vol_conc,,1,40.0,40.0,FL 2ML 20MG/ML
045189077,"XANAX*20CPR 0,25MG",39.53,True,Validated,parsed:direct_strength,,20,0.25,5.0,"20CPR 0,25MG"
028969020,"DELAPRIDE*28CPR 30MG+2,5MG FL",39.41,True,Validated,parsed:direct_strength,,28,30.0,840.0,28CPR 30MG
034821049,ACETILCISTEINA EG*30CPR EFF600,39.34,False,Unresolved,unresolved,other,,,,
039775046,SILODYX*30CPS 4MG,39.21,True,Validated,parsed:direct_strength,,30,4.0,120.0,30CPS 4MG
024542019,LENTOGEST*IM 1F 341MG/2ML,39.07,False,Unresolved,unresolved,other,,,,
037654011,CETIRIZINA DOC*20CPR RIV 10MG,39.06,True,Validated,parsed:direct_strength,,20,10.0,200.0,20CPR RIV 10MG
042864049,FLEIDERINA*30CPS 100MG RP,38.91,True,Validated,parsed:direct_strength,,30,100.0,3000.0,30CPS 100MG
015784034,BIOCHETASI*OS GRAT EFF 20BUST,38.74,False,Unresolved,unresolved,other,,,,
037755079,TOPIRAMATO MY*60CPR RIV 25MG,38.73,True,Validated,parsed:direct_strength,,60,25.0,1500.0,60CPR RIV 25MG
029001068,DERMESTRIL SEPTEM*4CER50MCG/24,38.72,False,Unresolved,unresolved,other,,,,
043109038,IBUPROFENE DOC*30CPR RIV 600MG,38.7,True,Validated,parsed:direct_strength,,30,600.0,18000.0,30CPR RIV 600MG
049512078,TADOMON*30CPR 25MG RP,38.67,True,Validated,parsed:direct_strength,,30,25.0,750.0,30CPR 25MG
028969032,"DELAPRIDE*28CPR 30MG+2,5MG",38.57,True,Authoritative,aifa_ingredient_authoritative,,,,30.0,DELAPRIL 30milligrammi
028877025,"SELG*OS POLV 16BUST 17,5G250ML",38.55,True,Validated,parsed:direct_strength,,16,17500.0,280000.0,"16BUST 17,5G"
035943051,TAMIFLU*OS SOSP FL 13G 6MG/ML,38.42,True,Candidate,parsed:single_value_assumed_unit,,1,13000.0,13000.0,13G
035821065,ALGIX*20CPR RIV 60MG AL/AL,38.42,True,Validated,parsed:direct_strength,,20,60.0,1200.0,20CPR RIV 60MG
035568043,"TRANSTEC*3CER 30MG 52,5MCG/H",38.41,True,Validated,parsed:direct_strength,,3,30.0,90.0,3CER 30MG
045934039,OLMESARTAN AM EG*28CPR 20+5MG,38.15,True,Candidate,parsed:single_value_assumed_unit,,1,5.0,5.0,5MG
034167027,"ATENOLOLO CLOR DOC*28CPR50+12,",38.11,False,Unresolved,unresolved,other,,,,
038565141,LERCAPREL*28CPR RIV 20MG+10MG,38.05,True,Validated,parsed:direct_strength,,28,20.0,560.0,28CPR RIV 20MG
025035015,CORDARONE*20CPR 200MG,37.8,True,Authoritative,aifa_ingredient_authoritative,,,,200.0,AMIODARONE CLORIDRATO 200milligrammi
028853075,CONTRAMAL*10CPR 150MG RP,37.79,True,Validated,parsed:direct_strength,,10,150.0,1500.0,10CPR 150MG
028759049,SEROPRAM*OS GTT 15ML 40MG/ML,37.6,True,Candidate,parsed:implied_unit_vol_conc,,1,600.0,600.0,GTT 15ML 40MG/ML
030905018,ACQUA PI*SACCA 3000ML IRRIG,37.58,False,Unresolved,unresolved,other,,,,
026129015,"GLIBOMET*40CPR RIV 400MG+2,5MG",37.58,True,Authoritative,aifa_ingredient_authoritative,,,,400.0,GLIBENCLAMIDE 400milligrammi
026510091,DIFOSFONAL*IM 3F 200MG/4ML+LID,37.5,False,Unresolved,unresolved,other,,,,
044257069,METOTREXATO DOC*SC 4SIR 10MG,37.49,True,Validated,parsed:direct_strength,,4,10.0,40.0,4SIR 10MG
024411035,FLUNAGEN*50CPR DIV 10MG,37.34,True,Authoritative,aifa_ingredient_authoritative,,,,10.0,FLUNARIZINA DICLORIDRATO 10milligrammi
026834010,ZESTRIL*14CPR 5MG,37.09,True,Validated,parsed:direct_strength,,14,5.0,70.0,14CPR 5MG
048509083,PERINDOPRIL AML TE*30CPR 10+10,36.8,False,Unresolved,unresolved,other,,,,
047083023,SOLEMANTIS*OS SOL 50ML 10MG/ML,36.72,False,Unresolved,unresolved,other,,,,
044250013,AIRSUS*INAL 25+50MCG 120D,36.49,True,Candidate,parsed:single_value_assumed_unit,,1,0.05,0.05,50MCG
024022117,ARTROSILENE GEL*50G 5%,36.49,True,Candidate,parsed:single_value_assumed_unit,,1,50000.0,50000.0,50G
046412033,XETAMED*60CPR RIV 50MG,36.36,True,Validated,parsed:direct_strength,,60,50.0,3000.0,60CPR RIV 50MG
050081088,RANOZEK*60CPR 750MG RP,36.22,True,Validated,parsed:direct_strength,,60,750.0,45000.0,60CPR 750MG
045961012,SAFUBREF*INAL 50MCG+250MCG 60D,36.1,True,Candidate,parsed:single_value_assumed_unit,,1,0.05,0.05,50MCG
027553015,"NALAPRES*14CPR 20MG+12,5MG",36.02,True,Authoritative,aifa_ingredient_authoritative,,,,12.5,IDROCLOROTIAZIDE 12.5milligrammi
009956018,HEPARIN*COLL500000UI/100ML 5ML,36.0,False,Unresolved,unresolved,other,,,,
047328012,METILPREDNISOLONE EG*30CPR 4MG,35.92,True,Validated,parsed:direct_strength,,30,4.0,120.0,30CPR 4MG
020702080,MAALOX PLUS*30CPR MAST,35.91,True,Authoritative,aifa_ingredient_authoritative,,,,200.0,ALLUMINIO IDROSSIDO 200milligrammi
041619014,ZORIAS*30CPS 10MG,35.49,True,Validated,parsed:direct_strength,,30,10.0,300.0,30CPS 10MG
037464587,CIPROFLOXACINA SA*6CPR 500MG,35.2,True,Validated,parsed:direct_strength,,6,500.0,3000.0,6CPR 500MG
046402018,,35.1,False,Unresolved,unresolved,other,,,,
039241029,MIDELUT*28CPR RIV 50MG,34.95,True,Validated,parsed:direct_strength,,28,50.0,1400.0,28CPR RIV 50MG
033490020,"ALPHAGAN*COLL FL 5ML 0,2%",34.92,False,Unresolved,unresolved,other,,,,
045984010,OCUFLOX*UNG OFT 3G 3MG/G,34.81,True,Candidate,parsed:single_value_assumed_unit,,1,3000.0,3000.0,3G
042647103,BETMIGA*30CPR 50MG RP,34.76,True,Validated,parsed:direct_strength,,30,50.0,1500.0,30CPR 50MG
013868031,PROCTOSEDYL*CREMA RETT 20G,34.68,True,Candidate,parsed:single_value_assumed_unit,,1,20000.0,20000.0,20G
036702025,"ZOPRAZIDE*28CPR RIV 30+12,5MG",34.6,True,Candidate,parsed:single_value_assumed_unit,,1,12.5,12.5,"12,5MG"
049915010,"BUPRENORFINA NALOX*7CPR 2+0,5",34.51,False,Unresolved,unresolved,other,,,,
040512220,CELECOXIB TEVA*20CPS 200MG,34.5,True,Validated,parsed:direct_strength,,20,200.0,4000.0,20CPS 200MG
031141056,"GLICEROLO FARMAK*BB 6CONT 4,5G",34.47,True,Candidate,parsed:single_value_assumed_unit,,1,4500.0,4500.0,"4,5G"
045104142,"INHIXA*10SIR 4000UI 0,4ML+COPR",34.33,False,Unresolved,unresolved,other,,,,
026664096,CIPROXIN*12CPR RIV 750MG,34.32,True,Validated,parsed:direct_strength,,12,750.0,9000.0,12CPR RIV 750MG
037109244,"OLPREZIDE*28CPR RIV40MG+12,5MG",34.28,True,Validated,parsed:direct_strength,,28,40.0,1120.0,28CPR RIV40MG
042368047,OLMESARTAN DOC*28CPR RIV 40MG,34.12,True,Validated,parsed:direct_strength,,28,40.0,1120.0,28CPR RIV 40MG
043507072,GIBITER*EASYHA 60D 320MCG+9MCG,34.02,True,Candidate,parsed:single_value_assumed_unit,,1,0.32,0.32,320MCG
040682080,QUETIAPINA DOC*60CPR RIV 100MG,34.0,True,Validated,parsed:direct_strength,,60,100.0,6000.0,60CPR RIV 100MG
040745010,ZAREDROP*OS 60ML 75MG/ML+SIR,33.88,False,Unresolved,unresolved,multi_active_combo,,,,
030899494,GLUCOSIO*20% 10FL 500ML,33.55,False,Unresolved,unresolved,other,,,,
034328029,MICARDIS*28CPR 40MG,33.46,True,Validated,parsed:direct_strength,,28,40.0,1120.0,28CPR 40MG
020305064,BETABIOPTAL*GEL OFT 5G,33.41,True,Candidate,parsed:single_value_assumed_unit,,1,5000.0,5000.0,5G
025634041,NUROFEN*24CPR RIV 200MG,33.28,True,Authoritative,aifa_ingredient_authoritative,,,,200.0,IBUPROFENE 200milligrammi
023603184,PEVARYL*SOL CUT GINEC 60ML 1%,33.27,False,Unresolved,unresolved,other,,,,
002866174,CHEMICETINA*3 OV 500MG,33.14,True,Validated,parsed:direct_strength,,3,500.0,1500.0,3 OV 500MG
035260215,SINESTIC*TURB 60D 320MCG+9MCG,33.11,True,Candidate,parsed:single_value_assumed_unit,,1,0.32,0.32,320MCG
038613030,"LATAY*COLL 30FL 0,2ML0,05MG/ML",33.07,True,Validated,parsed:vol_conc,,30,0.01,0.3,"30FL 0,2ML0,05MG/ML"
042501041,CAPECITABINA MEDAC*60CPR 150MG,33.04,True,Validated,parsed:direct_strength,,60,150.0,9000.0,60CPR 150MG
048268015,BUPROPIONE DOC*30CPR 150MG RM,33.03,True,Validated,parsed:direct_strength,,30,150.0,4500.0,30CPR 150MG
029651039,GLICEROLO*AD 18SUPP 2250MG,33.02,True,Validated,parsed:direct_strength,,18,2250.0,40500.0,18SUPP 2250MG
034954180,"CARDICOR*28CPR RIV 3,75MG",33.01,True,Validated,parsed:direct_strength,,28,3.75,105.0,"28CPR RIV 3,75MG"
034668107,"SELEDIE*2SIR 11400UI AXA/0,6M",33.0,False,Unresolved,unresolved,other,,,,
024722086,SYNFLEX FORTE*GRAT 30BUST550MG,32.98,True,Authoritative,aifa_ingredient_authoritative,,,,550.0,NAPROXENE SODICO 550milligrammi
038411017,RIDESTIN*15CPR RIV 5MG,32.95,True,Validated,parsed:direct_strength,,15,5.0,75.0,15CPR RIV 5MG
043507045,"GIBITER*EASYHA 120D 160+4,5MCG",32.63,True,Candidate,parsed:single_value_assumed_unit,,1,0.0045,0.0045,"4,5MCG"
027320023,NEOFURADANTIN*20CPS 100MG,32.55,True,Authoritative,aifa_ingredient_authoritative,,,,100.0,NITROFURANTOINA MACROCRISTALLI 100milligrammi
040778209,OSSIGENO*CRIOGEN 31LT MOBILE,32.55,False,Unresolved,unresolved,oxygen_gas,,,,
034114025,"COTAREG*28CPR RIV 80MG+12,5MG",32.53,True,Validated,parsed:direct_strength,,28,80.0,2240.0,28CPR RIV 80MG
046222016,LEVETIRACETAM DOC*OS150ML+1ML,32.32,False,Unresolved,unresolved,other,,,,
040429033,"OLANZAPINA AURO*28CPR 2,5MG",32.19,True,Validated,parsed:direct_strength,,28,2.5,70.0,"28CPR 2,5MG"
023603044,PEVARYL*POLV CUT 30G 1%,31.8,True,Candidate,parsed:single_value_assumed_unit,,1,30000.0,30000.0,30G
039751021,MANIDIPINA DOC*28CPR 20MG,31.6,True,Validated,parsed:direct_strength,,28,20.0,560.0,28CPR 20MG
035612338,ALPRAZOLAM AU*20CPR 1MG,31.31,True,Validated,parsed:direct_strength,,20,1.0,20.0,20CPR 1MG
028262020,DIURESIX*IV 5F 10MG 2ML,31.24,True,Validated,parsed:direct_strength,,5,10.0,50.0,5F 10MG
024453021,TIKLID*30CPR RIV 250MG,31.21,True,Authoritative,aifa_ingredient_authoritative,,,,250.0,TICLOPIDINA CLORIDRATO 250milligrammi
045985076,LENALIDOMIDE TEVA*21CPS 5MG,31.0,True,Validated,parsed:direct_strength,,21,5.0,105.0,21CPS 5MG
028853036,CONTRAMAL*20CPR 100MG RP,30.99,True,Validated,parsed:direct_strength,,20,100.0,2000.0,20CPR 100MG
027045044,FEVARIN*30CPR RIV 100MG,30.71,True,Authoritative,aifa_ingredient_authoritative,,,,100.0,FLUVOXAMINA MALEATO 100milligrammi
046277036,ACICLOVIR ZEN*25CPR 400MG,30.69,True,Validated,parsed:direct_strength,,25,400.0,10000.0,25CPR 400MG
039110109,OSSIGENO*CRIOGEN 25LT MOBILE,30.68,False,Unresolved,unresolved,oxygen_gas,,,,
048433027,NORITREN*28CPR RIV 25MG,30.63,True,Validated,parsed:direct_strength,,28,25.0,700.0,28CPR RIV 25MG
042368023,OLMESARTAN DOC*28CPR RIV 10MG,30.58,True,Validated,parsed:direct_strength,,28,10.0,280.0,28CPR RIV 10MG
027657016,FLIXONASE*SPRAY NAS 120D 50MCG,30.55,True,Candidate,parsed:single_value_assumed_unit,,1,0.05,0.05,50MCG
023159054,"RIVOTRIL*20CPR 0,5MG",30.54,True,Authoritative,aifa_ingredient_authoritative,,,,0.5,CLONAZEPAM 0.5milligrammi
049556107,DEFERASIROX AU*30CPR RIV 180MG,30.51,True,Validated,parsed:direct_strength,,30,180.0,5400.0,30CPR RIV 180MG
039586375,TARGIN*28CPR 40MG+20MG RP,30.41,True,Validated,parsed:direct_strength,,28,40.0,1120.0,28CPR 40MG
041108236,MONTELUKAST SA*28CPR MAST 5MG,30.29,True,Validated,parsed:direct_strength,,28,5.0,140.0,28CPR MAST 5MG
024022143,ARTROSILENE*CUT SCH 50ML 15%,30.29,False,Unresolved,unresolved,other,,,,
047830031,SITAGLIPTIN DOC*28CPR 100MG,30.29,True,Validated,parsed:direct_strength,,28,100.0,2800.0,28CPR 100MG
025707035,HUMULIN I*1F 10ML 100UI/ML,30.13,False,Unresolved,unresolved,other,,,,
023834056,"FLUIFORT*30BUST GRAT 2,7G",30.0,True,Validated,parsed:direct_strength,,30,2700.0,81000.0,"30BUST GRAT 2,7G"
042734018,NIGLINA*15CER TRANSD 5MG/DIE,29.97,False,Unresolved,unresolved,other,,,,
034129039,SOLARAZE*GEL 60G 3%,29.94,True,Candidate,parsed:single_value_assumed_unit,,1,60000.0,60000.0,60G
044813032,SCAVER*10CPR 3MG,29.88,True,Validated,parsed:direct_strength,,10,3.0,30.0,10CPR 3MG
015896107,MUSCORIL*30CPS 4MG,29.86,True,Authoritative,aifa_ingredient_authoritative,,,,4.0,TIOCOLCHICOSIDE 4milligrammi
036765016,INDOBUFENE EG*30CPR 200MG,29.7,True,Validated,parsed:direct_strength,,30,200.0,6000.0,30CPR 200MG
039233046,LERCANIDIPINA DOC*28CPR 20MG,29.54,True,Validated,parsed:direct_strength,,28,20.0,560.0,28CPR 20MG
038773038,EFFICIB*56CPR RIV 50MG+850MG,29.51,True,Validated,parsed:direct_strength,,56,50.0,2800.0,56CPR RIV 50MG
028651026,TERAPROST*14CPR DIV 5MG,29.36,True,Authoritative,aifa_ingredient_authoritative,,,,5.0,TERAZOSINA CLORIDRATO 5milligrammi
033581012,DILTIAZEM DOC*50CPR 60MG RM,29.36,True,Validated,parsed:direct_strength,,50,60.0,3000.0,50CPR 60MG
041858010,BETACLAR*COLL 5ML 20MG+5MG/ML,29.34,True,Candidate,parsed:single_value_assumed_unit,,1,20.0,20.0,20MG
022905057,"LEXOTAN*OS GTT 20ML 2,5MG/ML",29.3,True,Candidate,parsed:implied_unit_vol_conc,,1,50.0,50.0,"GTT 20ML 2,5MG/ML"
049675061,DABIGATRAN ETE DOC*60CPS 110MG,29.25,True,Validated,parsed:direct_strength,,60,110.0,6600.0,60CPS 110MG
049675085,DABIGATRAN ETE DOC*60CPS 150MG,29.25,True,Validated,parsed:direct_strength,,60,150.0,9000.0,60CPS 150MG
038948030,FINASTERIDE EG*28CPR RIV 1MG,29.25,True,Validated,parsed:direct_strength,,28,1.0,28.0,28CPR RIV 1MG
045546140,FRIPASS*28CPR 100MG,29.18,True,Validated,parsed:direct_strength,,28,100.0,2800.0,28CPR 100MG
040180059,ALLOPURINOLO TEVA*50CPR 100MG,29.16,True,Validated,parsed:direct_strength,,50,100.0,5000.0,50CPR 100MG
043624016,"ZOFENOPRIL ID MY*28CPR 30+12,5",29.16,False,Unresolved,unresolved,other,,,,
032948059,"BUPICAIN ADR*10F 10ML 2,5MG/ML",29.15,True,Validated,parsed:vol_conc,,10,25.0,250.0,"10F 10ML 2,5MG/ML"
037654023,CETIRIZINA DOC*OS GTT 20ML,29.03,False,Unresolved,unresolved,other,,,,
048713010,QUIMOX*COLL 30MONOD 5MG/ML,28.93,False,Unresolved,unresolved,other,,,,
038619019,CETIRIZINA MY*OS GTT 20ML,28.86,False,Unresolved,unresolved,other,,,,
038340129,TOPIRAMATO DOC*60CPR RIV 100MG,28.75,True,Validated,parsed:direct_strength,,60,100.0,6000.0,60CPR RIV 100MG
033026030,NIFEDIPINA MY*50CPR 20MG RP,28.7,True,Authoritative,aifa_ingredient_authoritative,,,,20.0,NIFEDIPINA 20milligrammi
044231025,ZONISAMIDE DOC*28CPS 50MG,28.68,True,Validated,parsed:direct_strength,,28,50.0,1400.0,28CPS 50MG
048574014,EZETIMIBE ATORV DOC*30CPS10+10,28.66,False,Unresolved,unresolved,other,,,,
049915022,"BUPRENORFINA NALOX*28CPR 2+0,5",28.65,False,Unresolved,unresolved,other,,,,
046009027,GANCICLOVIR ACCORD*5FL 500MG,28.6,True,Validated,parsed:direct_strength,,5,500.0,2500.0,5FL 500MG
037685056,WELLBUTRIN*30CPR 300MG RM FL,28.59,True,Validated,parsed:direct_strength,,30,300.0,9000.0,30CPR 300MG
041088170,DONEPEZIL MY*28CPR OROD 10MG,28.54,True,Validated,parsed:direct_strength,,28,10.0,280.0,28CPR OROD 10MG
040830150,OLANZAPINA ZE*28CPR OROD 5MG,28.42,True,Validated,parsed:direct_strength,,28,5.0,140.0,28CPR OROD 5MG
023145030,SINEMET*30CPR 200MG+50MG RM,28.41,True,Validated,parsed:direct_strength,,30,200.0,6000.0,30CPR 200MG
033820010,"ALPRAZOLAM RATIO*20CPR 0,25MG",28.41,True,Validated,parsed:direct_strength,,20,0.25,5.0,"20CPR 0,25MG"
036683023,CYMBALTA*28CPS GASTRORES 60MG,28.29,True,Candidate,parsed:single_value_assumed_unit,,1,60.0,60.0,60MG
042225033,FLECAINIDE AURO*30CPR 100MG,28.26,True,Validated,parsed:direct_strength,,30,100.0,3000.0,30CPR 100MG
031141068,"GLICEROLO FARMAK*AD 6CONT6,75G",28.21,True,Candidate,parsed:single_value_assumed_unit,,1,6750.0,6750.0,"6,75G"
034632012,VANCOTEX*IV OS 1FL 500MG,28.16,True,Validated,parsed:direct_strength,,1,500.0,500.0,1FL 500MG
037198013,ALENDRONATO MY*4CPR 70MG,28.14,True,Validated,parsed:direct_strength,,4,70.0,280.0,4CPR 70MG
034310021,FORZAAR*28CPR RIV 100MG+25MG,28.08,True,Validated,parsed:direct_strength,,28,100.0,2800.0,28CPR RIV 100MG
043418058,ROSUVASTATINA EG*28CPR 5MG,28.05,True,Validated,parsed:direct_strength,,28,5.0,140.0,28CPR 5MG
045136013,VARCODES*30CPR EFF 2MG,28.04,True,Validated,parsed:direct_strength,,30,2.0,60.0,30CPR EFF 2MG
038423012,ALFUZOSINA DOC*30CPR 10MG RP,27.77,True,Validated,parsed:direct_strength,,30,10.0,300.0,30CPR 10MG
044671093,IVABRADINA EG*56CPR RIV 5MG,27.72,True,Validated,parsed:direct_strength,,56,5.0,280.0,56CPR RIV 5MG
026510103,DIFOSFONAL*IM 6F 200MG/4ML+LID,27.72,False,Unresolved,unresolved,other,,,,
038983161,SEVIKAR*28CPR RIV 40MG+5MG,27.58,True,Validated,parsed:direct_strength,,28,40.0,1120.0,28CPR RIV 40MG
027807205,LAMICTAL*30CPR DISPERS 5MG FL,27.54,True,Authoritative,aifa_ingredient_authoritative,,,,5.0,LAMOTRIGINA 5milligrammi
048940062,SITAGLIPTIN MY*28CPR 50MG,27.49,True,Validated,parsed:direct_strength,,28,50.0,1400.0,28CPR 50MG
044810063,ROSUVASTATINA DOC*28CPR RIV20,27.44,False,Unresolved,unresolved,other,,,,
039949021,OLANZAPINA DOC*28CPR RIV 5MG,27.22,True,Validated,parsed:direct_strength,,28,5.0,140.0,28CPR RIV 5MG
038605109,DONEPEZIL MY*28CPR RIV 5MG,27.18,True,Validated,parsed:direct_strength,,28,5.0,140.0,28CPR RIV 5MG
033178260,TAREG*14CPR RIV 40MG PVC/PVDC,27.15,True,Authoritative,aifa_ingredient_authoritative,,,,40.0,VALSARTAN 40milligrammi
049360124,LENALIDOMIDE GRIN*21CPS 20MG,27.03,True,Validated,parsed:direct_strength,,21,20.0,420.0,21CPS 20MG
033637214,HUMALOG*MIX25 5KWIKPEN 3ML GIA,27.02,False,Unresolved,unresolved,other,,,,
041219027,TARDYFER*30CPR 80MG RP,26.75,True,Validated,parsed:direct_strength,,30,80.0,2400.0,30CPR 80MG
048713022,QUIMOX*COLL FL 5ML 5MG/ML,26.71,True,Candidate,parsed:implied_unit_vol_conc,,1,25.0,25.0,FL 5ML 5MG/ML
028831131,"EFEXOR*7CPS 37,5MG RP",26.71,True,Validated,parsed:direct_strength,,7,37.5,262.5,"7CPS 37,5MG"
024860025,TRIMONASE*8CPR 500MG,26.7,True,Authoritative,aifa_ingredient_authoritative,,,,500.0,TINIDAZOLO 500milligrammi
040668079,METFORMINA EG*50CPR RIV 500MG,26.63,True,Validated,parsed:direct_strength,,50,500.0,25000.0,50CPR RIV 500MG
028531123,TRIATEC HCT*28CPR 10MG+25MG,26.52,True,Authoritative,aifa_ingredient_authoritative,,,,12.5,IDROCLOROTIAZIDE 12.5milligrammi
025910047,SURSUM*30CPS MOLLI 400UI,26.52,True,Authoritative,aifa_ingredient_authoritative,,,,400.0,TOCOFEROLO ACETATO D-ALFA 400milligrammi
031985068,MOBIC 15*30CPR 15MG,26.49,True,Authoritative,aifa_ingredient_authoritative,,,,15.0,MELOXICAM 15milligrammi
045350055,ROSUMIBE*30CPR 5MG+10MG,26.48,True,Validated,parsed:direct_strength,,30,5.0,150.0,30CPR 5MG
042773010,MEMANTINA TECN*56CPR RIV 10MG,26.46,True,Validated,parsed:direct_strength,,56,10.0,560.0,56CPR RIV 10MG
048440022,"MAYZENT*120CPR RIV 0,25MG",26.45,True,Validated,parsed:direct_strength,,120,0.25,30.0,"120CPR RIV 0,25MG"
021460047,MUTABON ANSIOLITICO*30CPR RIV,26.45,False,Unresolved,unresolved,other,,,,
041438021,MEDIKINET*30CPS 5MG RM,26.32,True,Validated,parsed:direct_strength,,30,5.0,150.0,30CPS 5MG
036698037,GABAPENTIN TEVA*50CPS 100MG,26.29,True,Validated,parsed:direct_strength,,50,100.0,5000.0,50CPS 100MG
025267016,THEODUR*30CPR 300MG RP,26.26,True,Validated,parsed:direct_strength,,30,300.0,9000.0,30CPR 300MG
039603079,ARIA SOL*200BAR 14LT,26.13,False,Unresolved,unresolved,other,,,,
039686136,LEVOFLOXACINA TE*5CPR 500MG,26.13,True,Validated,parsed:direct_strength,,5,500.0,2500.0,5CPR 500MG
043688011,ETORICOXIB DOC*20CPR RIV 60MG,26.05,True,Validated,parsed:direct_strength,,20,60.0,1200.0,20CPR RIV 60MG
049746100,TOVASTIBE*30CPR RIV 10MG+40MG,26.01,True,Validated,parsed:direct_strength,,30,10.0,300.0,30CPR RIV 10MG
041305032,NITROGLICERINA TE*15CER15MG/24,25.98,False,Unresolved,unresolved,other,,,,
045933013,"INTRAROSA*28OV VAG 6,5MG",25.97,True,Validated,parsed:direct_strength,,28,6.5,182.0,"28OV VAG 6,5MG"
023907025,BETADINE*SOLUZ VAG 5FL+5F+5CAN,25.83,False,Unresolved,unresolved,other,,,,
035703014,"TOBRASTILL*COLL FL 5ML 0,3%",25.79,False,Unresolved,unresolved,other,,,,
048432025,DEFERASIROX ACC*30CPR 90MG,25.76,True,Validated,parsed:direct_strength,,30,90.0,2700.0,30CPR 90MG
042502056,TELMISARTAN ID DOC*28CPR 80+25,25.74,False,Unresolved,unresolved,other,,,,
042778011,TOBRAMICINA DES EG*COLL FL 5ML,25.72,False,Unresolved,unresolved,other,,,,
024173066,URSILON RETARD*20CPS 225MG RP,25.64,True,Validated,parsed:direct_strength,,20,225.0,4500.0,20CPS 225MG
027253069,TORADOL*OS GTT FL 10ML 20MG/ML,25.61,True,Authoritative,aifa_ingredient_authoritative,,,,20.0,KETOROLAC TROMETAMOLO 20milligrammi
023653025,PRISMA*IM 10F 1ML 30MG/ML,25.48,True,Validated,parsed:vol_conc,,10,30.0,300.0,10F 1ML 30MG/ML
043734045,LACIDIPINA MY*28CPR RIV 4MG,25.43,True,Validated,parsed:direct_strength,,28,4.0,112.0,28CPR RIV 4MG
043322027,PARVATI*28CPS 5MG+5MG,25.41,True,Validated,parsed:direct_strength,,28,5.0,140.0,28CPS 5MG
037684040,GESTODIOL*21CPR RIV 75+30MCG,25.4,True,Candidate,parsed:single_value_assumed_unit,,1,0.03,0.03,30MCG
035386059,MESALAZINA DOC*20SUPP 500MG,25.4,True,Validated,parsed:direct_strength,,20,500.0,10000.0,20SUPP 500MG
042578068,ESCITALOPRAM EG*28CPR RIV 10MG,25.28,True,Validated,parsed:direct_strength,,28,10.0,280.0,28CPR RIV 10MG
031421011,ERITROMICINA LATTOBION*500MG,25.25,True,Candidate,parsed:single_value_assumed_unit,,1,500.0,500.0,500MG
049561018,LYPNAS*GTT NAS 30FL MONOD,25.07,False,Unresolved,unresolved,other,,,,
025373010,HALDOL*30CPR 1MG,24.98,True,Authoritative,aifa_ingredient_authoritative,,,,1.0,ALOPERIDOLO 1milligrammi
034560021,FUCIDIN H*CREMA 30G 20+10MG/G,24.95,True,Candidate,parsed:single_value_assumed_unit,,1,30000.0,30000.0,30G
026416230,ASACOL*SCH RETT 7CLISMI 4G,24.91,True,Authoritative,aifa_ingredient_authoritative,,,,4000.0,MESALAZINA 4grammi
043003019,AMISULPRIDE MY*12CPR 50MG,24.88,True,Validated,parsed:direct_strength,,12,50.0,600.0,12CPR 50MG
035768656,ENTACT*GTT OS 15ML 20MG/ML+C,24.76,True,Candidate,parsed:implied_unit_vol_conc,,1,300.0,300.0,GTT OS 15ML 20MG/ML
024552022,ARVENUM 500*30CPR RIV 500MG,24.76,True,Authoritative,aifa_ingredient_authoritative,,,,500.0,DIOSMINA 500milligrammi
038535011,"LISINOPRIL ID SAN*14CPR20+12,5",24.74,False,Unresolved,unresolved,other,,,,
023703059,MECLON*SOL VAG 5FL,24.73,False,Unresolved,unresolved,other,,,,
021462066,"LIMBITRYL*20CPS 12,5MG+5MG",24.59,True,Validated,parsed:direct_strength,,20,12.5,250.0,"20CPS 12,5MG"
025277017,DILZENE*50CPR 60MG RM,24.56,True,Validated,parsed:direct_strength,,50,60.0,3000.0,50CPR 60MG
038004154,RAMIPRIL ID SAN*14CPR 5+25MG,24.52,True,Candidate,parsed:single_value_assumed_unit,,1,25.0,25.0,25MG
021643022,ANAFRANIL*50CPR RIV 10MG,24.5,True,Validated,parsed:direct_strength,,50,10.0,500.0,50CPR RIV 10MG
043059017,FLOGOCYN*COLL FL 10ML 5MG/ML,24.5,True,Candidate,parsed:implied_unit_vol_conc,,1,50.0,50.0,FL 10ML 5MG/ML
026925127,PENTACOL 2*SCH RETT 14G MULTID,24.48,True,Candidate,parsed:single_value_assumed_unit,,1,14000.0,14000.0,14G
046817019,MOXIFLOXACINA PEN*5CPR 400MG,24.46,True,Validated,parsed:direct_strength,,5,400.0,2000.0,5CPR 400MG
043684164,ETORICOXIB TEVA*20CPR RIV 90MG,24.39,True,Validated,parsed:direct_strength,,20,90.0,1800.0,20CPR RIV 90MG
022441048,ALLOPURINOLO MOLT*30CPR 300MG,24.28,True,Authoritative,aifa_ingredient_authoritative,,,,300.0,ALLOPURINOLO 300milligrammi
049495043,INTEB*50CPS 3MG RM FL,24.02,True,Validated,parsed:direct_strength,,50,3.0,150.0,50CPS 3MG
033081035,MESAFLOR*7CLISMI 4G+7CANNULE,23.97,True,Candidate,parsed:single_value_assumed_unit,,1,4000.0,4000.0,4G
049580018,TACHIFENEKID*OS SOSP 100ML,23.96,False,Unresolved,unresolved,other,,,,
028024014,CLINDAMICINA SAME*GEL 30G 1%,23.85,True,Candidate,parsed:single_value_assumed_unit,,1,30000.0,30000.0,30G
031219013,EDEVEXIN*3F POLV 5MG+3F 5MLSOL,23.83,True,Authoritative,aifa_ingredient_authoritative,,,,5.0,ESCINA 5milligrammi
044602011,EZETIMIBE SIM DOC*30CPR10+10MG,23.83,True,Candidate,parsed:single_value_assumed_unit,,1,10.0,10.0,10MG
026129041,GLIBOMET*60CPR RIV 400MG+5MG,23.8,True,Authoritative,aifa_ingredient_authoritative,,,,400.0,GLIBENCLAMIDE 400milligrammi
045350156,ROSUMIBE*30CPR 10MG+10MG,23.77,True,Validated,parsed:direct_strength,,30,10.0,300.0,30CPR 10MG
024737037,"TENORETIC*28CPR 50MG+12,5MG",23.74,True,Validated,parsed:direct_strength,,28,50.0,1400.0,28CPR 50MG
027489020,GLUCAGEN*FL 1MG+FL 1ML SOLV,23.73,True,Candidate,parsed:single_value_assumed_unit,,1,1.0,1.0,1MG
021053018,PRIMOLUT NOR*30CPR 10MG,23.69,True,Authoritative,aifa_ingredient_authoritative,,,,10.0,NORETISTERONE ACETATO 10milligrammi
032921013,FOSTIMON*1FL 75UI+1F 1ML,23.68,False,Unresolved,unresolved,other,,,,
034884066,"NORLEVO*1CPR 1,5MG",23.64,True,Validated,parsed:direct_strength,,1,1.5,1.5,"1CPR 1,5MG"
035568070,TRANSTEC*3CER 40MG 70MCG/H,23.64,True,Validated,parsed:direct_strength,,3,40.0,120.0,3CER 40MG
032307011,ACICLOVIR EG*25CPR 200MG,23.6,True,Authoritative,aifa_ingredient_authoritative,,,,200.0,ACICLOVIR 200milligrammi
000248056,PILOCARPINA CLOR*COLL 10ML 2%,23.53,False,Unresolved,unresolved,other,,,,
039761299,TEMOZOLOMIDE ACCORD*5CPS 100MG,23.32,True,Validated,parsed:direct_strength,,5,100.0,500.0,5CPS 100MG
035608126,MICARDISPLUS*28CPR 80MG+25MG,23.2,True,Validated,parsed:direct_strength,,28,80.0,2240.0,28CPR 80MG
039997010,BROMEXINA PE*SCIR 250ML4MG/5ML,23.13,False,Unresolved,unresolved,other,,,,
035608076,"MICARDISPLUS*28CPR 80MG+12,5MG",23.12,True,Validated,parsed:direct_strength,,28,80.0,2240.0,28CPR 80MG
035638055,REXTAT*30CPR 20MG,23.06,True,Validated,parsed:direct_strength,,30,20.0,600.0,30CPR 20MG
047465012,"DIFFERIN*GEL 30G 0,1%",23.05,True,Candidate,parsed:single_value_assumed_unit,,1,30000.0,30000.0,30G
049895042,DITRALIA*2FILM OROD 50000UI,22.91,False,Unresolved,unresolved,other,,,,
043834011,IBUPROFENE EG*30CPR RIV 600MG,22.88,True,Validated,parsed:direct_strength,,30,600.0,18000.0,30CPR RIV 600MG
027480021,NEOTIGASON*20CPS 25MG,22.79,True,Authoritative,aifa_ingredient_authoritative,,,,25.0,ACITRETINA 25milligrammi
045490253,"REAGILA*60CPS 4,5MG",22.49,True,Validated,parsed:direct_strength,,60,4.5,270.0,"60CPS 4,5MG"
035715061,"SODIO CLORURO 0,9%*35SAC 150ML",22.44,False,Unresolved,unresolved,other,,,,
026890107,CLOPIXOL*30CPR RIV 10MG,22.2,True,Authoritative,aifa_ingredient_authoritative,,,,11.82,ZUCLOPENTIXOLO DICLORIDRATO 11.82milligrammi
033222023,"ACULAR*COLL FL 5ML 0,5%",22.14,False,Unresolved,unresolved,other,,,,
035255052,FRAGOR*28CPR DIV 30MG+10MG,22.1,True,Validated,parsed:direct_strength,,28,30.0,840.0,28CPR DIV 30MG
038466076,VENLAFAXINA DOC*14CPS 75MG RP,22.08,True,Validated,parsed:direct_strength,,14,75.0,1050.0,14CPS 75MG
043057037,QUETIAPINA MY*60CPR 50MG RP,21.94,True,Validated,parsed:direct_strength,,60,50.0,3000.0,60CPR 50MG
021432024,LIPOSOM FORTE*IM EV 5F 28MG,21.94,True,Authoritative,aifa_ingredient_authoritative,,,,28.0,FOSFATIDI DIENCEFALICI 28milligrammi
038623031,FELODIPINA MY*28CPR 5MG RP,21.9,True,Validated,parsed:direct_strength,,28,5.0,140.0,28CPR 5MG
022921098,NOOTROPIL*40CPR RIV 1200MG,21.89,True,Authoritative,aifa_ingredient_authoritative,,,,1200.0,PIRACETAM 1200milligrammi
004763379,ASPIRINA RAPIDA*10CPRMAST500MG,21.82,True,Validated,parsed:direct_strength,,10,500.0,5000.0,10CPRMAST500MG
022934020,DEBRIDAT*IM IV 5F 5ML 50MG,21.78,True,Authoritative,aifa_ingredient_authoritative,,,,50.0,TRIMEBUTINA MALEATO 50milligrammi
047323050,PERINDOPRIL IND ZEN*30CPR 4MG+,21.74,True,Validated,parsed:direct_strength,,30,4.0,120.0,30CPR 4MG
030898151,ACQUA PI B.BRAUN*20F 10ML,21.6,False,Unresolved,unresolved,other,,,,
043112186,OLMESARTAN MY*28CPR RIV 40MG,21.57,True,Validated,parsed:direct_strength,,28,40.0,1120.0,28CPR RIV 40MG
040788198,CELECOXIB VIA*20CPS 200MG,21.56,True,Validated,parsed:direct_strength,,20,200.0,4000.0,20CPS 200MG
034435267,OXYCONTIN*28CPR 5MG RP,21.47,True,Validated,parsed:direct_strength,,28,5.0,140.0,28CPR 5MG
042309144,"PRAMIPEXOLO TE*30CPR 2,1MG RP",21.45,True,Validated,parsed:direct_strength,,30,2.1,63.0,"30CPR 2,1MG"
038708057,"INDAPAMIDE AURO*30CPR 1,5MG RP",21.27,True,Validated,parsed:direct_strength,,30,1.5,45.0,"30CPR 1,5MG"
038316648,"ZARELIS*28CPR 37,5MG RP",21.24,True,Validated,parsed:direct_strength,,28,37.5,1050.0,"28CPR 37,5MG"
042770040,CILOSTAZOLO EG*28CPR 100MG,21.24,True,Validated,parsed:direct_strength,,28,100.0,2800.0,28CPR 100MG
026707036,TUDCABIL*20CPS 250MG,21.05,True,Authoritative,aifa_ingredient_authoritative,,,,250.0,ACIDO TAUROURSODESOSSICOLICO DIIDRATO 250milligrammi
040144026,ZHEKORT*SPRAY 140D 1FL 18G,21.0,True,Validated,parsed:direct_strength,,1,18000.0,18000.0,1FL 18G
049228048,AUROZEB*30CPR RIV 40MG+10MG,20.95,True,Validated,parsed:direct_strength,,30,40.0,1200.0,30CPR RIV 40MG
035444037,DAPAROX*28CPR RIV 20MG PVC/PE/,20.9,True,Validated,parsed:direct_strength,,28,20.0,560.0,28CPR RIV 20MG
047130012,"CISATRACURIO KALCEKS*5F 2,5ML",20.9,False,Unresolved,unresolved,other,,,,
031423066,GENTAMICINA SOLFATO*10F 80MG/2,20.84,False,Unresolved,unresolved,other,,,,
038264038,CIRCADIN*30CPR 2MG RP,20.84,True,Validated,parsed:direct_strength,,30,2.0,60.0,30CPR 2MG
034234361,"PRELECTAL*30CPR 5MG+1,25MG FL",20.78,True,Validated,parsed:direct_strength,,30,5.0,150.0,30CPR 5MG
034236341,"PRETERAX*30CPR RIV5MG+1,25MG",20.76,True,Validated,parsed:direct_strength,,30,5.0,150.0,30CPR RIV5MG
029068018,"BROMOCRIPTINA*30CPR 2,5MG",20.75,True,Authoritative,aifa_ingredient_authoritative,,,,2.5,BROMOCRIPTINA MESILATO 2.5milligrammi
035402015,"XALACOM*GTT OFT 1FL 2,5ML",20.61,False,Unresolved,unresolved,other,,,,
037109131,OLPREZIDE*28CPR RIV 20MG+25MG,20.56,True,Validated,parsed:direct_strength,,28,20.0,560.0,28CPR RIV 20MG
026422028,IMMUBRON*30CPR SUBLING,20.55,True,Authoritative,aifa_ingredient_authoritative,,,,50.0,VACCINO PNEUMOCATARRALE 50milligrammi
049806122,"OLMESARTAN ID TEV*28CPR40+12,5",20.44,False,Unresolved,unresolved,other,,,,
043082027,FLUTICASONE DOC*INAL120EROG250,20.35,False,Unresolved,unresolved,other,,,,
026888014,ELAN*50CPR 20MG,20.27,True,Authoritative,aifa_ingredient_authoritative,,,,20.0,ISOSORBIDE MONONITRATO 20milligrammi
045241041,"NEODIDRO*10CPS MOLLI 0,266MG",20.25,True,Validated,parsed:direct_strength,,10,0.266,2.66,"10CPS MOLLI 0,266MG"
037736028,CERCHIO*OS GTT 20ML 10MG/ML,20.18,True,Candidate,parsed:implied_unit_vol_conc,,1,200.0,200.0,GTT 20ML 10MG/ML
045421132,"PRAMIPEXOLO MY*30CPR 1,05MG RP",20.18,True,Validated,parsed:direct_strength,,30,1.05,31.5,"30CPR 1,05MG"
048432064,DEFERASIROX ACC*30CPR 180MG,20.12,True,Validated,parsed:direct_strength,,30,180.0,5400.0,30CPR 180MG
023630039,URSACOL*20CPR 150MG,20.0,True,Authoritative,aifa_ingredient_authoritative,,,,150.0,ACIDO URSODESOSSICOLICO 150milligrammi
043622012,"LOYADA*30FL 0,3ML 15MCG+5MG/ML",19.93,True,Candidate,parsed:single_value_assumed_unit,,1,0.015,0.015,15MCG
048313035,"SUNITINIB ZEN*30CPS 12,5MG",19.79,True,Validated,parsed:direct_strength,,30,12.5,375.0,"30CPS 12,5MG"
034850053,FLUOXETINA RAT*28CPR SOLUB20MG,19.7,True,Validated,parsed:direct_strength,,28,20.0,560.0,28CPR SOLUB20MG
042962047,BISOPROLOLO DOC*28CPR 5MG,19.67,True,Validated,parsed:direct_strength,,28,5.0,140.0,28CPR 5MG
038031163,DRALENOS*12CPR 70MG,19.65,True,Validated,parsed:direct_strength,,12,70.0,840.0,12CPR 70MG
038381594,"RETACRIT*6SIR 3.000UI 0,9ML",19.6,False,Unresolved,unresolved,other,,,,
021978061,BACTRIM*OS SOSP 80MG+400MG/5ML,19.49,True,Candidate,parsed:single_value_assumed_unit,,1,80.0,80.0,80MG
033965017,AMBROXOL DOROM*NEB 10F 2ML15MG,19.49,True,Candidate,parsed:single_value_assumed_unit,,1,15.0,15.0,15MG
041938174,CELECOXIB DOC*20CPS 200MG,19.48,True,Validated,parsed:direct_strength,,20,200.0,4000.0,20CPS 200MG
019888116,"METHOTREXATE*INIET 4SIR 7,5MG",19.48,True,Validated,parsed:direct_strength,,4,7.5,30.0,"4SIR 7,5MG"
024428272,MUCOSOLVAN*SCIR 200ML 15MG/5ML,19.38,False,Unresolved,unresolved,other,,,,
038923431,INSUMAN*RAP 5PEN100UI/ML 3ML S,19.25,False,Unresolved,unresolved,other,,,,
021993050,RINOFLUIMUCIL*SPRAY NAS 10ML,19.21,False,Unresolved,unresolved,other,,,,
048996019,AZALIA*28CPR RIV 75MCG,19.18,True,Validated,parsed:direct_strength,,28,0.075,2.1,28CPR RIV 75MCG
037683125,PRAVASTATINA DOC*10CPR 20MG,19.13,True,Validated,parsed:direct_strength,,10,20.0,200.0,10CPR 20MG
026403016,NIMOTOP*36CPR RIV 30MG,19.13,True,Authoritative,aifa_ingredient_authoritative,,,,30.0,NIMODIPINA 30milligrammi
034255048,VERAPAMIL DOC*30CPS 240MG RP,19.11,True,Validated,parsed:direct_strength,,30,240.0,7200.0,30CPS 240MG
043485251,CANDESARTAN ID MY*28CPR32+25MG,19.11,True,Candidate,parsed:single_value_assumed_unit,,1,25.0,25.0,25MG
025980145,"XANAX*30CPR 0,5MG RP",19.1,True,Authoritative,aifa_ingredient_authoritative,,,,0.5,ALPRAZOLAM 0.5milligrammi
036266017,CITALOPRAM DOC*28CPR RIV 20MG,18.92,True,Validated,parsed:direct_strength,,28,20.0,560.0,28CPR RIV 20MG
042088031,SILDENAFIL TEVA*8CPR RIV 25MG,18.84,True,Validated,parsed:direct_strength,,8,25.0,200.0,8CPR RIV 25MG
035061035,DOMPERIDONE TEVA*30CPR RIV10MG,18.8,True,Validated,parsed:direct_strength,,30,10.0,300.0,30CPR RIV10MG
043684075,ETORICOXIB TEVA*20CPR RIV 60MG,18.79,True,Validated,parsed:direct_strength,,20,60.0,1200.0,20CPR RIV 60MG
022934032,DEBRIDAT*20CPS MOLLI 150MG,18.66,True,Authoritative,aifa_ingredient_authoritative,,,,150.0,TRIMEBUTINA MALEATO 150milligrammi
039098037,BRIMONIDINA OMN*3FL 5ML 2MG/ML,18.53,True,Validated,parsed:vol_conc,,3,10.0,30.0,3FL 5ML 2MG/ML
045827021,ROSUVASTATINA EZ DO*30CPR 5+10,18.5,False,Unresolved,unresolved,other,,,,
031579055,"BENOXINATO CL*30FL 0,5ML 0,4%",18.48,False,Unresolved,unresolved,other,,,,
036034039,"BROMAZEPAM MY*OS GTT 2,5MG/ML",18.48,False,Unresolved,unresolved,other,,,,
012322020,ROVAMICINA*12CPR RIV 3000000UI,18.32,False,Unresolved,unresolved,other,,,,
051259341,SITAGLIPTIN ZEN*28CPR RIV100MG,18.08,True,Validated,parsed:direct_strength,,28,100.0,2800.0,28CPR RIV100MG
023382017,MINIAS*30CPR RIV 1MG,18.07,True,Authoritative,aifa_ingredient_authoritative,,,,1.0,LORMETAZEPAM 1milligrammi
026888038,ELAN*30CPS 50MG RP,17.92,True,Authoritative,aifa_ingredient_authoritative,,,,50.0,ISOSORBIDE MONONITRATO 50milligrammi
049915174,BUPRENORFINA NALOX*7CPR 8+2MG,17.92,True,Candidate,parsed:single_value_assumed_unit,,1,2.0,2.0,2MG
024574030,"ZADITEN*SCIR FL 200ML 0,2MG/ML",17.9,True,Candidate,parsed:implied_unit_vol_conc,,1,40.0,40.0,"FL 200ML 0,2MG/ML"
027045032,FEVARIN*30CPR RIV 50MG,17.85,True,Authoritative,aifa_ingredient_authoritative,,,,50.0,FLUVOXAMINA MALEATO 50milligrammi
041216045,PRAVASTATINA MY*28CPR 20MG,17.81,True,Validated,parsed:direct_strength,,28,20.0,560.0,28CPR 20MG
019906027,LAROXYL*30CPR RIV 10MG,17.73,True,Authoritative,aifa_ingredient_authoritative,,,,10.0,AMITRIPTILINA CLORIDRATO 10milligrammi
039221015,SALBUTAMOLO SANDOZ*200D 100MCG,17.69,True,Candidate,parsed:single_value_assumed_unit,,1,0.1,0.1,100MCG
018469066,TETRALYSAL*28CPS 300MG,17.64,True,Validated,parsed:direct_strength,,28,300.0,8400.0,28CPS 300MG
043109026,IBUPROFENE DOC*30CPR RIV 400MG,17.6,True,Validated,parsed:direct_strength,,30,400.0,12000.0,30CPR RIV 400MG
024718049,MEXITIL PERLONGETTEN*20CPS,17.48,False,Unresolved,unresolved,other,,,,
032808026,DILTIAZEM EG*28CPS 180MG RM,17.46,True,Authoritative,aifa_ingredient_authoritative,,,,180.0,DILTIAZEM CLORIDRATO 180milligrammi
045196211,"IVABRADINA KR*56CPR RIV 7,5MG",17.34,True,Validated,parsed:direct_strength,,56,7.5,420.0,"56CPR RIV 7,5MG"
044472049,DULOXETINA ZEN*28CPS GASTR60MG,17.31,True,Validated,parsed:direct_strength,,28,60.0,1680.0,28CPS GASTR60MG
026721100,ASPIRINETTA*30CPR 100MG,17.23,True,Authoritative,aifa_ingredient_authoritative,,,,100.0,ACIDO ACETILSALICILICO 100milligrammi
029824051,ACQUA PI GS*1F 10ML,17.21,False,Unresolved,unresolved,other,,,,
044157028,ZOFENOPRIL DOC*28CPR RIV 30MG,17.15,True,Validated,parsed:direct_strength,,28,30.0,840.0,28CPR RIV 30MG
048636029,VILDAGLIPTIN DOC*56CPR 50MG,17.08,True,Validated,parsed:direct_strength,,56,50.0,2800.0,56CPR 50MG
025623024,MONOCINQUE*30CPS 50MG RP,17.05,True,Authoritative,aifa_ingredient_authoritative,,,,50.0,ISOSORBIDE MONONITRATO 50milligrammi
026416141,ASACOL*7CLISMI PRONTI 2G 50ML,17.01,True,Candidate,parsed:single_value_assumed_unit,,1,2000.0,2000.0,2G
044449015,PERINDOPRIL IND TE*30CPR10MG+,16.81,True,Validated,parsed:direct_strength,,30,10.0,300.0,30CPR10MG
025937044,GLIATILIN 600*OS 10FL600MG/7ML,16.78,True,Authoritative,aifa_ingredient_authoritative,,,,600.0,COLINA ALFOSCERATO 600milligrammi
042822027,"FROBEN GOLA*NEBUL 15ML 0,25%",16.76,False,Unresolved,unresolved,other,,,,
025235019,MICOXOLAMINA*CREMA DERM 30G 1%,16.74,True,Authoritative,aifa_ingredient_authoritative,,,,300.0,CICLOPIROX SALE DI OLAMINA 0.3grammi
036564033,VESIKER*10CPR RIV 5MG,16.66,True,Validated,parsed:direct_strength,,10,5.0,50.0,10CPR RIV 5MG
036744011,AMOXICILLINA AC CLA MY*12BUST,16.66,False,Unresolved,unresolved,other,,,,
036849014,PROPOFOL KABI*5F 20ML 200MG,16.5,True,Candidate,parsed:single_value_assumed_unit,,1,200.0,200.0,200MG
029651027,GLICEROLO*BB 18SUPP 1375MG,16.46,True,Authoritative,aifa_ingredient_authoritative,,,,1375.0,GLICEROLO 1375milligrammi
036026019,OLPRESS*28CPR RIV 10MG,16.37,True,Validated,parsed:direct_strength,,28,10.0,280.0,28CPR RIV 10MG
020609069,ISOPTIN*30CPR 240MG RP,16.24,True,Authoritative,aifa_ingredient_authoritative,,,,240.0,VERAPAMIL CLORIDRATO 240milligrammi
042763021,BRUSONEX*SPR NAS 140D 50MCG/ER,16.04,False,Unresolved,unresolved,other,,,,
026343018,"LENDORMIN*30CPR 0,25MG",16.0,True,Authoritative,aifa_ingredient_authoritative,,,,0.3,BROTIZOLAM 0.3milligrammi
032072050,"HYALISTIL*COLL 20D 0,25ML",15.95,False,Unresolved,unresolved,other,,,,
039153022,"REUMAFLEX*7,5MG 0,15ML SC 4SIR",15.87,True,Candidate,parsed:single_value_assumed_unit,,1,7.5,7.5,"7,5MG"
034090050,"MIRAPEXIN*30CPR 0,7MG",15.87,True,Validated,parsed:direct_strength,,30,0.7,21.0,"30CPR 0,7MG"
019408018,URACTONE*10CPR 100MG,15.86,True,Authoritative,aifa_ingredient_authoritative,,,,100.0,SPIRONOLATTONE 100milligrammi
045350143,ROSUMIBE*28CPR 10MG+10MG,15.84,True,Validated,parsed:direct_strength,,28,10.0,280.0,28CPR 10MG
050574033,DICLOFENAC EG*GEL 60G 20MG/G,15.8,True,Candidate,parsed:single_value_assumed_unit,,1,60000.0,60000.0,60G
038463030,"LISINOPRIL ID MY*28CPR 20+12,5",15.72,False,Unresolved,unresolved,other,,,,
039754027,MANIDIPINA MY*28CPR 20MG,15.71,True,Validated,parsed:direct_strength,,28,20.0,560.0,28CPR 20MG
022593103,BRUFEN*OS GRAT 30BUST 600MG,15.7,True,Validated,parsed:direct_strength,,30,600.0,18000.0,30BUST 600MG
022863068,TRENTAL*30CPR 600MG RM,15.65,True,Validated,parsed:direct_strength,,30,600.0,18000.0,30CPR 600MG
025021054,DANATROL*30CPS 200MG,15.61,True,Authoritative,aifa_ingredient_authoritative,,,,200.0,DANAZOLO 200milligrammi
025624040,MS CONTIN*16CPR 100MG RP,15.46,True,Authoritative,aifa_ingredient_authoritative,,,,100.0,MORFINA SOLFATO 100milligrammi
038605236,DONEPEZIL MY*28CPR RIV 10MG,15.4,True,Validated,parsed:direct_strength,,28,10.0,280.0,28CPR RIV 10MG
042864088,FLEIDERINA*30CPS 200MG RP,15.39,True,Validated,parsed:direct_strength,,30,200.0,6000.0,30CPS 200MG
048257036,SITAGLIPTIN EG*28CPR 100MG,15.23,True,Validated,parsed:direct_strength,,28,100.0,2800.0,28CPR 100MG
029776022,ATENOLOLO EG*50CPR 50MG,15.23,True,Authoritative,aifa_ingredient_authoritative,,,,50.0,ATENOLOLO 50milligrammi
044228500,SITAGLIPTIN TEVA*28CPR 50MG,15.23,True,Validated,parsed:direct_strength,,28,50.0,1400.0,28CPR 50MG
040178030,RISEDRONATO SAN*4CPR RIV 35MG,15.2,True,Validated,parsed:direct_strength,,4,35.0,140.0,4CPR RIV 35MG
034741013,AMBROXOLO EG*AER 10F 15MG 2ML,15.18,True,Validated,parsed:direct_strength,,10,15.0,150.0,10F 15MG
034436016,AVALOX*5CPR RIV 400MG PP/AL,15.09,True,Validated,parsed:direct_strength,,5,400.0,2000.0,5CPR RIV 400MG
045351020,COMPUNA*28CPR 10MG+10MG,14.78,True,Validated,parsed:direct_strength,,28,10.0,280.0,28CPR 10MG
032261240,REQUIP*28CPR 4MG RP,14.63,True,Validated,parsed:direct_strength,,28,4.0,112.0,28CPR 4MG
039241082,MIDELUT*28CPR RIV 150MG,14.63,True,Validated,parsed:direct_strength,,28,150.0,4200.0,28CPR RIV 150MG
021110097,RIFADIN*8CPR RIV 450MG,14.59,True,Validated,parsed:direct_strength,,8,450.0,3600.0,8CPR RIV 450MG
029032048,CODEX*20BUST 5MLD 250MG,14.55,True,Candidate,parsed:single_value_assumed_unit,,1,250.0,250.0,250MG
028943025,DEALGIC*20CPS 100MG RP,14.52,True,Authoritative,aifa_ingredient_authoritative,,,,100.0,DICLOFENAC SODICO 100milligrammi
025833029,GYNOCANESTEN*12CPR VAG 100MG,14.52,True,Authoritative,aifa_ingredient_authoritative,,,,100.0,CLOTRIMAZOLO 0.1grammi
043862010,"ZOFENOPRIL ID DOC*28CPR30+12,5",14.52,False,Unresolved,unresolved,other,,,,
034187144,"BLOPRESID*28CPR 16MG+12,5MG",14.45,True,Validated,parsed:direct_strength,,28,16.0,448.0,28CPR 16MG
028988018,"DOSTINEX*2CPR 0,5MG FL",14.45,True,Authoritative,aifa_ingredient_authoritative,,,,0.5,CABERGOLINA 0.5milligrammi
048444020,EZEVAST*30CPR RIV 10MG+10MG,14.34,True,Validated,parsed:direct_strength,,30,10.0,300.0,30CPR RIV 10MG
035786021,BROMAZEPAM DOC*20CPR 3MG,14.33,True,Validated,parsed:direct_strength,,20,3.0,60.0,20CPR 3MG
051949016,LYVDELZI*30CPS 10MG FL,14.3,True,Validated,parsed:direct_strength,,30,10.0,300.0,30CPS 10MG
038381543,"RETACRIT*1SIR 1.000UI 0,3ML",14.28,False,Unresolved,unresolved,other,,,,
034398038,"ZOPICLONE EG*20CPR RIV 7,5MG",14.27,True,Validated,parsed:direct_strength,,20,7.5,150.0,"20CPR RIV 7,5MG"
044631378,EXORTA*28CPR RIV 40MG,14.27,True,Validated,parsed:direct_strength,,28,40.0,1120.0,28CPR RIV 40MG
030580017,SODIO BICARB*50CPR 500MG,14.25,True,Authoritative,aifa_ingredient_authoritative,,,,500.0,SODIO BICARBONATO 500milligrammi
043458037,LACIDIPINA DOC*14CPR RIV 6MG,14.22,True,Validated,parsed:direct_strength,,14,6.0,84.0,14CPR RIV 6MG
034191080,COAPROVEL*28CPR RIV 300MG+25MG,14.22,True,Validated,parsed:direct_strength,,28,300.0,8400.0,28CPR RIV 300MG
004398018,OTALGAN*GTT OTO FL 6G,14.19,True,Candidate,parsed:single_value_assumed_unit,,1,6000.0,6000.0,6G
034190239,"KARVEZIDE*28CPR RIV 300+12,5MG",14.19,True,Candidate,parsed:single_value_assumed_unit,,1,12.5,12.5,"12,5MG"
049458033,NITROFURANTOINA MY*20CPS 100MG,14.08,True,Validated,parsed:direct_strength,,20,100.0,2000.0,20CPS 100MG
038917023,RANEXA*60CPR 375MG RP FL,14.0,True,Validated,parsed:direct_strength,,60,375.0,22500.0,60CPR 375MG
039188026,"PRAMIPEXOLO EG*30CPR 0,18MG",13.96,True,Validated,parsed:direct_strength,,30,0.18,5.4,"30CPR 0,18MG"
038340079,TOPIRAMATO DOC*60CPR RIV 50MG,13.95,True,Validated,parsed:direct_strength,,60,50.0,3000.0,60CPR RIV 50MG
046860045,LEVOTIRSOL*OS 30FL 1ML 75MCG,13.87,True,Candidate,parsed:single_value_assumed_unit,,1,0.075,0.075,75MCG
021462078,LIMBITRYL*20CPS 25MG+10MG,13.85,True,Validated,parsed:direct_strength,,20,25.0,500.0,20CPS 25MG
004763254,ASPIRINA*10CPR 325MG,13.83,True,Validated,parsed:direct_strength,,10,325.0,3250.0,10CPR 325MG
041047034,SILDENAFIL MY*4CPR RIV 25MG,13.8,True,Validated,parsed:direct_strength,,4,25.0,100.0,4CPR RIV 25MG
045311040,IVABRADINA TEV*56CPR RIV 5MG,13.79,True,Validated,parsed:direct_strength,,56,5.0,280.0,56CPR RIV 5MG
036857199,TERBINAFINA SAND*8CPR 250MG,13.73,True,Validated,parsed:direct_strength,,8,250.0,2000.0,8CPR 250MG
034328068,MICARDIS*28CPR 80MG,13.66,True,Validated,parsed:direct_strength,,28,80.0,2240.0,28CPR 80MG
043743069,ARIPIPRAZOLO TEVA*28CPR 5MG,13.59,True,Validated,parsed:direct_strength,,28,5.0,140.0,28CPR 5MG
040518021,"VISUNAC*COLL 30MONO 0,5ML0,1%",13.59,False,Unresolved,unresolved,other,,,,
040089056,OLANZAPINA EG*28CPR RIV 5MG,13.58,True,Validated,parsed:direct_strength,,28,5.0,140.0,28CPR RIV 5MG
043730011,ARIPIPRAZOLO DOC*28CPR 5MG,13.54,True,Validated,parsed:direct_strength,,28,5.0,140.0,28CPR 5MG
044475022,"LOSARTAN ID DOC*28CPR50+12,5MG",13.48,True,Candidate,parsed:single_value_assumed_unit,,1,12.5,12.5,"12,5MG"
041145309,"CANDESARTAN ID SA*28CPR16+12,5",13.46,False,Unresolved,unresolved,other,,,,
004763619,ASPIRINA C*40CPR EFF 400+240MG,13.42,True,Candidate,parsed:single_value_assumed_unit,,1,240.0,240.0,240MG
043688023,ETORICOXIB DOC*20CPR RIV 90MG,13.41,True,Validated,parsed:direct_strength,,20,90.0,1800.0,20CPR RIV 90MG
038001044,ZOLPIDEM SAND*30CPR RIV 10MG,13.38,True,Validated,parsed:direct_strength,,30,10.0,300.0,30CPR RIV 10MG
047839016,TRACTANA*28CPR RIV 200MG,13.37,True,Validated,parsed:direct_strength,,28,200.0,5600.0,28CPR RIV 200MG
043674023,PREGABALIN DOC*21CPS 50MG,13.36,True,Validated,parsed:direct_strength,,21,50.0,1050.0,21CPS 50MG
024962045,PHOSPHOLAX*OS 2BUST 20ML,13.34,False,Unresolved,unresolved,other,,,,
043759036,TRAMADOLO PARACET KRKA*20CPR,13.28,False,Unresolved,unresolved,other,,,,
036220085,"TRIAZOLAM RATIO*20CPR 0,25MG",13.25,True,Validated,parsed:direct_strength,,20,0.25,5.0,"20CPR 0,25MG"
038835043,ACARPHAGE*40CPR 50MG,13.21,True,Validated,parsed:direct_strength,,40,50.0,2000.0,40CPR 50MG
045772050,TREMFYA*EV 1FL 20ML 10MG/ML,13.2,True,Validated,parsed:vol_conc,,1,200.0,200.0,1FL 20ML 10MG/ML
027511029,VASTAREL*60CPR RIV 20MG,13.19,True,Authoritative,aifa_ingredient_authoritative,,,,20.0,TRIMETAZIDINA DICLORIDRATO 20milligrammi
043337029,ALLOPURINOLO DOC*30CPR 300MG,13.18,True,Validated,parsed:direct_strength,,30,300.0,9000.0,30CPR 300MG
022258091,LEGALON*OS 30BUST EFF200MG,13.12,True,Authoritative,aifa_ingredient_authoritative,,,,200.0,SILIMARINA (SILYBUM MARIANUM L.GAERTNER) 200milligrammi
048025062,CEFUROXIMA MY*6CPR RIV 500MG,13.11,True,Validated,parsed:direct_strength,,6,500.0,3000.0,6CPR RIV 500MG
045443049,ENTECAVIR ARI*30CPR RIV 1MG,13.07,True,Validated,parsed:direct_strength,,30,1.0,30.0,30CPR RIV 1MG
043227053,SIRDALUD*20CPR 2MG,13.07,True,Validated,parsed:direct_strength,,20,2.0,40.0,20CPR 2MG
036063055,DROPAXIN*OS GTT 60ML 10MG/ML,13.04,True,Candidate,parsed:implied_unit_vol_conc,,1,600.0,600.0,GTT 60ML 10MG/ML
041557051,CLARITROMICINA SA*100ML25MG/ML,12.98,False,Unresolved,unresolved,other,,,,
043779014,TADALAFIL MY*4CPR RIV 10MG,12.96,True,Validated,parsed:direct_strength,,4,10.0,40.0,4CPR RIV 10MG
044810024,ROSUVASTATINA DOC*28CPR RIV5MG,12.8,True,Validated,parsed:direct_strength,,28,5.0,140.0,28CPR RIV5MG
023432038,MACMIROR COMPLEX*12 CPS VAG,12.78,False,Unresolved,unresolved,other,,,,
045832033,OLMESARTAN AM DOC*28CPR 40+5MG,12.72,True,Candidate,parsed:single_value_assumed_unit,,1,5.0,5.0,5MG
044497028,ECUMENS*OS POLV 12BUST 3G,12.67,True,Validated,parsed:direct_strength,,12,3000.0,36000.0,12BUST 3G
033736036,AIRCORT*SPRAY NAS 200D 50MCG,12.61,True,Candidate,parsed:single_value_assumed_unit,,1,0.05,0.05,50MCG
037713082,CETIRIZINA MY*20CPR RIV 10MG,12.59,True,Validated,parsed:direct_strength,,20,10.0,200.0,20CPR RIV 10MG
023821010,VERMOX*6CPR 100MG,12.57,True,Authoritative,aifa_ingredient_authoritative,,,,100.0,MEBENDAZOLO 100milligrammi
040589273,"VALSARTAN ID EG*28CPR 320+12,5",12.56,False,Unresolved,unresolved,other,,,,
040085045,DONEPEZIL EG*28CPR RIV 10MG,12.54,True,Validated,parsed:direct_strength,,28,10.0,280.0,28CPR RIV 10MG
027547013,SULAMID*12CPR 50MG,12.53,True,Validated,parsed:direct_strength,,12,50.0,600.0,12CPR 50MG
040721072,DONEPEZIL DOC*28CPR RIV 10MG,12.53,True,Validated,parsed:direct_strength,,28,10.0,280.0,28CPR RIV 10MG
039849070,"PRAMIPEXOLO ZEN*30CPR 0,7MG",12.53,True,Validated,parsed:direct_strength,,30,0.7,21.0,"30CPR 0,7MG"
045214020,CANDETENS*28CPS 16MG+5MG,12.45,True,Validated,parsed:direct_strength,,28,16.0,448.0,28CPS 16MG
034568143,ACTONEL*2CPR RIV 75MG,12.43,True,Validated,parsed:direct_strength,,2,75.0,150.0,2CPR RIV 75MG
034570109,OPTINATE*4CPR RIV 35MG,12.32,True,Validated,parsed:direct_strength,,4,35.0,140.0,4CPR RIV 35MG
041657014,OFUXAL*30CPR 10MG RP,12.24,True,Validated,parsed:direct_strength,,30,10.0,300.0,30CPR 10MG
034003018,MONTEGEN*28CPR FILM RIV 10MG,12.19,True,Validated,parsed:direct_strength,,28,10.0,280.0,28CPR FILM RIV 10MG
009964040,"COLCHICINA LIRCA*60CPR 0,5MG",12.18,True,Validated,parsed:direct_strength,,60,0.5,30.0,"60CPR 0,5MG"
042077026,MOXIFLOXACINA AUR*5CPR 400MG,12.18,True,Validated,parsed:direct_strength,,5,400.0,2000.0,5CPR 400MG
040234066,ATORVASTATINA TE*30CPR RIV10MG,12.15,True,Validated,parsed:direct_strength,,30,10.0,300.0,30CPR RIV10MG
020085027,VISUBLEFARITE*SOSP OFT FL 10ML,12.14,False,Unresolved,unresolved,other,,,,
029851348,MOVICOL SOLUZIONE*OS 20BS 25ML,12.1,True,Authoritative,aifa_ingredient_authoritative,,,,13125.0,MACROGOL 3350 13.125grammi
024625016,MICONAL*CREMA DERM 30G 2%,12.06,True,Authoritative,aifa_ingredient_authoritative,,,,20.0,MICONAZOLO NITRATO 20milligrammi
020706026,VATRAN*25CPR DIV 5MG,11.99,True,Validated,parsed:direct_strength,,25,5.0,125.0,25CPR DIV 5MG
023821022,VERMOX*OS SOSP 20MG/ML 30ML,11.98,False,Unresolved,unresolved,other,,,,
026925065,PENTACOL*GEL RETT 20DOSI 500MG,11.95,True,Candidate,parsed:single_value_assumed_unit,,1,500.0,500.0,500MG
036845079,FOSAVANCE*4CPR 70MG+5600UI,11.91,True,Validated,parsed:direct_strength,,4,70.0,280.0,4CPR 70MG
025278058,TILDIEM*24CPR 120MG RP,11.88,True,Authoritative,aifa_ingredient_authoritative,,,,120.0,DILTIAZEM CLORIDRATO 120milligrammi
035077015,TIOCOLCHICOSIDE MY*IM 6F 4MG,11.88,True,Validated,parsed:direct_strength,,6,4.0,24.0,6F 4MG
048413025,FENOFIBRATO AURO*30CPR 145MG,11.88,True,Validated,parsed:direct_strength,,30,145.0,4350.0,30CPR 145MG
044155024,ACARBOSIO DOC*40CPR 100MG,11.86,True,Validated,parsed:direct_strength,,40,100.0,4000.0,40CPR 100MG
049920010,BARNIDIPINA TE*28CPS 10MG RM,11.86,True,Validated,parsed:direct_strength,,28,10.0,280.0,28CPS 10MG
031115013,TOPSTER*SCH RETT35ML 42MG+14CA,11.71,True,Authoritative,aifa_ingredient_authoritative,,,,42.0,BECLOMETASONE 42milligrammi
046860019,LEVOTIRSOL*OS 30FL 1ML 13MCG,11.66,True,Candidate,parsed:single_value_assumed_unit,,1,0.013,0.013,13MCG
037452063,ZOLPIDEM EG*30CPR RIV 10MG,11.63,True,Validated,parsed:direct_strength,,30,10.0,300.0,30CPR RIV 10MG
036452011,NETILDEX*COLL 5ML1MG/ML+3MG/ML,11.62,False,Unresolved,unresolved,multi_active_combo,,,,
042889028,PARACETAMOLO MY*20BUST 500MG,11.6,True,Validated,parsed:direct_strength,,20,500.0,10000.0,20BUST 500MG
035622048,TERAZOSINA DOC*28CPR DIV 5MG,11.59,True,Validated,parsed:direct_strength,,28,5.0,140.0,28CPR DIV 5MG
040295216,LEVETIRACETAM EG*30CPR 1000MG,11.55,True,Validated,parsed:direct_strength,,30,1000.0,30000.0,30CPR 1000MG
040866030,TELMISARTAN DOC*28CPR 80MG,11.5,True,Validated,parsed:direct_strength,,28,80.0,2240.0,28CPR 80MG
025235058,MICOXOLAMINA*CREMA VAG 75G 1%,11.49,True,Authoritative,aifa_ingredient_authoritative,,,,800.0,CICLOPIROX SALE DI OLAMINA 0.8grammi
035396011,"ANTROLIN*CR RETT 30G 0,3%+1,5%",11.49,True,Candidate,parsed:single_value_assumed_unit,,1,30000.0,30000.0,30G
040926103,TELMISARTAN SANDOZ*28CPR 80MG,11.48,True,Validated,parsed:direct_strength,,28,80.0,2240.0,28CPR 80MG
039180094,ALONEB*28CPR RIV 5MG+25MG,11.41,True,Validated,parsed:direct_strength,,28,5.0,140.0,28CPR RIV 5MG
036821635,LAMOTRIGINA DOC*56CPR DISP 50,11.4,False,Unresolved,unresolved,other,,,,
049224328,RIVAROXABAN TE*28CPR RIV 20MG,11.4,True,Validated,parsed:direct_strength,,28,20.0,560.0,28CPR RIV 20MG
044399119,OLMESARTAN SAND*28CPR RIV 20MG,11.39,True,Validated,parsed:direct_strength,,28,20.0,560.0,28CPR RIV 20MG
043112097,OLMESARTAN MY*28CPR RIV 20MG,11.37,True,Validated,parsed:direct_strength,,28,20.0,560.0,28CPR RIV 20MG
028467064,ACICLOVIR DOROM*35CPR 800MG,11.36,True,Authoritative,aifa_ingredient_authoritative,,,,800.0,ACICLOVIR 800milligrammi
046287013,PAROXETINA DOC*OS GTT 60ML,11.34,False,Unresolved,unresolved,other,,,,
032023095,TOPAMAX*60CPS 25MG FL,11.31,True,Validated,parsed:direct_strength,,60,25.0,1500.0,60CPS 25MG
041127010,ESTECLIN*20CPS 300MG,11.29,True,Validated,parsed:direct_strength,,20,300.0,6000.0,20CPS 300MG
036555050,MIRTAZAPINA EG*30CPR RIV 30MG,11.26,True,Validated,parsed:direct_strength,,30,30.0,900.0,30CPR RIV 30MG
026420048,FLAMINASE*20CPR 30MG,11.25,True,Authoritative,aifa_ingredient_authoritative,,,,30.0,PROMELASI 30milligrammi
024625055,MICONAL*15 OV VAG 50MG,11.25,True,Authoritative,aifa_ingredient_authoritative,,,,50.0,MICONAZOLO NITRATO 50milligrammi
042575631,ROSUVASTATINA MY*28CPR 5MG,11.24,True,Validated,parsed:direct_strength,,28,5.0,140.0,28CPR 5MG
033551045,ACICLOVIR DOC*CR 3G 5%,11.21,True,Candidate,parsed:single_value_assumed_unit,,1,3000.0,3000.0,3G
027975073,IMIGRAN*4CPR RIV 50MG,11.21,True,Validated,parsed:direct_strength,,4,50.0,200.0,4CPR RIV 50MG
015724077,"LANOXIN*SCIR 60ML0,05MG/ML+DOS",11.16,False,Unresolved,unresolved,multi_active_combo,,,,
040246011,BINOSTO*4CPR EFF 70MG,11.16,True,Validated,parsed:direct_strength,,4,70.0,280.0,4CPR EFF 70MG
042016016,"OFTACORTAL*COLL20FL0,3ML 0,15%",11.14,False,Unresolved,unresolved,other,,,,
034162127,NOVONORM*90CPR 1MG,11.06,True,Validated,parsed:direct_strength,,90,1.0,90.0,90CPR 1MG
021635065,BASSADO*10CPR 100MG,11.03,True,Validated,parsed:direct_strength,,10,100.0,1000.0,10CPR 100MG
010386023,HIRUDOID 25000UI*GEL 40G,11.02,True,Candidate,parsed:single_value_assumed_unit,,1,40000.0,40000.0,40G
042741049,CETIRIZINA TEVA*20CPR RIV 10MG,11.01,True,Validated,parsed:direct_strength,,20,10.0,200.0,20CPR RIV 10MG
041838018,ESCITALOPRAM DOC*GTT OS 15ML,11.01,False,Unresolved,unresolved,other,,,,
022628061,MICROSER*30CPR 16MG,11.0,True,Authoritative,aifa_ingredient_authoritative,,,,160.0,BETAISTINA DICLORIDRATO 160milligrammi
049823026,RYBREVANT*SC 1FL 10ML 160MG/ML,11.0,True,Validated,parsed:vol_conc,,1,1600.0,1600.0,1FL 10ML 160MG/ML
023539075,TEGENS*OS GRAT 20BUST 160MG,10.99,True,Authoritative,aifa_ingredient_authoritative,,,,160.0,MIRTILLINA 160milligrammi
004698027,PROTAMINA MEDA*EV 1F 50MG 5ML,10.95,True,Validated,parsed:direct_strength,,1,50.0,50.0,1F 50MG
038477497,COVERLAM*30CPR 10MG+10MG FL,10.94,True,Validated,parsed:direct_strength,,30,10.0,300.0,30CPR 10MG
028523013,METRONIDAZOLO SAME*GEL 30G 1%,10.79,True,Candidate,parsed:single_value_assumed_unit,,1,30000.0,30000.0,30G
025053036,ESILGAN*30CPR 2MG,10.65,True,Authoritative,aifa_ingredient_authoritative,,,,2.0,ESTAZOLAM 2milligrammi
045132014,TRAVOPROST TIM EG*COLL 1FL,10.65,False,Unresolved,unresolved,other,,,,
045133016,"TRAVOPROST TIM MY*COLL1FL2,5ML",10.63,False,Unresolved,unresolved,other,,,,
042740023,SILDENAFIL DOC*8CPR RIV 25MG,10.6,True,Validated,parsed:direct_strength,,8,25.0,200.0,8CPR RIV 25MG
034669059,FLUVOXAMINA EG*30CPR RIV 50MG,10.55,True,Validated,parsed:direct_strength,,30,50.0,1500.0,30CPR RIV 50MG
023087051,"DIPROSONE*UNG 30G 0,05%",10.52,True,Candidate,parsed:single_value_assumed_unit,,1,30000.0,30000.0,30G
032845012,AMARYL*30CPR 2MG,10.49,True,Authoritative,aifa_ingredient_authoritative,,,,2.0,GLIMEPIRIDE 2milligrammi
044243020,"OLMESARTAN ID TE*28CPR 20+12,5",10.47,False,Unresolved,unresolved,other,,,,
040694150,PIOGLITAZONE ZEN*28CPR 30MG,10.45,True,Validated,parsed:direct_strength,,28,30.0,840.0,28CPR 30MG
027975059,IMIGRAN*4CPR RIV 100MG,10.45,True,Validated,parsed:direct_strength,,4,100.0,400.0,4CPR RIV 100MG
027807054,LAMICTAL*28CPR DISPERS 25MG,10.44,True,Authoritative,aifa_ingredient_authoritative,,,,25.0,LAMOTRIGINA 25milligrammi
022258014,LEGALON*30CPR RIV 140MG,10.44,True,Authoritative,aifa_ingredient_authoritative,,,,140.0,SILIMARINA (SILYBUM MARIANUM L.GAERTNER) 140milligrammi
028299016,"IMOVANE*20CPR RIV DIV 7,5MG",10.43,True,Authoritative,aifa_ingredient_authoritative,,,,7.5,ZOPICLONE 7.5milligrammi
034236240,"PRETERAX*30CPR 2,5MG+0,625MG",10.38,True,Validated,parsed:direct_strength,,30,2.5,75.0,"30CPR 2,5MG"
050975034,DESMOPRESSINA DOC*30CPR 60MCG,10.34,True,Validated,parsed:direct_strength,,30,0.06,1.8,30CPR 60MCG
042502043,TELMISARTAN ID DOC*28CPR 80+12,10.25,False,Unresolved,unresolved,other,,,,
048669168,TOLVAPTAN TE*28CPR15MG+28CPR45,10.2,True,Validated,parsed:direct_strength,,28,15.0,420.0,28CPR15MG
035622024,TERAZOSINA DOC*14CPR DIV 5MG,10.18,True,Validated,parsed:direct_strength,,14,5.0,70.0,14CPR DIV 5MG
040672178,MONTELUKAST TE*28CPR MAST 5MG,10.1,True,Validated,parsed:direct_strength,,28,5.0,140.0,28CPR MAST 5MG
039611064,SONIREM*30CPR ORO 5MG,10.1,True,Validated,parsed:direct_strength,,30,5.0,150.0,30CPR ORO 5MG
041626033,MONTELUKAST DOR*OS 28BUST 4MG,10.1,True,Validated,parsed:direct_strength,,28,4.0,112.0,28BUST 4MG
029611023,MORFINA CL MOLT*5F 1ML 10MG/ML,10.09,True,Validated,parsed:vol_conc,,5,10.0,50.0,5F 1ML 10MG/ML
040193183,MONTELUKAST EG*28CPR RIV 10MG,10.09,True,Validated,parsed:direct_strength,,28,10.0,280.0,28CPR RIV 10MG
034749251,ENALAPRIL DOC*28CPR 20MG,10.04,True,Validated,parsed:direct_strength,,28,20.0,560.0,28CPR 20MG
037770068,PERINDOPRIL DOC*30CPR 4MG,9.94,True,Validated,parsed:direct_strength,,30,4.0,120.0,30CPR 4MG
039202167,PERINDOPRIL EG*30CPR 8MG,9.94,True,Validated,parsed:direct_strength,,30,8.0,240.0,30CPR 8MG
038316028,ZARELIS*14CPR 75MG RP,9.92,True,Validated,parsed:direct_strength,,14,75.0,1050.0,14CPR 75MG
045772098,TREMFYA*SC 2PEN 2ML 100MG/ML,9.9,True,Validated,parsed:vol_conc,,2,200.0,400.0,2PEN 2ML 100MG/ML
039554011,CEDRAVIS*4CPR RIV 35MG,9.88,True,Validated,parsed:direct_strength,,4,35.0,140.0,4CPR RIV 35MG
051277022,"PERINDOPRIL IN AM TE*5+1,25+5",9.88,False,Unresolved,unresolved,other,,,,
038483347,REAPTAN*30CPR 10MG+5MG FL,9.87,True,Validated,parsed:direct_strength,,30,10.0,300.0,30CPR 10MG
040313013,TACHIPIRINA OROSOL*10BS 250MG,9.86,True,Candidate,parsed:single_value_assumed_unit,,1,250.0,250.0,250MG
032808040,DILTIAZEM EG*50CPR 60MG,9.82,True,Authoritative,aifa_ingredient_authoritative,,,,60.0,DILTIAZEM CLORIDRATO 60milligrammi
040510442,QUETIAPINA TE*60CPR RIV 150MG,9.8,True,Validated,parsed:direct_strength,,60,150.0,9000.0,60CPR RIV 150MG
039224047,"NOLITERAX*30CPR RIV 10+2,5MG",9.8,True,Candidate,parsed:single_value_assumed_unit,,1,2.5,2.5,"2,5MG"
047054034,ESNOXIBEN*30CPR RIV 1MG,9.76,True,Validated,parsed:direct_strength,,30,1.0,30.0,30CPR RIV 1MG
048444145,EZEVAST*30CPR RIV 10MG+80MG,9.73,True,Validated,parsed:direct_strength,,30,10.0,300.0,30CPR RIV 10MG
027218015,RITMODAN RETARD*20CPR 250MG RP,9.57,True,Validated,parsed:direct_strength,,20,250.0,5000.0,20CPR 250MG
024278121,"TIMOPTOL*COLL 5ML 0,5% C/DOS",9.54,False,Unresolved,unresolved,other,,,,
038483208,REAPTAN*30CPR 5MG+10MG FL,9.53,True,Validated,parsed:direct_strength,,30,5.0,150.0,30CPR 5MG
030459010,"ARGENTO PROTEINATO*0,5% 10ML",9.52,True,Authoritative,aifa_ingredient_authoritative,,,,500.0,ARGENTO PROTEINATO 0.5grammi
036046047,CITALOPRAM MY*28CPR RIV20MG,9.48,True,Validated,parsed:direct_strength,,28,20.0,560.0,28CPR RIV20MG
040627022,FOLIFILL*120CPR 5MG,9.47,True,Validated,parsed:direct_strength,,120,5.0,600.0,120CPR 5MG
030512103,"GLICEROLO NA*6CONT 2,25G",9.46,True,Candidate,parsed:single_value_assumed_unit,,1,2250.0,2250.0,"2,25G"
049890015,SUSTANON*IM 1F 1ML 250MG,9.41,True,Candidate,parsed:single_value_assumed_unit,,1,250.0,250.0,250MG
028837021,ZETALAX*BB 18SUPP 1375MG,9.39,True,Validated,parsed:direct_strength,,18,1375.0,24750.0,18SUPP 1375MG
034972416,NEXIUM*14CPR GASTR 40MG,9.38,True,Validated,parsed:direct_strength,,14,40.0,560.0,14CPR GASTR 40MG
038535023,"LISINOPRIL ID SAN*28CPR20+12,5",9.35,False,Unresolved,unresolved,other,,,,
025447020,DISEON*30CPS MOLLI 1MCG,9.34,True,Authoritative,aifa_ingredient_authoritative,,,,0.001,ALFACALCIDOLO 1microgrammi
026368086,"PASADEN*OS GTT FL 30ML 0,05%",9.33,False,Unresolved,unresolved,other,,,,
038763013,AMBROXOLO MY*SCIR200ML15MG/5ML,9.28,False,Unresolved,unresolved,other,,,,
032261149,REQUIP*21CPR RIV 2MG,9.28,True,Validated,parsed:direct_strength,,21,2.0,42.0,21CPR RIV 2MG
049710128,SITAGLIPTIN MET EG*50+1000MG,9.24,True,Candidate,parsed:single_value_assumed_unit,,1,1000.0,1000.0,1000MG
023378058,BECOTIDE*SPRAY NAS 200D 50MCG,9.2,True,Authoritative,aifa_ingredient_authoritative,,,,0.1,BECLOMETASONE 0.1milligrammi
041498104,"BISOPROLOLO AU*28CPR RIV 2,5MG",9.13,True,Validated,parsed:direct_strength,,28,2.5,70.0,"28CPR RIV 2,5MG"
039674155,REPAGLINIDE EG*90CPR 2MG,9.09,True,Validated,parsed:direct_strength,,90,2.0,180.0,90CPR 2MG
037428012,NIMODIPINA EG*OS GTT FL 25ML,9.06,False,Unresolved,unresolved,other,,,,
019888015,"METHOTREXATE*25CPR 2,5MG",9.05,True,Validated,parsed:direct_strength,,25,2.5,62.5,"25CPR 2,5MG"
049990017,VAGISIL ANTIMICOTICO*CR 30G 2%,9.05,True,Candidate,parsed:single_value_assumed_unit,,1,30000.0,30000.0,30G
036938013,POTASSIO ASP MO*10F 10MEQ 10ML,9.02,False,Unresolved,unresolved,other,,,,
049360023,"LENALIDOMIDE GRIN*21CPS 2,5MG",9.01,True,Validated,parsed:direct_strength,,21,2.5,52.5,"21CPS 2,5MG"
045197237,OLMESARTAN ID MY*28CPR 40+25MG,9.0,True,Candidate,parsed:single_value_assumed_unit,,1,25.0,25.0,25MG
026283061,ERDOTIN*20CPS 300MG,9.0,True,Authoritative,aifa_ingredient_authoritative,,,,300.0,ERDOSTEINA 300milligrammi
040639054,SILDENAFIL EG*8CPR RIV 25MG,8.96,True,Validated,parsed:direct_strength,,8,25.0,200.0,8CPR RIV 25MG
034080010,GEMFIBROZIL DOC*30CPR 600MG,8.9,True,Validated,parsed:direct_strength,,30,600.0,18000.0,30CPR 600MG
035820202,ARCOXIA*20CPR RIV 90MG AL/AL,8.75,True,Validated,parsed:direct_strength,,20,90.0,1800.0,20CPR RIV 90MG
047583152,ANCILLEG*30CPS 10MG+40MG,8.7,True,Validated,parsed:direct_strength,,30,10.0,300.0,30CPS 10MG
041290026,"REPAGLINIDE ZENT*90CPR 0,5MG",8.7,True,Validated,parsed:direct_strength,,90,0.5,45.0,"90CPR 0,5MG"
026380028,ANSEREN*15CPS 30MG,8.64,True,Authoritative,aifa_ingredient_authoritative,,,,30.0,KETAZOLAM 30milligrammi
049576010,"VISUBLEND*COLL 1FL 0,3+5MG/ML",8.49,False,Unresolved,unresolved,multi_active_combo,,,,
024309039,PERIDON*30CPR RIV 10MG,8.48,True,Validated,parsed:direct_strength,,30,10.0,300.0,30CPR RIV 10MG
045146014,BIMATOPROST TIM EG*COLL 1FL,8.46,False,Unresolved,unresolved,other,,,,
022803047,ANTEPSIN*OS SOSP FL200ML1G/5ML,8.44,False,Unresolved,unresolved,other,,,,
027786033,APLACTIN*14CPR 40MG,8.43,True,Authoritative,aifa_ingredient_authoritative,,,,40.0,PRAVASTATINA SODICA 40milligrammi
027786021,APLACTIN*10CPR 20MG,8.41,True,Authoritative,aifa_ingredient_authoritative,,,,20.0,PRAVASTATINA SODICA 20milligrammi
042407116,"TRIPLIAM*30CPR 5+1,25+10MG FL",8.39,True,Candidate,parsed:single_value_assumed_unit,,1,10.0,10.0,10MG
035820063,ARCOXIA*20CPR RIV 60MG AL/AL,8.39,True,Validated,parsed:direct_strength,,20,60.0,1200.0,20CPR RIV 60MG
029561038,CAVERJECT*FL10MCG+SIR+2AGHI+2T,8.38,True,Authoritative,aifa_ingredient_authoritative,,,,0.0119,ALPROSTADIL 11.9microgrammi
035944038,GABAPENTIN DOC*30CPS 400MG,8.37,True,Validated,parsed:direct_strength,,30,400.0,12000.0,30CPS 400MG
042386348,BRUFEN ANALGESICO*12CPR 400MG,8.36,True,Validated,parsed:direct_strength,,12,400.0,4800.0,12CPR 400MG
030258014,"FLOGODERM*CREMA 30G 0,05%",8.36,True,Candidate,parsed:single_value_assumed_unit,,1,30000.0,30000.0,30G
033577305,RATACAND*28CPR 16MG,8.32,True,Validated,parsed:direct_strength,,28,16.0,448.0,28CPR 16MG
041538024,ACIDO ALENDRON ALT*4CPR 70MG,8.29,True,Validated,parsed:direct_strength,,4,70.0,280.0,4CPR 70MG
025298086,ZOVIRAX*OS SOSP 100ML 8%,8.28,False,Unresolved,unresolved,other,,,,
034052023,ATENOLOLO RAT*50CPR RIV 100MG,8.26,True,Validated,parsed:direct_strength,,50,100.0,5000.0,50CPR RIV 100MG
047583087,ANCILLEG*30CPS 10MG+20MG,8.24,True,Validated,parsed:direct_strength,,30,10.0,300.0,30CPS 10MG
025634015,NUROFEN*12CPR RIV 200MG,8.22,True,Authoritative,aifa_ingredient_authoritative,,,,200.0,IBUPROFENE 200milligrammi
035895010,"AVODART*30CPS MOLLI 0,5MG",8.21,True,Validated,parsed:direct_strength,,30,0.5,15.0,"30CPS MOLLI 0,5MG"
035767060,CIPRALEX*28CPR RIV 10MG BLIS C,8.21,True,Validated,parsed:direct_strength,,28,10.0,280.0,28CPR RIV 10MG
030817011,POTASSIO LATTATO*5F 20MEQ 10ML,8.12,False,Unresolved,unresolved,other,,,,
025724055,SUCRAMAL*OS GRAT 30BUST 2G,8.12,True,Validated,parsed:direct_strength,,30,2000.0,60000.0,30BUST 2G
038946075,GIANT*28CPR RIV 40MG+5MG,8.11,True,Validated,parsed:direct_strength,,28,40.0,1120.0,28CPR RIV 40MG
027122062,ASALEX*SOSP RETT 7FL 2G+7CANNU,8.09,True,Validated,parsed:direct_strength,,7,2000.0,14000.0,7FL 2G
016453045,"TROPIMIL*COLL 5FL 0,5ML 5MG/ML",8.09,True,Validated,parsed:vol_conc,,5,2.5,12.5,"5FL 0,5ML 5MG/ML"
029444116,REMERON*6CPR ORODISP 15MG,8.09,True,Authoritative,aifa_ingredient_authoritative,,,,15.0,MIRTAZAPINA 15milligrammi
025634128,NUROFEN*12CPR RIV 400MG PVC/AL,8.02,True,Authoritative,aifa_ingredient_authoritative,,,,400.0,IBUPROFENE 400milligrammi
051119016,"PERINDOPRIL IND DOC*30CPR 2,5+",8.01,False,Unresolved,unresolved,other,,,,
039620012,DORZOSTILL*COLL FL 5ML 2%,7.81,False,Unresolved,unresolved,other,,,,
034254045,ARGONAL*RETT 7FL 4G/100ML,7.7,False,Unresolved,unresolved,other,,,,
035615057,LOVINACOR*30CPR 40MG,7.7,True,Validated,parsed:direct_strength,,30,40.0,1200.0,30CPR 40MG
042751026,COLECALCIFEROLO EG*1FL 25000UI,7.62,False,Unresolved,unresolved,other,,,,
038502148,ZANIPRIL*28CPR RIV 20MG+10MG,7.61,True,Validated,parsed:direct_strength,,28,20.0,560.0,28CPR RIV 20MG
026695041,STILNOX*14CPR RIV 10MG,7.58,True,Validated,parsed:direct_strength,,14,10.0,140.0,14CPR RIV 10MG
043111018,CETIRIZINA AU*20CPR RIV 10MG,7.52,True,Validated,parsed:direct_strength,,20,10.0,200.0,20CPR RIV 10MG
038565255,LERCAPREL*28CPR RIV 20MG+20MG,7.5,True,Validated,parsed:direct_strength,,28,20.0,560.0,28CPR RIV 20MG
032010011,SELECOM*50CPR 5MG,7.49,True,Authoritative,aifa_ingredient_authoritative,,,,5.0,SELEGILINA CLORIDRATO 5milligrammi
029385010,NEOLOTAN*28CPR RIV 50MG,7.48,True,Validated,parsed:direct_strength,,28,50.0,1400.0,28CPR RIV 50MG
047876103,ROSUVASTATINA EZ TE*30CPR20+10,7.47,False,Unresolved,unresolved,other,,,,
033551058,ACICLOVIR DOC*CR 10G 5%,7.46,True,Candidate,parsed:single_value_assumed_unit,,1,10000.0,10000.0,10G
045827060,ROSUVASTATINA EZ DO*30CPR20+10,7.46,False,Unresolved,unresolved,other,,,,
033623012,FLUCACID*12CPR 1G,7.45,True,Validated,parsed:direct_strength,,12,1000.0,12000.0,12CPR 1G
042453011,"TRAVOPROST DOC*COLL 1FL 2,5ML",7.42,False,Unresolved,unresolved,other,,,,
027830037,LACIPIL*28CPR RIV DIV 4MG,7.39,True,Authoritative,aifa_ingredient_authoritative,,,,4.0,LACIDIPINA 4milligrammi
045304033,MAORIS*28CPR 20MG+10MG,7.39,True,Validated,parsed:direct_strength,,28,20.0,560.0,28CPR 20MG
023402011,SEREPRILE*20CPR 100MG,7.38,True,Validated,parsed:direct_strength,,20,100.0,2000.0,20CPR 100MG
045304021,MAORIS*28CPR 10MG+10MG,7.37,True,Validated,parsed:direct_strength,,28,10.0,280.0,28CPR 10MG
049290048,SITAGLIPTIN MET SAN*50+850MG,7.33,True,Candidate,parsed:single_value_assumed_unit,,1,850.0,850.0,850MG
029538028,PROMETRIUM*OS VAG 15CPS 200MG,7.33,True,Validated,parsed:direct_strength,,15,200.0,3000.0,15CPS 200MG
024732024,BEZALIP*30CPR RIV 400MG RP,7.28,True,Authoritative,aifa_ingredient_authoritative,,,,400.0,BEZAFIBRATO 400milligrammi
005494024,IDROCHINIDINA LIRCA*40CPR150MG,7.27,True,Validated,parsed:direct_strength,,40,150.0,6000.0,40CPR150MG
051119028,PERINDOPRIL IND DOC*30CPR 5MG+,7.26,True,Validated,parsed:direct_strength,,30,5.0,150.0,30CPR 5MG
040410134,PERINDOPRIL IND SAN*30CPR 4MG+,7.25,True,Validated,parsed:direct_strength,,30,4.0,120.0,30CPR 4MG
047442025,INCOVES*20CPR RIV 10MG,7.25,True,Validated,parsed:direct_strength,,20,10.0,200.0,20CPR RIV 10MG
041940053,"PERINDOPRIL IND TE*30CPR5+1,25",7.24,False,Unresolved,unresolved,other,,,,
041155060,"PERINDOPRIL IND EG*30CPR4+1,25",7.24,False,Unresolved,unresolved,other,,,,
024402164,EUTIROX*50CPR 88MCG,7.23,True,Validated,parsed:direct_strength,,50,0.088,4.4,50CPR 88MCG
045870045,"ELATREX*28CPR 5MG+2,5MG RP",7.23,True,Validated,parsed:direct_strength,,28,5.0,140.0,28CPR 5MG
049976018,EZETIMIBE ATORV EG*30CPR10+10,7.17,False,Unresolved,unresolved,other,,,,
044810075,ROSUVASTATINA DOC*28CPR RIV40,7.13,False,Unresolved,unresolved,other,,,,
028467025,ACICLOVIR DOROM*CREMA 10G 5%,7.12,True,Candidate,parsed:single_value_assumed_unit,,1,10000.0,10000.0,10G
025487024,"DEDIOL*30CPS MOLLI 0,25MCG",7.11,True,Authoritative,aifa_ingredient_authoritative,,,,0.0003,ALFACALCIDOLO 0.3microgrammi
038502252,ZANIPRIL*28CPR RIV 20MG+20MG,7.1,True,Validated,parsed:direct_strength,,28,20.0,560.0,28CPR RIV 20MG
036026110,OLPRESS*28CPR RIV 40MG,7.08,True,Validated,parsed:direct_strength,,28,40.0,1120.0,28CPR RIV 40MG
038568251,CORIPREN*28CPR RIV 20MG+20MG,7.03,True,Validated,parsed:direct_strength,,28,20.0,560.0,28CPR RIV 20MG
047960036,AVERBET*20CPR 16MG,6.96,True,Validated,parsed:direct_strength,,20,16.0,320.0,20CPR 16MG
025293034,"TINSET*GTT OS SOSP 30ML 2,5%",6.95,False,Unresolved,unresolved,other,,,,
023150016,"RINOTRICINA*GTT 20ML 0,025%",6.91,False,Unresolved,unresolved,other,,,,
022674016,VISKEN*30CPR 5MG,6.9,True,Authoritative,aifa_ingredient_authoritative,,,,5.0,PINDOLOLO 5milligrammi
020423265,"ECOVAL*SOLUZ CUT 30G 0,5MG/G",6.89,True,Candidate,parsed:single_value_assumed_unit,,1,30000.0,30000.0,30G
043855016,"ALGALT*28CPR 5MG+2,5MG RP",6.88,True,Validated,parsed:direct_strength,,28,5.0,140.0,28CPR 5MG
044256055,COSYREL*30CPR 5MG+10MG FL,6.86,True,Validated,parsed:direct_strength,,30,5.0,150.0,30CPR 5MG
029456050,DICLOFENAC EG*21CPR 100MG RP,6.77,True,Validated,parsed:direct_strength,,21,100.0,2100.0,21CPR 100MG
047302056,METFORMINA DOC*60CPR RIV1000MG,6.76,True,Validated,parsed:direct_strength,,60,1000.0,60000.0,60CPR RIV1000MG
036934014,CLOTRIMAZOLO DOC*CREMA 30G 1%,6.71,True,Candidate,parsed:single_value_assumed_unit,,1,30000.0,30000.0,30G
036683062,CYMBALTA*7CPS GASTRORES 30MG,6.69,True,Candidate,parsed:single_value_assumed_unit,,1,30.0,30.0,30MG
035336039,GLICEROLO EG*AD 18SUPP 2250MG,6.68,True,Validated,parsed:direct_strength,,18,2250.0,40500.0,18SUPP 2250MG
040592026,METFORMINA AUR*30CPR RIV 850MG,6.64,True,Validated,parsed:direct_strength,,30,850.0,25500.0,30CPR RIV 850MG
037517137,PRAVASTATINA RATIO*28CPR 20MG,6.62,True,Validated,parsed:direct_strength,,28,20.0,560.0,28CPR 20MG
036821371,LAMOTRIGINA DOC*28CPR DISP 25,6.6,False,Unresolved,unresolved,other,,,,
032117018,SOLOSA*30CPR 2MG,6.57,True,Authoritative,aifa_ingredient_authoritative,,,,2.0,GLIMEPIRIDE 2milligrammi
033987052,LOPERAMIDE HEXAL*15CPS 2MG,6.56,True,Validated,parsed:direct_strength,,15,2.0,30.0,15CPS 2MG
046008064,BETAISTINA EG*20CPR 16MG,6.54,True,Validated,parsed:direct_strength,,20,16.0,320.0,20CPR 16MG
038381556,"RETACRIT*6SIR 1.000UI 0,3ML",6.53,False,Unresolved,unresolved,other,,,,
035705072,"PRITORPLUS*28CPR 80MG+12,5MG",6.51,True,Validated,parsed:direct_strength,,28,80.0,2240.0,28CPR 80MG
043424062,PERINDOPRIL AML ZE*30CPR 8+5MG,6.5,True,Candidate,parsed:single_value_assumed_unit,,1,5.0,5.0,5MG
022959011,CONTROL*30CPR 1MG,6.4,True,Authoritative,aifa_ingredient_authoritative,,,,1.0,LORAZEPAM 1milligrammi
033726011,"ALPRAZOLAM DOC*20CPR 0,25MG",6.38,True,Validated,parsed:direct_strength,,20,0.25,5.0,"20CPR 0,25MG"
022593204,BRUFEN*30CPR RIV 400MG,6.34,True,Validated,parsed:direct_strength,,30,400.0,12000.0,30CPR RIV 400MG
028823019,AURANTIN*IM EV 5F 250MG 5ML,6.29,True,Validated,parsed:direct_strength,,5,250.0,1250.0,5F 250MG
023325020,"LOCOIDON*CR IDROFILA 30G 0,1%",6.23,True,Candidate,parsed:single_value_assumed_unit,,1,30000.0,30000.0,30G
044638017,BRIMOCOMB*1FL 5ML 2MG+5MG/ML,6.23,True,Candidate,parsed:single_value_assumed_unit,,1,2.0,2.0,2MG
023695036,LANTANON*30CPR RIV 30MG,6.2,True,Authoritative,aifa_ingredient_authoritative,,,,30.0,MIANSERINA CLORIDRATO 30milligrammi
030899633,GLUCOSIO*33% 20F 10ML,6.18,True,Authoritative,aifa_ingredient_authoritative,,,,363000.0,GLUCOSIO (DESTROSIO) MONOIDRATO 363grammi
048087011,BRINTIDOX*COLL 1FL5ML 10MG+5MG,6.18,True,Candidate,parsed:single_value_assumed_unit,,1,10.0,10.0,10MG
045351018,COMPUNA*28CPR 5MG+10MG,6.16,True,Validated,parsed:direct_strength,,28,5.0,140.0,28CPR 5MG
049098015,"TRIVALS*28CPR 5+160+12,5MG",6.14,True,Candidate,parsed:single_value_assumed_unit,,1,12.5,12.5,"12,5MG"
037419064,ALFUZOSINA EG*30CPR 10MG RP,6.12,True,Validated,parsed:direct_strength,,30,10.0,300.0,30CPR 10MG
028284026,URODIE*14CPR 5MG,6.07,True,Validated,parsed:direct_strength,,14,5.0,70.0,14CPR 5MG
048464010,"TRIOLM*28CPR RIV 20+5+12,5MG",6.07,True,Candidate,parsed:single_value_assumed_unit,,1,12.5,12.5,"12,5MG"
047997059,"OLMETRIVART*28CPR 40+10+12,5MG",6.07,True,Candidate,parsed:single_value_assumed_unit,,1,12.5,12.5,"12,5MG"
046720037,LOVASTATINA DOC*30CPR 40MG,6.06,True,Validated,parsed:direct_strength,,30,40.0,1200.0,30CPR 40MG
024995060,CLISMALAX*4FL SOL RETT 260ML,6.04,False,Unresolved,unresolved,other,,,,
028511095,OKI*OS GRAT 30BUST BIPAR 80MG,5.96,True,Authoritative,aifa_ingredient_authoritative,,,,80.0,KETOPROFENE SALE DI LISINA 80milligrammi
027174010,"SUGUAN M*40CPR RIV 400+2,5MG",5.95,True,Candidate,parsed:single_value_assumed_unit,,1,2.5,2.5,"2,5MG"
033232036,GADRAL*OS SOSP FL250ML 80MG/ML,5.95,True,Candidate,parsed:implied_unit_vol_conc,,1,20000.0,20000.0,FL250ML 80MG/ML
046720025,LOVASTATINA DOC*30CPR 20MG,5.94,True,Validated,parsed:direct_strength,,30,20.0,600.0,30CPR 20MG
039468018,"LATANOPROST RAT*COLL 1FL 2,5ML",5.93,False,Unresolved,unresolved,other,,,,
045054057,ALLOPURINOLO MY*30CPR 300MG,5.91,True,Validated,parsed:direct_strength,,30,300.0,9000.0,30CPR 300MG
024402149,EUTIROX*50CPR 175MCG,5.9,True,Validated,parsed:direct_strength,,50,0.175,8.75,50CPR 175MCG
037732308,CEFUROXIMA SAN*6CPR RIV 500MG,5.85,True,Validated,parsed:direct_strength,,6,500.0,3000.0,6CPR RIV 500MG
023181074,VOLTAREN*30CPR 75MG RP,5.81,True,Validated,parsed:direct_strength,,30,75.0,2250.0,30CPR 75MG
047789019,DOTECINE*12CPR 200MG RM,5.76,True,Validated,parsed:direct_strength,,12,200.0,2400.0,12CPR 200MG
042214015,ATARAX*20CPR RIV DIV 25MG,5.74,True,Validated,parsed:direct_strength,,20,25.0,500.0,20CPR RIV DIV 25MG
034191041,"COAPROVEL*28CPR 300MG+12,5MG",5.73,True,Validated,parsed:direct_strength,,28,300.0,8400.0,28CPR 300MG
039182098,NOBIZIDE*28CPR RIV 5MG+25MG,5.7,True,Validated,parsed:direct_strength,,28,5.0,140.0,28CPR RIV 5MG
043918248,OLMESARTAN EG*28CPR 40MG,5.69,True,Validated,parsed:direct_strength,,28,40.0,1120.0,28CPR 40MG
025764010,ISMO*50CPR 20MG,5.68,True,Authoritative,aifa_ingredient_authoritative,,,,20.0,ISOSORBIDE MONONITRATO 20milligrammi
027807080,LAMICTAL*56CPR DISPERS 50MG,5.67,True,Authoritative,aifa_ingredient_authoritative,,,,50.0,LAMOTRIGINA 50milligrammi
025200041,MONOKET*30CPR 60MG RM,5.67,True,Authoritative,aifa_ingredient_authoritative,,,,60.0,ISOSORBIDE MONONITRATO 60milligrammi
028968016,"DERMIRIT*CREMA 20G 0,5%",5.63,True,Authoritative,aifa_ingredient_authoritative,,,,100.0,IDROCORTISONE ACETATO 100milligrammi
043518036,DURFENTA*3CER 50MCG/ORA,5.6,False,Unresolved,unresolved,other,,,,
034305021,"TIMOLOLO OMNI*COLL 5ML 0,5%",5.56,False,Unresolved,unresolved,other,,,,
040870014,"OLANZAPINA CHE*28CPR RIV 2,5MG",5.55,True,Validated,parsed:direct_strength,,28,2.5,70.0,"28CPR RIV 2,5MG"
041643014,ESCITALOPRAM SAN*GTT OS 15ML,5.54,False,Unresolved,unresolved,other,,,,
035295082,TERAZOSINA TEVA*30CPR 2MG,5.5,True,Validated,parsed:direct_strength,,30,2.0,60.0,30CPR 2MG
007535038,VITAMINA K SALF*IM 5F 10MG 2ML,5.49,True,Validated,parsed:direct_strength,,5,10.0,50.0,5F 10MG
019906015,LAROXYL*25CPR RIV 25MG,5.45,True,Authoritative,aifa_ingredient_authoritative,,,,25.0,AMITRIPTILINA CLORIDRATO 25milligrammi
042779090,ESCITALOPRAM MY*28CPR RIV 10MG,5.43,True,Validated,parsed:direct_strength,,28,10.0,280.0,28CPR RIV 10MG
035295120,TERAZOSINA TEVA*14CPR 5MG,5.42,True,Validated,parsed:direct_strength,,14,5.0,70.0,14CPR 5MG
035992039,"LORAZEPAM MY*OS GTT 10ML 0,2%",5.4,False,Unresolved,unresolved,other,,,,
034788012,SUCRALFATO DOC*GRAT 30BUST 2G,5.39,True,Validated,parsed:direct_strength,,30,2000.0,60000.0,30BUST 2G
023457171,DOSBEROTEC 100*INAL100MCG 10ML,5.37,True,Authoritative,aifa_ingredient_authoritative,,,,0.1,FENOTEROLO BROMIDRATO 100microgrammi
036653018,CITALOPRAM DOC*OS GTT FL 15ML,5.36,False,Unresolved,unresolved,other,,,,
043240062,DUOTENS*30CPS 5MG+5MG,5.33,True,Validated,parsed:direct_strength,,30,5.0,150.0,30CPS 5MG
038714010,BRIMOFTAL*COLL 1FL 5ML 2MG/ML,5.32,True,Validated,parsed:vol_conc,,1,10.0,10.0,1FL 5ML 2MG/ML
004763405,ASPIRINA*OS GRAT 10BUST 500MG,5.28,True,Validated,parsed:direct_strength,,10,500.0,5000.0,10BUST 500MG
051348148,"PERINDOPRIL IN AM EG*10+2,5+10",5.26,False,Unresolved,unresolved,other,,,,
034114292,COTAREG*28CPR RIV 320MG+25MG,5.24,True,Validated,parsed:direct_strength,,28,320.0,8960.0,28CPR RIV 320MG
042775015,"TOBRAMICINA EG*COLLFL 5ML 0,3%",5.22,False,Unresolved,unresolved,other,,,,
045549108,"LOPRIDAM*30CPR RIV 8+2,5+10MG",5.22,True,Candidate,parsed:single_value_assumed_unit,,1,10.0,10.0,10MG
023404231,DIAMICRON*30CPR 60MG RM,5.14,True,Validated,parsed:direct_strength,,30,60.0,1800.0,30CPR 60MG
044922021,"OLMESARTAN ID DOC*28CPR20+12,5",5.14,False,Unresolved,unresolved,other,,,,
022905158,"LEXOTAN*20CPR 1,5MG",5.12,True,Authoritative,aifa_ingredient_authoritative,,,,1.5,BROMAZEPAM 1.5milligrammi
037609132,FENTANIL ZENT*3CER 100MCG/ORA,5.11,False,Unresolved,unresolved,other,,,,
044411344,"OLMESARTAN ID AU*28CPR 20+12,5",5.1,False,Unresolved,unresolved,other,,,,
037398272,SIMVASTATINA MY*20CPR 10MG,5.08,True,Validated,parsed:direct_strength,,20,10.0,200.0,20CPR 10MG
037741028,"ENALAPRIL ID DOC*28CPR 20+12,5",5.05,False,Unresolved,unresolved,other,,,,
037805064,PERINDOPRIL TEVA*30CPR 4MG,4.99,True,Validated,parsed:direct_strength,,30,4.0,120.0,30CPR 4MG
026435038,"GINODEN*21CPR RIV 0,075+0,03MG",4.98,True,Authoritative,aifa_ingredient_authoritative,,,,0.1,GESTODENE 0.1milligrammi
025200015,MONOKET*50CPR 20MG,4.97,True,Authoritative,aifa_ingredient_authoritative,,,,20.0,ISOSORBIDE MONONITRATO 20milligrammi
035317559,CAPTOPRIL MY*50CPR 25MG,4.96,True,Validated,parsed:direct_strength,,50,25.0,1250.0,50CPR 25MG
045143017,TRAVOPROST ZE*COLL1FL 40MCG/ML,4.92,False,Unresolved,unresolved,other,,,,
035583160,"LODOZ*30CPR RIV 2,5MG+6,25MG",4.92,True,Validated,parsed:direct_strength,,30,2.5,75.0,"30CPR RIV 2,5MG"
051348023,"PERINDOPRIL IN AM EG*5+1,25+5",4.92,False,Unresolved,unresolved,other,,,,
027395021,"ACESISTEM*14CPR 20MG+12,5MG",4.91,True,Authoritative,aifa_ingredient_authoritative,,,,20.0,ENALAPRIL 20milligrammi
035583018,"LODOZ*30CPR RIV 2,5MG+6,25MG",4.9,True,Validated,parsed:direct_strength,,30,2.5,75.0,"30CPR RIV 2,5MG"
047051014,DORZOLAMIDE TIM SAN*COLL1FL5ML,4.9,False,Unresolved,unresolved,other,,,,
034326076,PRITOR*28CPR 80MG,4.87,True,Validated,parsed:direct_strength,,28,80.0,2240.0,28CPR 80MG
043861018,DORZOLAMIDE TIM PE*COLLIRIO5ML,4.87,False,Unresolved,unresolved,other,,,,
049712197,DIAZEPAM EG*25CPR 5MG,4.87,True,Validated,parsed:direct_strength,,25,5.0,125.0,25CPR 5MG
044592020,RUPATADINA EG*30CPR 10MG,4.83,True,Validated,parsed:direct_strength,,30,10.0,300.0,30CPR 10MG
043204015,BRINZOLAMIDE MY*COLL 1FL 5ML,4.82,False,Unresolved,unresolved,other,,,,
042648016,BRINZOLAMIDE SAND*COLL FL 5ML,4.82,False,Unresolved,unresolved,other,,,,
042249019,BRINZAFLUX*COLL 1FL 5ML,4.82,False,Unresolved,unresolved,other,,,,
032101026,SUCRALFATO ARI*30BUST 2G,4.71,True,Authoritative,aifa_ingredient_authoritative,,,,2000.0,SUCRALFATO 2000milligrammi
029296011,TICLOPIDINA DOROM*30CPR 250MG,4.71,True,Authoritative,aifa_ingredient_authoritative,,,,250.0,TICLOPIDINA CLORIDRATO 250milligrammi
033581048,DILTIAZEM DOC*14CPR 300MG RP,4.64,True,Validated,parsed:direct_strength,,14,300.0,4200.0,14CPR 300MG
040295141,LEVETIRACETAM EG*60CPR 500MG,4.62,True,Validated,parsed:direct_strength,,60,500.0,30000.0,60CPR 500MG
046860033,LEVOTIRSOL*OS 30FL 1ML 50MCG,4.59,True,Candidate,parsed:single_value_assumed_unit,,1,0.05,0.05,50MCG
045832019,OLMESARTAN AM DOC*28CPR 20+5MG,4.56,True,Candidate,parsed:single_value_assumed_unit,,1,5.0,5.0,5MG
042504035,TELMISARTAN ID SAN*28CPR 40+12,4.54,False,Unresolved,unresolved,other,,,,
032025037,ISOSORBIDE M DOC*30CPR 60MG RP,4.53,True,Authoritative,aifa_ingredient_authoritative,,,,60.0,ISOSORBIDE MONONITRATO 60milligrammi
010308029,MIDARINE*EV 5F 100MG/2ML,4.53,False,Unresolved,unresolved,other,,,,
019803028,TRIPTIZOL*30CPR RIV 10MG,4.48,True,Authoritative,aifa_ingredient_authoritative,,,,10.0,AMITRIPTILINA CLORIDRATO 10milligrammi
035786033,"BROMAZEPAM DOC*OS GTT 2,5MG/ML",4.42,False,Unresolved,unresolved,other,,,,
032808014,DILTIAZEM EG*28CPS 120MG RM,4.4,True,Authoritative,aifa_ingredient_authoritative,,,,120.0,DILTIAZEM CLORIDRATO 120milligrammi
027162054,"QUARK*28CPR DIV 2,5MG",4.39,True,Authoritative,aifa_ingredient_authoritative,,,,2.5,RAMIPRIL 2.5milligrammi
051920054,LAZCLUZE*28CPR RIV 240MG,4.35,True,Validated,parsed:direct_strength,,28,240.0,6720.0,28CPR RIV 240MG
027225034,QUINAZIL*14CPR RIV 20MG,4.34,True,Validated,parsed:direct_strength,,14,20.0,280.0,14CPR RIV 20MG
034749337,ENALAPRIL DOC*14CPR 20MG,4.32,True,Validated,parsed:direct_strength,,14,20.0,280.0,14CPR 20MG
037077221,MELOXICAM EG*30CPR 15MG,4.22,True,Validated,parsed:direct_strength,,30,15.0,450.0,30CPR 15MG
037517226,PRAVASTATINA RATIO*14CPR 40MG,4.18,True,Validated,parsed:direct_strength,,14,40.0,560.0,14CPR 40MG
038623106,FELODIPINA MY*14CPR 10MG RP,4.07,True,Validated,parsed:direct_strength,,14,10.0,140.0,14CPR 10MG
043918046,OLMESARTAN EG*28CPR 10MG,4.06,True,Validated,parsed:direct_strength,,28,10.0,280.0,28CPR 10MG
040591238,ROPIVACAINA KA*5F 75MG 10ML,4.04,True,Validated,parsed:direct_strength,,5,75.0,375.0,5F 75MG
040837015,ESOMEPRAZOLO DOC*14CPR GAS20MG,4.0,True,Validated,parsed:direct_strength,,14,20.0,280.0,14CPR GAS20MG
027530056,MACLADIN*12CPR RIV 250MG,3.95,True,Validated,parsed:direct_strength,,12,250.0,3000.0,12CPR RIV 250MG
027529054,VECLAM*12CPR RIV 250MG,3.95,True,Validated,parsed:direct_strength,,12,250.0,3000.0,12CPR RIV 250MG
027807078,LAMICTAL*56CPR DISPERS 100MG,3.92,True,Authoritative,aifa_ingredient_authoritative,,,,100.0,LAMOTRIGINA 100milligrammi
050040043,"VENLAFAXINA TEV*28CPS37,5MG RP",3.9,True,Validated,parsed:direct_strength,,28,37.5,1050.0,"28CPS37,5MG"
042854024,FREQUIL*30CPS 50MG RP,3.89,True,Validated,parsed:direct_strength,,30,50.0,1500.0,30CPS 50MG
028193011,"ZINADIUR*14CPR RIV 10MG+12,5MG",3.88,True,Authoritative,aifa_ingredient_authoritative,,,,12.5,IDROCLOROTIAZIDE 12.5milligrammi
035036161,CAPTOPRIL EG*24CPR 50MG,3.87,True,Validated,parsed:direct_strength,,24,50.0,1200.0,24CPR 50MG
034254058,ARGONAL*20SUPP 500MG,3.85,True,Validated,parsed:direct_strength,,20,500.0,10000.0,20SUPP 500MG
021513015,"BETA 21*CREMA DERM 30G 0,05%",3.83,True,Candidate,parsed:single_value_assumed_unit,,1,30000.0,30000.0,30G
031296015,ACIDO TRICLOROACETICO*50% 10ML,3.79,True,Authoritative,aifa_ingredient_authoritative,,,,50000.0,ACIDO TRICLORACETICO 50grammi
045357023,KEYMET*60CPR 500MG RP,3.78,True,Validated,parsed:direct_strength,,60,500.0,30000.0,60CPR 500MG
039463017,"INDAPAMIDE MY*30CPR 1,5MG RP",3.76,True,Validated,parsed:direct_strength,,30,1.5,45.0,"30CPR 1,5MG"
023362039,NOLVADEX*30CPR RIV 10MG,3.73,True,Validated,parsed:direct_strength,,30,10.0,300.0,30CPR RIV 10MG
044631226,EXORTA*28CPR RIV 5MG,3.72,True,Validated,parsed:direct_strength,,28,5.0,140.0,28CPR RIV 5MG
028681017,ELOPRAM*28CPR RIV 20MG,3.72,True,Validated,parsed:direct_strength,,28,20.0,560.0,28CPR RIV 20MG
041621044,DESLORATADINA TE*20CPR RIV 5MG,3.7,True,Validated,parsed:direct_strength,,20,5.0,100.0,20CPR RIV 5MG
032647024,"OMNIC*20CPS 0,4MG RM",3.67,True,Validated,parsed:direct_strength,,20,0.4,8.0,"20CPS 0,4MG"
038060075,LISINOPRIL DOC*28CPR 20MG,3.67,True,Validated,parsed:direct_strength,,28,20.0,560.0,28CPR 20MG
025021066,DANATROL*30CPS 50MG,3.5,True,Authoritative,aifa_ingredient_authoritative,,,,50.0,DANAZOLO 50milligrammi
035042035,PROGEFFIK*OS VAG 15CPS 200MG,3.5,True,Validated,parsed:direct_strength,,15,200.0,3000.0,15CPS 200MG
044775029,IVABRADINA AURO*56CPR RIV 5MG,3.48,True,Validated,parsed:direct_strength,,56,5.0,280.0,56CPR RIV 5MG
032805020,"ATENOLOLO CLOR HE*30CPR50+12,5",3.45,False,Unresolved,unresolved,other,,,,
033617022,TAMOXIFENE RATIO*20CPR 20MG,3.44,True,Validated,parsed:direct_strength,,20,20.0,400.0,20CPR 20MG
041105014,"VALSARTAN ID DOC*28CPR 80+12,5",3.42,False,Unresolved,unresolved,other,,,,
043109040,IBUPROFENE DOC*12CPR RIV 400MG,3.4,True,Validated,parsed:direct_strength,,12,400.0,4800.0,12CPR RIV 400MG
041243039,"IRBESARTAN ID AU*28CPR 150+12,",3.39,False,Unresolved,unresolved,other,,,,
045421070,"PRAMIPEXOLO MY*10CPR 0,52MG RP",3.37,True,Validated,parsed:direct_strength,,10,0.52,5.2,"10CPR 0,52MG"
030578025,ACIDO SALICILICO NA*5% UNG 30G,3.33,True,Authoritative,aifa_ingredient_authoritative,,,,5000.0,ACIDO SALICILICO 5grammi
012238085,FERRITIN OTI*SCIR FL 240ML+MIS,3.33,True,Authoritative,aifa_ingredient_authoritative,,,,18750.0,SODIO FERRIGLUCONATO 18750milligrammi
049577024,"PRAMIPEXOLO DOC*10CPR0,52MG RP",3.33,True,Validated,parsed:direct_strength,,10,0.52,5.2,"10CPR0,52MG"
019184050,MODALINA*30CPR RIV 1MG,3.31,True,Validated,parsed:direct_strength,,30,1.0,30.0,30CPR RIV 1MG
028331015,"QUINAZIDE*14CPR RIV20MG+12,5MG",3.29,True,Validated,parsed:direct_strength,,14,20.0,280.0,14CPR RIV20MG
044693051,"LOSARTAN DOC*21CPR RIV 12,5MG",3.29,True,Validated,parsed:direct_strength,,21,12.5,262.5,"21CPR RIV 12,5MG"
024840074,CARDIOASPIRIN*30CPR GAST 100MG,3.28,True,Authoritative,aifa_ingredient_authoritative,,,,100.0,ACIDO ACETILSALICILICO 100milligrammi
028652028,UNOPROST*14CPR DIV 5MG,3.25,True,Authoritative,aifa_ingredient_authoritative,,,,5.0,TERAZOSINA CLORIDRATO 5milligrammi
025725045,NAPRILENE*28CPR 5MG,3.18,True,Authoritative,aifa_ingredient_authoritative,,,,5.0,ENALAPRIL MALEATO 5milligrammi
034255036,VERAPAMIL DOC*30CPS 120MG RP,3.17,True,Validated,parsed:direct_strength,,30,120.0,3600.0,30CPS 120MG
027482013,"ZESTORETIC*14CPR 20MG+12,5MG",3.13,True,Authoritative,aifa_ingredient_authoritative,,,,12.5,IDROCLOROTIAZIDE 12.5milligrammi
042754010,COLECALCIFEROLO DOC*OS GTT10ML,3.13,False,Unresolved,unresolved,other,,,,
038634010,BRIMONIDINA MY*COLL1FL 5ML 2MG,3.13,True,Candidate,parsed:single_value_assumed_unit,,1,2.0,2.0,2MG
023417037,"FASTUM GEL*50G 2,5%",3.1,True,Candidate,parsed:single_value_assumed_unit,,1,50000.0,50000.0,50G
036953014,"SULOTAM*20CPS 0,4MG RM",3.1,True,Validated,parsed:direct_strength,,20,0.4,8.0,"20CPS 0,4MG"
045586183,"TREXOTHER*30CPR 2,5MG",3.09,True,Validated,parsed:direct_strength,,30,2.5,75.0,"30CPR 2,5MG"
025271014,ALTIAZEM*50CPR 60MG RM,3.01,True,Validated,parsed:direct_strength,,50,60.0,3000.0,50CPR 60MG
029719010,SODIO FOSFATO ALFA*RETT 120ML,2.9,False,Unresolved,unresolved,other,,,,
031825060,TACHIDOL*16CPR RIV 500MG+30MG,2.87,True,Authoritative,aifa_ingredient_authoritative,,,,30.0,CODEINA FOSFATO 30milligrammi
038098341,LOSARTAN TEVA*28CPR RIV 50MG,2.75,True,Validated,parsed:direct_strength,,28,50.0,1400.0,28CPR RIV 50MG
040866016,TELMISARTAN DOC*28CPR 20MG,2.69,True,Validated,parsed:direct_strength,,28,20.0,560.0,28CPR 20MG
023781014,"PARLODEL*30CPR 2,5MG",2.64,True,Validated,parsed:direct_strength,,30,2.5,75.0,"30CPR 2,5MG"
045557016,IBUPROFENE AUR*30CPR RIV 400MG,2.61,True,Validated,parsed:direct_strength,,30,400.0,12000.0,30CPR RIV 400MG
038074175,FOSINOPRIL DOC*14CPR 20MG,2.6,True,Validated,parsed:direct_strength,,14,20.0,280.0,14CPR 20MG
021458017,UGUROL*20CPR 250MG,2.59,True,Validated,parsed:direct_strength,,20,250.0,5000.0,20CPR 250MG
024763068,"IGROSELES*28CPR 50MG+12,5MG",2.58,True,Authoritative,aifa_ingredient_authoritative,,,,50.0,ATENOLOLO 50milligrammi
051259188,SITAGLIPTIN ZEN*28CPR RIV 50MG,2.58,True,Validated,parsed:direct_strength,,28,50.0,1400.0,28CPR RIV 50MG
037517113,PRAVASTATINA RATIO*10CPR 20MG,2.57,True,Validated,parsed:direct_strength,,10,20.0,200.0,10CPR 20MG
037626153,RAMIPRIL ID DOC*28CPR 5MG+25MG,2.53,True,Validated,parsed:direct_strength,,28,5.0,140.0,28CPR 5MG
020445021,"TRANQUIRIT*OS GTT 20ML 0,5%",2.51,False,Unresolved,unresolved,other,,,,
034079018,PROPAFENONE DOC*30CPR RIV150MG,2.5,True,Validated,parsed:direct_strength,,30,150.0,4500.0,30CPR RIV150MG
033731011,ACICLOVIR SAND*25CPR 400MG,2.5,True,Validated,parsed:direct_strength,,25,400.0,10000.0,25CPR 400MG
033804016,PROPAFENONE EG*30CPR RIV 150MG,2.47,True,Validated,parsed:direct_strength,,30,150.0,4500.0,30CPR RIV 150MG
014729166,"DECADRON*20CPR 0,5MG",2.46,True,Validated,parsed:direct_strength,,20,0.5,10.0,"20CPR 0,5MG"
033232012,GADRAL*40CPR MAST 800MG,2.39,True,Validated,parsed:direct_strength,,40,800.0,32000.0,40CPR MAST 800MG
039714062,"FOSINOPRIL ID DOC*14CPR20+12,5",2.31,False,Unresolved,unresolved,other,,,,
030788020,CALCIO GLUCONATO*5F 1000MG10ML,2.26,True,Authoritative,aifa_ingredient_authoritative,,,,950.0,CALCIO GLUCONATO 950milligrammi
030653012,"ATROPINA SOLFATO*5F 0,5MG 1ML",2.25,True,Validated,parsed:direct_strength,,5,0.5,2.5,"5F 0,5MG"
037682251,PRAVASTATINA EG*28CPR RIV 20MG,2.25,True,Validated,parsed:direct_strength,,28,20.0,560.0,28CPR RIV 20MG
052353024,BLENREP*EV 1FL POLV 100MG,2.2,True,Validated,parsed:direct_strength,,1,100.0,100.0,1FL POLV 100MG
035054055,METOPROLOLO DOC*30CPR 100MG,2.08,True,Validated,parsed:direct_strength,,30,100.0,3000.0,30CPR 100MG
041954177,OLANZAPINA AUR*28CPR OROD 10MG,2.03,True,Validated,parsed:direct_strength,,28,10.0,280.0,28CPR OROD 10MG
035317561,CAPTOPRIL MY*24CPR 50MG,2.02,True,Validated,parsed:direct_strength,,24,50.0,1200.0,24CPR 50MG
037626052,"RAMIPRIL ID DOC*28CPR 2,5+12,5",1.99,False,Unresolved,unresolved,other,,,,
039414014,KETOPROFENE LISINA RAT*30BS,1.98,False,Unresolved,unresolved,other,,,,
017616018,PERIACTIN*30CPR 4MG,1.93,True,Authoritative,aifa_ingredient_authoritative,,,,4.0,CIPROEPTADINA CLORIDRATO 4milligrammi
032590022,POTASSIO FOSF SALF*5F 20MEQ,1.9,False,Unresolved,unresolved,other,,,,
040591327,ROPIVACAINA KA*5F 100MG 10ML,1.86,True,Validated,parsed:direct_strength,,5,100.0,500.0,5F 100MG
044836017,ZONISAMIDE VI*14CPS 25MG,1.86,True,Validated,parsed:direct_strength,,14,25.0,350.0,14CPS 25MG
037514015,ACIDO ALENDRON ZENT*4CPR 70MG,1.72,True,Validated,parsed:direct_strength,,4,70.0,280.0,4CPR 70MG
025278060,TILDIEM*14CPS 300MG RP,1.69,True,Authoritative,aifa_ingredient_authoritative,,,,300.0,DILTIAZEM CLORIDRATO 300milligrammi
045421029,"PRAMIPEXOLO MY*10CPR 0,26MG RP",1.69,True,Validated,parsed:direct_strength,,10,0.26,2.6,"10CPR 0,26MG"
033578042,NIMESULIDE DOC*30BUST 100MG,1.65,True,Validated,parsed:direct_strength,,30,100.0,3000.0,30BUST 100MG
045054020,ALLOPURINOLO MY*50CPR 100MG,1.5,True,Validated,parsed:direct_strength,,50,100.0,5000.0,50CPR 100MG
025935091,DELECIT*OS SOL 14BS 600MG 7ML,1.39,True,Candidate,parsed:single_value_assumed_unit,,1,600.0,600.0,600MG
033363019,GLICLAZIDE MOLTENI*40CPR 80MG,1.32,True,Validated,parsed:direct_strength,,40,80.0,3200.0,40CPR 80MG
026046019,DEFLAN*10CPR 6MG,1.24,True,Authoritative,aifa_ingredient_authoritative,,,,6.0,DEFLAZACORT 6milligrammi
048433015,NORITREN*28CPR RIV 10MG,1.24,True,Validated,parsed:direct_strength,,28,10.0,280.0,28CPR RIV 10MG
036635035,DIBASE*IM 2F 1ML 300000UI/ML,1.22,False,Unresolved,unresolved,other,,,,
022531204,"TAVOR*30CPR RIV 2,5MG",1.2,True,Validated,parsed:direct_strength,,30,2.5,75.0,"30CPR RIV 2,5MG"
023610025,LOPRESOR*28CPR 200MG RP,1.08,True,Authoritative,aifa_ingredient_authoritative,,,,200.0,METOPROLOLO TARTRATO 200milligrammi
039547017,ERISTROL*28CPR RIV 1MG,0.89,True,Validated,parsed:direct_strength,,28,1.0,28.0,28CPR RIV 1MG
049451014,"RECIGAR*100CPR RIV 1,5MG",0.77,True,Validated,parsed:direct_strength,,100,1.5,150.0,"100CPR RIV 1,5MG"
042180048,ACIDO ACETILS EG*30CPR 100MG,0.71,True,Validated,parsed:direct_strength,,30,100.0,3000.0,30CPR 100MG
019803016,TRIPTIZOL*25CPR RIV 25MG,0.62,True,Authoritative,aifa_ingredient_authoritative,,,,25.0,AMITRIPTILINA CLORIDRATO 25milligrammi
020019016,ADEPRIL*30CPR RIV 10MG,0.57,True,Validated,parsed:direct_strength,,30,10.0,300.0,30CPR RIV 10MG
040619254,LEVOTIROXINA TE*50CPR 50MCG,0.56,True,Validated,parsed:direct_strength,,50,0.05,2.5,50CPR 50MCG
049009018,"IMOVANE*20CPR RIV DIV 7,5MG",0.48,True,Validated,parsed:direct_strength,,20,7.5,150.0,"20CPR RIV DIV 7,5MG"
034794014,CALCIO CARB+VITD3 EG*30BUST,0.4,False,Unresolved,unresolved,other,,,,
036780637,LAMOTRIGINA EG*56CPR DISP 50MG,0.4,True,Validated,parsed:direct_strength,,56,50.0,2800.0,56CPR DISP 50MG
048025035,CEFUROXIMA MY*12CPR RIV 250MG,0.33,True,Validated,parsed:direct_strength,,12,250.0,3000.0,12CPR RIV 250MG
027162066,QUARK*14CPR DIV 5MG,0.3,True,Authoritative,aifa_ingredient_authoritative,,,,5.0,RAMIPRIL 5milligrammi
049651019,"RIVAROXABAN DOC*56CPR 2,5MG",0.29,True,Validated,parsed:direct_strength,,56,2.5,140.0,"56CPR 2,5MG"
042734020,NIGLINA*15CER TRANSD 10MG/DIE,0.15,False,Unresolved,unresolved,other,,,,
024032017,"NATRILIX*30CPR RIV 2,5MG",0.14,True,Validated,parsed:direct_strength,,30,2.5,75.0,"30CPR RIV 2,5MG"
034328106,MICARDIS*28CPR 20MG,0.14,True,Validated,parsed:direct_strength,,28,20.0,560.0,28CPR 20MG
024713051,HALCION*10CPR 250MCG,0.13,True,Authoritative,aifa_ingredient_authoritative,,,,0.3,TRIAZOLAM 0.3milligrammi
027162078,QUARK*28CPR DIV 10MG,0.12,True,Authoritative,aifa_ingredient_authoritative,,,,10.0,RAMIPRIL 10milligrammi
045531011,"UMOSTIL*COLL 2,5ML 40MCG/ML",0.11,False,Unresolved,unresolved,other,,,,
027286323,COVERSYL*30CPR RIV 10MG FL,0.08,True,Validated,parsed:direct_strength,,30,10.0,300.0,30CPR RIV 10MG
047091210,VERZENIOS*70CPR RIV 150MG,0.02,True,Validated,parsed:direct_strength,,70,150.0,10500.0,70CPR RIV 150MG
038316218,ZARELIS*10CPR 150MG RP,0.01,True,Validated,parsed:direct_strength,,10,150.0,1500.0,10CPR 150MG
049517701,TADOMON*40CPR 25MG RP,0.01,True,Validated,parsed:direct_strength,,40,25.0,1000.0,40CPR 25MG
043128228,"LEVODOPA CAR ENT TE*75MG+18,75",0.0,True,Candidate,parsed:single_value_assumed_unit,,1,75.0,75.0,75MG
045961048,SAFUBREF*INAL 50MCG+500MCG 60D,0.0,True,Candidate,parsed:single_value_assumed_unit,,1,0.05,0.05,50MCG
045617127,TADALAFIL TE*48CPR RIV 20MG,0.0,True,Validated,parsed:direct_strength,,48,20.0,960.0,48CPR RIV 20MG
049420019,PAXABEL*OS POLV 20BUST 10G,0.0,True,Validated,parsed:direct_strength,,20,10000.0,200000.0,20BUST 10G
047453016,"ELOCON*CREMA 30G 0,1%",0.0,True,Candidate,parsed:single_value_assumed_unit,,1,30000.0,30000.0,30G
029309046,"DIFFERIN*CREMA 30G 0,1%",0.0,True,Candidate,parsed:single_value_assumed_unit,,1,30000.0,30000.0,30G
027657042,FLIXONASE*SPRAY NAS 60D 50MCG,0.0,True,Candidate,parsed:single_value_assumed_unit,,1,0.05,0.05,50MCG
049620014,ONUREG*7CPR RIV 200MG,0.0,True,Validated,parsed:direct_strength,,7,200.0,1400.0,7CPR RIV 200MG
046035010,TETRABENAZINA ARI*112CPR 25MG,0.0,True,Validated,parsed:direct_strength,,112,25.0,2800.0,112CPR 25MG
047416122,ALUNBRIG*7CPR 90MG+21CPR 180MG,0.0,True,Validated,parsed:direct_strength,,7,90.0,630.0,7CPR 90MG
027946033,ONAKA*10BUST GRAT 800MG,0.0,True,Authoritative,aifa_ingredient_authoritative,,,,800.0,PIDOTIMOD 800milligrammi
050293012,ABIRATERONE SUN*56CPR 500MG,0.0,True,Validated,parsed:direct_strength,,56,500.0,28000.0,56CPR 500MG
037650025,DOXAZOSINA ALM*20CPR DIV 4MG,0.0,True,Validated,parsed:direct_strength,,20,4.0,80.0,20CPR DIV 4MG
041022120,PANTOPRAZOLO ABC*28CPR 20MG,0.0,True,Validated,parsed:direct_strength,,28,20.0,560.0,28CPR 20MG
034954014,"CARDICOR*28CPR RIV 1,25MG",0.0,True,Validated,parsed:direct_strength,,28,1.25,35.0,"28CPR RIV 1,25MG"
035883053,PROVISACOR*28CPR RIV 10MG,0.0,True,Validated,parsed:direct_strength,,28,10.0,280.0,28CPR RIV 10MG
040470128,OLANZAPINA TEVA*28CPR RIV 10MG,0.0,True,Validated,parsed:direct_strength,,28,10.0,280.0,28CPR RIV 10MG
041022118,PANTOPRAZOLO ABC*14CPR 20MG,0.0,True,Validated,parsed:direct_strength,,14,20.0,280.0,14CPR 20MG
042088029,SILDENAFIL TEVA*4CPR RIV 25MG,0.0,True,Validated,parsed:direct_strength,,4,25.0,100.0,4CPR RIV 25MG
043639018,CARDURA*20CPR 4MG,0.0,True,Validated,parsed:direct_strength,,20,4.0,80.0,20CPR 4MG
043704030,NORVASC*28CPR 5MG,0.0,True,Validated,parsed:direct_strength,,28,5.0,140.0,28CPR 5MG
039828049,PANTORC*14CPR GASTR 20MG,0.0,True,Validated,parsed:direct_strength,,14,20.0,280.0,14CPR GASTR 20MG
041048012,DILATREND*30CPR DIV 25MG,0.0,True,Validated,parsed:direct_strength,,30,25.0,750.0,30CPR DIV 25MG
040627010,FOLIFILL*28CPR 5MG,0.0,True,Validated,parsed:direct_strength,,28,5.0,140.0,28CPR 5MG
045513177,ISODIFA*30CPS MOLLI 30MG,0.0,True,Validated,parsed:direct_strength,,30,30.0,900.0,30CPS MOLLI 30MG
026138139,CLAVULIN*12CPR RIV 875MG+125MG,0.0,True,Validated,parsed:direct_strength,,12,875.0,10500.0,12CPR RIV 875MG
034128013,PLAVIX*28CPR RIV 75MG,0.0,True,Validated,parsed:direct_strength,,28,75.0,2100.0,28CPR RIV 75MG
049461015,PLAVIX*28CPR RIV 75MG,0.0,True,Validated,parsed:direct_strength,,28,75.0,2100.0,28CPR RIV 75MG
037331028,SIMBATRIX*28CPR RIV 20MG,0.0,True,Validated,parsed:direct_strength,,28,20.0,560.0,28CPR RIV 20MG
036582017,ABILIFY*28CPR 5MG,0.0,True,Validated,parsed:direct_strength,,28,5.0,140.0,28CPR 5MG
023966094,AMOXINA*12CPR DISPERS 1G,0.0,True,Validated,parsed:direct_strength,,12,1000.0,12000.0,12CPR DISPERS 1G
048492019,OMEGA 3 SANDOZ*20CPS MOLLI 1G,0.0,True,Validated,parsed:direct_strength,,20,1000.0,20000.0,20CPS MOLLI 1G
040710016,TRISCUDIL*20CPS MOLLI 1G FL,0.0,True,Validated,parsed:direct_strength,,20,1000.0,20000.0,20CPS MOLLI 1G
040865065,IRBESARTAN DOC*28CPR 150MG,0.0,True,Validated,parsed:direct_strength,,28,150.0,4200.0,28CPR 150MG
036802015,AMOXICILLINA AC CLA DOC*12CPR,0.0,False,Unresolved,unresolved,other,,,,
040422661,PALEXIA*30CPR 150MG RP,0.0,True,Validated,parsed:direct_strength,,30,150.0,4500.0,30CPR 150MG
028752071,RISPERDAL*60CPR 3MG GIALLE,0.0,True,Authoritative,aifa_ingredient_authoritative,,,,3.0,RISPERIDONE 3milligrammi
035564083,DRAMION*60CPR 30MG RM,0.0,True,Validated,parsed:direct_strength,,60,30.0,1800.0,60CPR 30MG
044257044,"METOTREXATO DOC*SC 4SIR 7,5MG",0.0,True,Validated,parsed:direct_strength,,4,7.5,30.0,"4SIR 7,5MG"
043534027,"NUWIQ*EV FL 500UI+SIR 2,5ML",0.0,False,Unresolved,unresolved,other,,,,
035410075,ZYVOXID*OS GRATxSOSP 100MG/5ML,0.0,False,Unresolved,unresolved,other,,,,
041016080,RESOLOR*28CPR RIV 2MG,0.0,True,Validated,parsed:direct_strength,,28,2.0,56.0,28CPR RIV 2MG
050167028,TABRECTA*120CPR RIV 150MG,0.0,True,Validated,parsed:direct_strength,,120,150.0,18000.0,120CPR RIV 150MG
050298037,"CEVENFACTA*EV5MG(225KUI)+5,2ML",0.0,True,Candidate,parsed:single_value_assumed_unit,,1,5.0,5.0,5MG
040510149,QUETIAPINA TE*20CPR RIV 25MG,0.0,True,Validated,parsed:direct_strength,,20,25.0,500.0,20CPR RIV 25MG
047790213,,0.0,False,Unresolved,unresolved,other,,,,
030775047,"SODIO CLORURO FKI*0,9% 500ML",0.0,False,Unresolved,unresolved,other,,,,
031981069,PANTORC*28CPR GASTR 20MG,0.0,True,Validated,parsed:direct_strength,,28,20.0,560.0,28CPR GASTR 20MG
044498032,OLIDAX*20CPR RIV 10MG,0.0,True,Validated,parsed:direct_strength,,20,10.0,200.0,20CPR RIV 10MG
037608054,"LUCENTIS*INIET 0,23ML10MG/ML+A",0.0,False,Unresolved,unresolved,multi_active_combo,,,,
041733128,DONEPEZIL TEVA*28CPR RIV 10MG,0.0,True,Validated,parsed:direct_strength,,28,10.0,280.0,28CPR RIV 10MG
023475066,ACETAMOL*AD 10SUPP 1G,0.0,True,Validated,parsed:direct_strength,,10,1000.0,10000.0,10SUPP 1G
027625019,PENTACARINAT*IM EV AEROS 300MG,0.0,True,Authoritative,aifa_ingredient_authoritative,,,,300.0,PENTAMIDINA ISETIONATO 300milligrammi
042070021,LANSOPRAZOLO ALT*28CPR ORO15MG,0.0,True,Validated,parsed:direct_strength,,28,15.0,420.0,28CPR ORO15MG
041545031,GAVISCON BRUCIORE E INDIG*24BS,0.0,False,Unresolved,unresolved,other,,,,
002918047,ANTISPASMINA COLICA*30CPR RIV,0.0,False,Unresolved,unresolved,other,,,,
023754043,RINOFRENAL*RINOL SOLUZ FL 15ML,0.0,False,Unresolved,unresolved,other,,,,
046946063,LOPERAMIDE EG*12CPR OROD 2MG,0.0,True,Validated,parsed:direct_strength,,12,2.0,24.0,12CPR OROD 2MG
037577222,RAMIPRIL MY*28CPR 5MG,0.0,True,Validated,parsed:direct_strength,,28,5.0,140.0,28CPR 5MG
039286012,DELORAZEPAM MY*GTT 1MG/ML 20ML,0.0,False,Unresolved,unresolved,other,,,,
028675268,FLUSPIRAL*DISKUS 100MCG 60DOSI,0.0,True,Candidate,parsed:single_value_assumed_unit,,1,0.1,0.1,100MCG
044101018,TENOFOVIR DISOPROXIL DOC*30CPR,0.0,False,Unresolved,unresolved,other,,,,
035575063,"PROTOPIC*UNG 0,1% 10G",0.0,True,Validated,parsed:pct_weight,,1,10.0,10.0,"0,1% 10G"
050268034,PANTOPRAZOLO TIL*POLV10FL 40MG,0.0,True,Validated,parsed:direct_strength,,10,40.0,400.0,10FL 40MG
043677020,ECUBALIN*14CPS 75MG,0.0,True,Validated,parsed:direct_strength,,14,75.0,1050.0,14CPS 75MG
048496018,VILDAGLIPTIN MET DOC*50+850MG,0.0,True,Candidate,parsed:single_value_assumed_unit,,1,850.0,850.0,850MG
040329171,LEVETIRACETAM MY*30CPR 1000MG,0.0,True,Validated,parsed:direct_strength,,30,1000.0,30000.0,30CPR 1000MG
036607125,GABAPENTIN MY*50CPS 300MG,0.0,True,Validated,parsed:direct_strength,,50,300.0,15000.0,50CPS 300MG
035054016,METOPROLOLO DOC*50CPR 100MG,0.0,True,Validated,parsed:direct_strength,,50,100.0,5000.0,50CPR 100MG
037585041,"RAMIPRIL PENSA*28CPR 2,5MG",0.0,True,Validated,parsed:direct_strength,,28,2.5,70.0,"28CPR 2,5MG"
040234217,ATORVASTATINA TE*30CPR RIV20MG,0.0,True,Validated,parsed:direct_strength,,30,20.0,600.0,30CPR RIV20MG
049883123,"WEGOVY*SC 1PEN 3ML 0,5MG/D+4A",0.0,False,Unresolved,unresolved,multi_active_combo,,,,
048118590,,0.0,False,Unresolved,unresolved,other,,,,
048161018,DYMISTA*SPRAY NAS 1FL 23G 120D,0.0,True,Validated,parsed:direct_strength,,1,23000.0,23000.0,1FL 23G
045995091,TIFACTOR*OS 2FL75ML 100MCG/5ML,0.0,False,Unresolved,unresolved,other,,,,
047576020,ZORIPOT*UNG 30G TUBO AL/EP,0.0,True,Candidate,parsed:single_value_assumed_unit,,1,30000.0,30000.0,30G
034699013,"DORICOFLU*SOL NEBUL 30ML 0,1%",0.0,False,Unresolved,unresolved,other,,,,
026803205,OMEPRAZEN*28CPS 20MG,0.0,True,Authoritative,aifa_ingredient_authoritative,,,,20.0,OMEPRAZOLO 20milligrammi
037496116,LANSOPRAZOLO TEVA*28CPS 15MG,0.0,True,Validated,parsed:direct_strength,,28,15.0,420.0,28CPS 15MG
045637028,DIAMICRON*60CPR 30MG RM,0.0,True,Validated,parsed:direct_strength,,60,30.0,1800.0,60CPR 30MG
049315827,,0.0,False,Unresolved,unresolved,other,,,,
020008052,DUFASTON*14CPR RIV 10MG,0.0,True,Authoritative,aifa_ingredient_authoritative,,,,10.0,DIDROGESTERONE 10milligrammi
031773017,ESTRADERM MX*8CER 25MCG/DIE,0.0,True,Authoritative,aifa_ingredient_authoritative,,,,0.8,ESTRADIOLO 0.8milligrammi
031773029,ESTRADERM MX*8CER 50MCG/DIE,0.0,True,Authoritative,aifa_ingredient_authoritative,,,,1.5,ESTRADIOLO 1.5milligrammi
051253045,ALTUVOCT*EV 1000UI+SIR SOLV3ML,0.0,False,Unresolved,unresolved,other,,,,
045351032,COMPUNA*28CPR 20MG+10MG,0.0,True,Validated,parsed:direct_strength,,28,20.0,560.0,28CPR 20MG
020582300,FLUIMUCIL*NEBUL 20F 300MG/3ML,0.0,False,Unresolved,unresolved,other,,,,
038399010,BICALUTAMIDE EG*28CPR RIV 50MG,0.0,True,Validated,parsed:direct_strength,,28,50.0,1400.0,28CPR RIV 50MG
045814579,,0.0,False,Unresolved,unresolved,other,,,,
050825013,AQUIPTA*28CPR 10MG,0.0,True,Validated,parsed:direct_strength,,28,10.0,280.0,28CPR 10MG
051253072,ALTUVOCT*EV 4000UI+SIR SOLV3ML,0.0,False,Unresolved,unresolved,other,,,,
051390019,WINREVAIR*SC 1FL 45MG+1SIR 1ML,0.0,True,Validated,parsed:direct_strength,,1,45.0,45.0,1FL 45MG
044500155,PRALUENT*SC 6PEN 75MG 1ML,0.0,True,Validated,parsed:direct_strength,,6,75.0,450.0,6PEN 75MG
028931018,ACIDO URSOD DOC*20CPS 300MG,0.0,True,Authoritative,aifa_ingredient_authoritative,,,,300.0,ACIDO URSODESOSSICOLICO 300milligrammi
037108368,PLAUNAZIDE*28CPR RIV 40MG+25MG,0.0,True,Validated,parsed:direct_strength,,28,40.0,1120.0,28CPR RIV 40MG
026089019,AUGMENTIN*12CPR RIV875MG+125MG,0.0,True,Validated,parsed:direct_strength,,12,875.0,10500.0,12CPR RIV875MG
042575720,ROSUVASTATINA MY*28CPR 10MG,0.0,True,Validated,parsed:direct_strength,,28,10.0,280.0,28CPR 10MG
036690360,VYTORIN*30CPR 10MG+40MG,0.0,True,Validated,parsed:direct_strength,,30,10.0,300.0,30CPR 10MG
034974042,XEREDIEN*28CPR DISPERS 20MG,-2.54,True,Validated,parsed:direct_strength,,28,20.0,560.0,28CPR DISPERS 20MG
005375062,PROLUTON*IM 1F 250MG 1ML,-3.57,True,Validated,parsed:direct_strength,,1,250.0,250.0,1F 250MG
006105011,EPTADONE*IM 5F 1ML 10MG,-42.63,True,Candidate,parsed:single_value_assumed_unit,,1,10.0,10.0,10MG
036966012,AMOXICILLINA AC CLA TEVA*IV1G+,-76.46,True,Candidate,parsed:single_value_assumed_unit,,1,1000.0,1000.0,1G
036582183,ABILIFY*OS FL 150ML 1MG/ML,-525.37,True,Candidate,parsed:implied_unit_vol_conc,,1,150.0,150.0,FL 150ML 1MG/ML
037566078,ALBUMINA BAXALTA*F100ML 200G/L,-543.4,False,Unresolved,unresolved,other,,,,
040955027,NALTREXONE ACC*14CPR RIV 50MG,-693.0,True,Validated,parsed:direct_strength,,14,50.0,700.0,14CPR RIV 50MG
042415063,VELLOFENT*4CPR SUBL 67MCG,-1063.43,True,Validated,parsed:direct_strength,,4,0.067,0.268,4CPR SUBL 67MCG
