year,region,group,channel,spend,packs,spendYoy,population,perResident,populationBasis,missingSpendCells,missingPackCells,months
2016,000,antibiotics,convenzionata,683836796.69,83268381.0,,60163712,11.366266707247053,"ISTAT intercensal reconstruction, January 1",4608,4608,12
2016,000,antibiotics,direct,200345779.18407,33489812.0,,60163712,3.3300102756969183,"ISTAT intercensal reconstruction, January 1",863,861,12
2016,000,antifungals,convenzionata,66275716.27,3676065.0,,60163712,1.1015895473670243,"ISTAT intercensal reconstruction, January 1",1017,1017,12
2016,000,antifungals,direct,143943158.44,695157.0,,60163712,2.392524557660272,"ISTAT intercensal reconstruction, January 1",181,181,12
2016,010,antibiotics,convenzionata,36980612.52,4401710.0,,4384226,8.43492386569488,"ISTAT intercensal reconstruction, January 1",282,282,12
2016,010,antibiotics,direct,16067719.56828,2773366.0,,4384226,3.664893089060646,"ISTAT intercensal reconstruction, January 1",25,25,12
2016,010,antifungals,convenzionata,3871280.36,226166.0,,4384226,0.8830020076519778,"ISTAT intercensal reconstruction, January 1",60,60,12
2016,010,antifungals,direct,10607149.37,53388.0,,4384226,2.4193892764652185,"ISTAT intercensal reconstruction, January 1",11,11,12
2016,020,antibiotics,convenzionata,912710.58,106790.0,,127030,7.185000236164685,"ISTAT intercensal reconstruction, January 1",146,146,12
2016,020,antibiotics,direct,493246.73002,78347.0,,127030,3.882915295756908,"ISTAT intercensal reconstruction, January 1",39,38,12
2016,020,antifungals,convenzionata,88887.05,4517.0,,127030,0.6997327402975675,"ISTAT intercensal reconstruction, January 1",21,21,12
2016,020,antifungals,direct,111880.97,1208.0,,127030,0.8807444698102811,"ISTAT intercensal reconstruction, January 1",5,5,12
2016,030,antibiotics,convenzionata,81448062.73,9975938.0,,9958447,8.178791605759413,"ISTAT intercensal reconstruction, January 1",256,256,12
2016,030,antibiotics,direct,24665305.835,4877664.0,,9958447,2.4768225241345365,"ISTAT intercensal reconstruction, January 1",25,25,12
2016,030,antifungals,convenzionata,7526987.76,426806.0,,9958447,0.7558395159405878,"ISTAT intercensal reconstruction, January 1",58,58,12
2016,030,antifungals,direct,20602851.28,87899.0,,9958447,2.0688819531800493,"ISTAT intercensal reconstruction, January 1",12,12,12
2016,041,antibiotics,convenzionata,2562236.05,285983.0,,520252,4.924990293165619,"ISTAT intercensal reconstruction, January 1",211,211,12
2016,041,antibiotics,direct,1571131.96,236130.0,,520252,3.019944104011133,"ISTAT intercensal reconstruction, January 1",29,29,12
2016,041,antifungals,convenzionata,171268.3,10468.0,,520252,0.3292025787502979,"ISTAT intercensal reconstruction, January 1",35,35,12
2016,041,antifungals,direct,1009312.16,5626.0,,520252,1.9400447475454203,"ISTAT intercensal reconstruction, January 1",4,4,12
2016,042,antibiotics,convenzionata,3993304.79,470832.0,,539513,7.401684092876353,"ISTAT intercensal reconstruction, January 1",195,195,12
2016,042,antibiotics,direct,1690229.1601,352691.0,,539513,3.132879393267632,"ISTAT intercensal reconstruction, January 1",39,39,12
2016,042,antifungals,convenzionata,441328.86,25542.0,,539513,0.8180133935604887,"ISTAT intercensal reconstruction, January 1",37,37,12
2016,042,antifungals,direct,438736.31,4210.0,,539513,0.813208041326159,"ISTAT intercensal reconstruction, January 1",2,2,12
2016,050,antibiotics,convenzionata,33739826.81,4030391.0,,4890648,6.898845880954835,"ISTAT intercensal reconstruction, January 1",280,280,12
2016,050,antibiotics,direct,20396145.0739,4047829.0,,4890648,4.170438165637764,"ISTAT intercensal reconstruction, January 1",16,16,12
2016,050,antifungals,convenzionata,3621540.18,222239.0,,4890648,0.74050313578078,"ISTAT intercensal reconstruction, January 1",59,59,12
2016,050,antifungals,direct,13779060.65,77334.0,,4890648,2.8174304611577035,"ISTAT intercensal reconstruction, January 1",12,12,12
2016,060,antibiotics,convenzionata,8266393.62,1010150.0,,1216208,6.796858448554852,"ISTAT intercensal reconstruction, January 1",229,229,12
2016,060,antibiotics,direct,4310040.265,932963.0,,1216208,3.543834825128596,"ISTAT intercensal reconstruction, January 1",40,39,12
2016,060,antifungals,convenzionata,1023901.5,67878.0,,1216208,0.8418802540354939,"ISTAT intercensal reconstruction, January 1",44,44,12
2016,060,antifungals,direct,3501312.16,16776.0,,1216208,2.87887611329641,"ISTAT intercensal reconstruction, January 1",11,11,12
2016,070,antibiotics,convenzionata,13228776.59,1546618.0,,1557742,8.49227702019975,"ISTAT intercensal reconstruction, January 1",227,227,12
2016,070,antibiotics,direct,6552229.635,1160020.0,,1557742,4.206235458118225,"ISTAT intercensal reconstruction, January 1",26,26,12
2016,070,antifungals,convenzionata,1448141.41,84572.0,,1557742,0.9296413719345051,"ISTAT intercensal reconstruction, January 1",54,54,12
2016,070,antifungals,direct,7102274.59,33097.0,,1557742,4.5593394734172925,"ISTAT intercensal reconstruction, January 1",9,9,12
2016,080,antibiotics,convenzionata,35343040.2,4516931.0,,4435480,7.968256017387071,"ISTAT intercensal reconstruction, January 1",264,264,12
2016,080,antibiotics,direct,17170441.239,3455324.0,,4435480,3.8711574032573703,"ISTAT intercensal reconstruction, January 1",30,30,12
2016,080,antifungals,convenzionata,3286344.18,199921.0,,4435480,0.7409218799318226,"ISTAT intercensal reconstruction, January 1",59,59,12
2016,080,antifungals,direct,10379047.96,58966.0,,4435480,2.3400055822594172,"ISTAT intercensal reconstruction, January 1",12,12,12
2016,090,antibiotics,convenzionata,39444704.34,4988859.0,,3726422,10.58514154864908,"ISTAT intercensal reconstruction, January 1",251,251,12
2016,090,antibiotics,direct,14420413.63,2435789.0,,3726422,3.869774714189644,"ISTAT intercensal reconstruction, January 1",32,33,12
2016,090,antifungals,convenzionata,3139346.99,183392.0,,3726422,0.8424561120560152,"ISTAT intercensal reconstruction, January 1",58,58,12
2016,090,antifungals,direct,9772914.65,52040.0,,3726422,2.6226000839411103,"ISTAT intercensal reconstruction, January 1",11,11,12
2016,100,antibiotics,convenzionata,10776700.55,1371761.0,,884092,12.189569128552233,"ISTAT intercensal reconstruction, January 1",223,223,12
2016,100,antibiotics,direct,5847353.691,785175.0,,884092,6.613965165390026,"ISTAT intercensal reconstruction, January 1",55,55,12
2016,100,antifungals,convenzionata,931343.74,54289.0,,884092,1.0534466322509421,"ISTAT intercensal reconstruction, January 1",49,49,12
2016,100,antifungals,direct,3411055.92,11746.0,,884092,3.858259004718966,"ISTAT intercensal reconstruction, January 1",5,5,12
2016,110,antibiotics,convenzionata,20816561.95,2552619.0,,1538442,13.530937110401302,"ISTAT intercensal reconstruction, January 1",241,241,12
2016,110,antibiotics,direct,6348540.24,937699.0,,1538442,4.126603563865261,"ISTAT intercensal reconstruction, January 1",42,41,12
2016,110,antifungals,convenzionata,1916373.74,111590.0,,1538442,1.245658750866136,"ISTAT intercensal reconstruction, January 1",54,54,12
2016,110,antifungals,direct,3531729.52,15597.0,,1538442,2.2956533427974537,"ISTAT intercensal reconstruction, January 1",10,10,12
2016,120,antibiotics,convenzionata,79117849.85,9171094.0,,5761508,13.732142669939883,"ISTAT intercensal reconstruction, January 1",239,239,12
2016,120,antibiotics,direct,18109456.417,2462623.0,,5761508,3.143179948201061,"ISTAT intercensal reconstruction, January 1",53,53,12
2016,120,antifungals,convenzionata,7007722.33,370970.0,,5761508,1.2163000259654244,"ISTAT intercensal reconstruction, January 1",53,53,12
2016,120,antifungals,direct,14240552.49,53963.0,,5761508,2.4716710434143283,"ISTAT intercensal reconstruction, January 1",11,11,12
2016,130,antibiotics,convenzionata,19018326.63,2327124.0,,1319294,14.415533330705664,"ISTAT intercensal reconstruction, January 1",200,200,12
2016,130,antibiotics,direct,4977038.33258,669019.0,,1319294,3.7725013018932856,"ISTAT intercensal reconstruction, January 1",46,46,12
2016,130,antifungals,convenzionata,1572583.42,93418.0,,1319294,1.1919886090590877,"ISTAT intercensal reconstruction, January 1",50,50,12
2016,130,antifungals,direct,3229691.71,21337.0,,1319294,2.448045477353797,"ISTAT intercensal reconstruction, January 1",8,8,12
2016,140,antibiotics,convenzionata,4190507.61,537578.0,,310026,13.516632830794837,"ISTAT intercensal reconstruction, January 1",143,143,12
2016,140,antibiotics,direct,942622.48,157323.0,,310026,3.0404626708727656,"ISTAT intercensal reconstruction, January 1",72,72,12
2016,140,antifungals,convenzionata,309107.52,20249.0,,310026,0.9970374097656326,"ISTAT intercensal reconstruction, January 1",34,34,12
2016,140,antifungals,direct,583755.92,2068.0,,310026,1.8829256901034108,"ISTAT intercensal reconstruction, January 1",2,2,12
2016,150,antibiotics,convenzionata,104498397.98,13150485.0,,5790783,18.045642183449115,"ISTAT intercensal reconstruction, January 1",188,188,12
2016,150,antibiotics,direct,16572172.94304,2134537.0,,5790783,2.8618190222358533,"ISTAT intercensal reconstruction, January 1",63,63,12
2016,150,antifungals,convenzionata,8320437.17,433227.0,,5790783,1.4368414720427272,"ISTAT intercensal reconstruction, January 1",55,55,12
2016,150,antifungals,direct,11635237.8,48024.0,,5790783,2.0092684875257802,"ISTAT intercensal reconstruction, January 1",9,9,12
2016,160,antibiotics,convenzionata,67027774.79,7912515.0,,4043735,16.575709038797054,"ISTAT intercensal reconstruction, January 1",243,243,12
2016,160,antibiotics,direct,13817716.06196,1852742.0,,4043735,3.417067652049405,"ISTAT intercensal reconstruction, January 1",41,41,12
2016,160,antifungals,convenzionata,5968763.06,323083.0,,4043735,1.4760519816456814,"ISTAT intercensal reconstruction, January 1",52,52,12
2016,160,antifungals,direct,10198129.45,69096.0,,4043735,2.521957905253435,"ISTAT intercensal reconstruction, January 1",11,11,12
2016,170,antibiotics,convenzionata,7080301.57,902909.0,,569887,12.424044714127538,"ISTAT intercensal reconstruction, January 1",170,170,12
2016,170,antibiotics,direct,2274737.691,332862.0,,569887,3.991559188049561,"ISTAT intercensal reconstruction, January 1",53,53,12
2016,170,antifungals,convenzionata,653087.59,34418.0,,569887,1.1459948902150776,"ISTAT intercensal reconstruction, January 1",35,35,12
2016,170,antifungals,direct,937980.72,4497.0,,569887,1.6459065042718994,"ISTAT intercensal reconstruction, January 1",7,7,12
2016,180,antibiotics,convenzionata,31538238.47,3912746.0,,1943085,16.23101329586714,"ISTAT intercensal reconstruction, January 1",205,205,12
2016,180,antibiotics,direct,5205128.56,725844.0,,1943085,2.678796120602032,"ISTAT intercensal reconstruction, January 1",52,52,12
2016,180,antifungals,convenzionata,4074385.85,202991.0,,1943085,2.0968644449419354,"ISTAT intercensal reconstruction, January 1",48,48,12
2016,180,antifungals,direct,5107666.76,18944.0,,1943085,2.62863784137081,"ISTAT intercensal reconstruction, January 1",12,12,12
2016,190,antibiotics,convenzionata,67876241.19,8285936.0,,5004400,13.563312522979777,"ISTAT intercensal reconstruction, January 1",210,210,12
2016,190,antibiotics,direct,13791353.31499,2181524.0,,5004400,2.755845518941332,"ISTAT intercensal reconstruction, January 1",52,52,12
2016,190,antifungals,convenzionata,8795237.66,446783.0,,5004400,1.7575009311805612,"ISTAT intercensal reconstruction, January 1",50,50,12
2016,190,antifungals,direct,9523207.81,39543.0,,5004400,1.902966951083047,"ISTAT intercensal reconstruction, January 1",10,10,12
2016,200,antibiotics,convenzionata,15976227.87,1809412.0,,1642492,9.72682233459889,"ISTAT intercensal reconstruction, January 1",205,205,12
2016,200,antibiotics,direct,5122756.3562,900341.0,,1642492,3.1188927289752404,"ISTAT intercensal reconstruction, January 1",33,33,12
2016,200,antifungals,convenzionata,2107647.6,133546.0,,1642492,1.2832011358350603,"ISTAT intercensal reconstruction, January 1",52,52,12
2016,200,antifungals,direct,4239610.24,19798.0,,1642492,2.5812060210947756,"ISTAT intercensal reconstruction, January 1",7,7,12
2017,000,antibiotics,convenzionata,660339462.8631535,79895406.0,-0.0343610258187063,60066734,10.993430454586617,"ISTAT intercensal reconstruction, January 1",4847,4847,12
2017,000,antibiotics,direct,210658436.64,33573332.0,0.05147429358347064,60066734,3.5070732602175436,"ISTAT intercensal reconstruction, January 1",921,921,12
2017,000,antifungals,convenzionata,63603964.70516597,3473493.0,-0.04031267733040575,60066734,1.0588883475030617,"ISTAT intercensal reconstruction, January 1",1029,1029,12
2017,000,antifungals,direct,136874467.17,735519.0,-0.04910751818014644,60066734,2.2787066659891977,"ISTAT intercensal reconstruction, January 1",127,127,12
2017,010,antibiotics,convenzionata,36006662.127576664,4320694.0,-0.026336783683520562,4370348,8.238854692481391,"ISTAT intercensal reconstruction, January 1",278,278,12
2017,010,antibiotics,direct,15310800.43,2510039.0,-0.04710806253889741,4370348,3.503336674791115,"ISTAT intercensal reconstruction, January 1",26,26,12
2017,010,antifungals,convenzionata,3761668.70354112,217441.0,-0.028314057951328537,4370348,0.8607252107935387,"ISTAT intercensal reconstruction, January 1",60,60,12
2017,010,antifungals,direct,9667258.38,58384.0,-0.08860919717584782,4370348,2.2120111213111637,"ISTAT intercensal reconstruction, January 1",3,3,12
2017,020,antibiotics,convenzionata,920583.5941387564,108333.0,0.008625970062444548,126677,7.2671723686127425,"ISTAT intercensal reconstruction, January 1",146,146,12
2017,020,antibiotics,direct,404798.8,73846.0,-0.17931782338711832,126677,3.195519312898158,"ISTAT intercensal reconstruction, January 1",46,46,12
2017,020,antifungals,convenzionata,76700.222458222,4279.0,-0.1371046461973707,126677,0.6054786777254119,"ISTAT intercensal reconstruction, January 1",22,22,12
2017,020,antifungals,direct,70155.56,1278.0,-0.3729446571655573,126677,0.5538145046062032,"ISTAT intercensal reconstruction, January 1",1,1,12
2017,030,antibiotics,convenzionata,80823765.55565175,9859489.0,-0.0076649726638408945,9970419,8.106355967151607,"ISTAT intercensal reconstruction, January 1",273,273,12
2017,030,antibiotics,direct,25564232.36,4814600.0,0.03644497785729564,9970419,2.5640078275546894,"ISTAT intercensal reconstruction, January 1",26,26,12
2017,030,antifungals,convenzionata,7346095.894038989,411825.0,-0.024032437905945392,9970419,0.7367890851968196,"ISTAT intercensal reconstruction, January 1",56,56,12
2017,030,antifungals,direct,19410628.81,99252.0,-0.05786686773579429,9970419,1.946821774491122,"ISTAT intercensal reconstruction, January 1",3,3,12
2017,041,antibiotics,convenzionata,2457192.4984869487,273949.0,-0.04099682834181152,523454,4.6941899354803835,"ISTAT intercensal reconstruction, January 1",207,207,12
2017,041,antibiotics,direct,1667041.99,320248.0,0.06104517789836062,523454,3.1846962483809467,"ISTAT intercensal reconstruction, January 1",31,31,12
2017,041,antifungals,convenzionata,159816.112908621,9846.0,-0.06686693971610042,523454,0.3053107109862968,"ISTAT intercensal reconstruction, January 1",45,45,12
2017,041,antifungals,direct,1329273.49,7998.0,0.31700928878138157,523454,2.539427514165524,"ISTAT intercensal reconstruction, January 1",4,4,12
2017,042,antibiotics,convenzionata,4144075.843657011,487714.0,0.037755959433542534,540280,7.670237365175486,"ISTAT intercensal reconstruction, January 1",230,230,12
2017,042,antibiotics,direct,2025512.48,323845.0,0.1983655990647821,540280,3.7490051084622786,"ISTAT intercensal reconstruction, January 1",42,42,12
2017,042,antifungals,convenzionata,420903.074646341,24821.0,-0.046282460099389376,540280,0.7790461883585196,"ISTAT intercensal reconstruction, January 1",37,37,12
2017,042,antifungals,direct,598231.41,4511.0,0.3635329384978417,540280,1.1072618086917896,"ISTAT intercensal reconstruction, January 1",0,0,12
2017,050,antibiotics,convenzionata,33727828.896137685,4032425.0,-0.0003556009320936108,4883373,6.90666653891433,"ISTAT intercensal reconstruction, January 1",290,290,12
2017,050,antibiotics,direct,22988352.91,4089924.0,0.1270930279573824,4883373,4.707474303109756,"ISTAT intercensal reconstruction, January 1",11,11,12
2017,050,antifungals,convenzionata,3455071.339316422,209442.0,-0.04596631057772166,4883373,0.707517394087329,"ISTAT intercensal reconstruction, January 1",58,58,12
2017,050,antifungals,direct,14264969.27,85773.0,0.035264277612422006,4883373,2.9211303887702207,"ISTAT intercensal reconstruction, January 1",6,6,12
2017,060,antibiotics,convenzionata,8337880.743080492,1021441.0,0.008647921495963279,1212809,6.874850650910813,"ISTAT intercensal reconstruction, January 1",236,236,12
2017,060,antibiotics,direct,5381138.25,1102059.0,0.2485122920307567,1212809,4.436921436104119,"ISTAT intercensal reconstruction, January 1",37,37,12
2017,060,antifungals,convenzionata,980362.878727928,63482.0,-0.04252227511344792,1212809,0.8083407022275791,"ISTAT intercensal reconstruction, January 1",50,50,12
2017,060,antifungals,direct,3665711.2,20005.0,0.04695355126519196,1212809,3.0224966998101106,"ISTAT intercensal reconstruction, January 1",2,2,12
2017,070,antibiotics,convenzionata,13494355.62029597,1578062.0,0.020075857241154786,1551379,8.69829720545139,"ISTAT intercensal reconstruction, January 1",226,226,12
2017,070,antibiotics,direct,6284079.71,1179019.0,-0.04092498888738963,1551379,4.050641210174947,"ISTAT intercensal reconstruction, January 1",33,33,12
2017,070,antifungals,convenzionata,1449255.678985681,83523.0,0.0007694476368029556,1551379,0.9341725516367573,"ISTAT intercensal reconstruction, January 1",55,55,12
2017,070,antifungals,direct,6268955.64,29547.0,-0.11733127738729121,1551379,4.040892418938248,"ISTAT intercensal reconstruction, January 1",8,8,12
2017,080,antibiotics,convenzionata,33815404.500703655,4302740.0,-0.0432230982578671,4439768,7.6164800729911235,"ISTAT intercensal reconstruction, January 1",282,282,12
2017,080,antibiotics,direct,17656773.71,3400972.0,0.02832381906967953,4439768,3.976958640631673,"ISTAT intercensal reconstruction, January 1",25,25,12
2017,080,antifungals,convenzionata,3190496.940016564,190503.0,-0.029165307932973717,4439768,0.7186179413015644,"ISTAT intercensal reconstruction, January 1",58,58,12
2017,080,antifungals,direct,10952726.37,63557.0,0.05527273910005133,4439768,2.4669591676862392,"ISTAT intercensal reconstruction, January 1",5,5,12
2017,090,antibiotics,convenzionata,38654084.868900105,4859919.0,-0.02004374184896972,3721391,10.38699907343789,"ISTAT intercensal reconstruction, January 1",251,251,12
2017,090,antibiotics,direct,13577030.7,2324284.0,-0.05848534942475156,3721391,3.6483752177613153,"ISTAT intercensal reconstruction, January 1",34,34,12
2017,090,antifungals,convenzionata,2974606.91411677,171729.0,-0.05247590546950976,3721391,0.7993266265535576,"ISTAT intercensal reconstruction, January 1",56,56,12
2017,090,antifungals,direct,7804999.79,50252.0,-0.2013641713324489,3721391,2.0973339780743276,"ISTAT intercensal reconstruction, January 1",12,12,12
2017,100,antibiotics,convenzionata,10570720.2548837,1340276.0,-0.01911348414671316,880992,11.998656349755388,"ISTAT intercensal reconstruction, January 1",227,227,12
2017,100,antibiotics,direct,6622953.71,796983.0,0.13264120147097838,880992,7.5176093653517855,"ISTAT intercensal reconstruction, January 1",51,51,12
2017,100,antifungals,convenzionata,877334.054569771,49789.0,-0.05799114023167107,880992,0.9958479243509261,"ISTAT intercensal reconstruction, January 1",50,50,12
2017,100,antifungals,direct,4184498.43,13643.0,0.2267457726110805,880992,4.749757580091534,"ISTAT intercensal reconstruction, January 1",5,5,12
2017,110,antibiotics,convenzionata,20140666.81077559,2475525.0,-0.032469105169617644,1532460,13.142703111843435,"ISTAT intercensal reconstruction, January 1",241,241,12
2017,110,antibiotics,direct,7435029.53,981149.0,0.17114001785078076,1532460,4.8516956592668,"ISTAT intercensal reconstruction, January 1",47,47,12
2017,110,antifungals,convenzionata,1794738.90890661,105328.0,-0.06347135141467238,1532460,1.1711489428152186,"ISTAT intercensal reconstruction, January 1",54,54,12
2017,110,antifungals,direct,3754458.5,16861.0,0.06306512963087842,1532460,2.449955300627749,"ISTAT intercensal reconstruction, January 1",5,5,12
2017,120,antibiotics,convenzionata,77976357.72480938,9061852.0,-0.014427744527370095,5774092,13.504522914565507,"ISTAT intercensal reconstruction, January 1",238,238,12
2017,120,antibiotics,direct,19439132.88,2506157.0,0.07342442712702214,5774092,3.3666129462433227,"ISTAT intercensal reconstruction, January 1",49,49,12
2017,120,antifungals,convenzionata,6974338.754912801,351564.0,-0.004763826749282602,5774092,1.2078676188243624,"ISTAT intercensal reconstruction, January 1",49,49,12
2017,120,antifungals,direct,12819045.12,57195.0,-0.09982108285463018,5774092,2.220097137350773,"ISTAT intercensal reconstruction, January 1",5,5,12
2017,130,antibiotics,convenzionata,18470388.650374677,2252572.0,-0.028811051060664457,1313930,14.057361237185145,"ISTAT intercensal reconstruction, January 1",214,214,12
2017,130,antibiotics,direct,4757766.33,687444.0,-0.04405672368336646,1313930,3.621019635749241,"ISTAT intercensal reconstruction, January 1",53,53,12
2017,130,antifungals,convenzionata,1600831.087833079,90597.0,0.017962587849920865,1313930,1.2183534037833668,"ISTAT intercensal reconstruction, January 1",50,50,12
2017,130,antifungals,direct,2844515.59,13788.0,-0.11926095571518187,1313930,2.1648912727466456,"ISTAT intercensal reconstruction, January 1",6,6,12
2017,140,antibiotics,convenzionata,4064735.8547032704,513873.0,-0.03001348929580629,308400,13.180077349880902,"ISTAT intercensal reconstruction, January 1",150,150,12
2017,140,antibiotics,direct,743602.84,138314.0,-0.2111339844133571,308400,2.4111635538261997,"ISTAT intercensal reconstruction, January 1",103,103,12
2017,140,antifungals,convenzionata,297115.899627499,18947.0,-0.03879433399905961,308400,0.9634108288829409,"ISTAT intercensal reconstruction, January 1",33,33,12
2017,140,antifungals,direct,380446.16,1729.0,-0.34827871210282546,308400,1.23361271076524,"ISTAT intercensal reconstruction, January 1",10,10,12
2017,150,antibiotics,convenzionata,99063606.71655135,12344532.0,-0.0520083692047492,5776654,17.148959712067114,"ISTAT intercensal reconstruction, January 1",227,227,12
2017,150,antibiotics,direct,17303176.45,2109208.0,0.04411029920291821,5776654,2.9953631375533307,"ISTAT intercensal reconstruction, January 1",60,60,12
2017,150,antifungals,convenzionata,8026368.953233776,408018.0,-0.0353428805191283,5776654,1.389449489831618,"ISTAT intercensal reconstruction, January 1",55,55,12
2017,150,antifungals,direct,10930097.54,50266.0,-0.06060385461137718,5776654,1.892115667651204,"ISTAT intercensal reconstruction, January 1",5,5,12
2017,160,antibiotics,convenzionata,61287046.09012188,7360849.0,-0.08564701301608169,4024067,15.230125663941948,"ISTAT intercensal reconstruction, January 1",264,264,12
2017,160,antibiotics,direct,14491712.51,1848696.0,0.048777702843055507,4024067,3.6012602449213693,"ISTAT intercensal reconstruction, January 1",33,33,12
2017,160,antifungals,convenzionata,5549472.388336708,297979.0,-0.07024749809105216,4024067,1.3790705742068181,"ISTAT intercensal reconstruction, January 1",49,49,12
2017,160,antifungals,direct,9465949.57,73948.0,-0.07179550755751585,4024067,2.3523339869838154,"ISTAT intercensal reconstruction, January 1",10,10,12
2017,170,antibiotics,convenzionata,7022195.518125057,886954.0,-0.008206719911641137,566405,12.39783462032478,"ISTAT intercensal reconstruction, January 1",203,203,12
2017,170,antibiotics,direct,2359763.39,326071.0,0.03737824336247832,566405,4.166212145019906,"ISTAT intercensal reconstruction, January 1",59,59,12
2017,170,antifungals,convenzionata,623350.020170996,32869.0,-0.04553381550092538,566405,1.10053763679875,"ISTAT intercensal reconstruction, January 1",48,48,12
2017,170,antifungals,direct,1017621.58,4958.0,0.08490671322114168,566405,1.7966324096715247,"ISTAT intercensal reconstruction, January 1",12,12,12
2017,180,antibiotics,convenzionata,31637741.003983274,3929050.0,0.0031549807094623347,1935097,16.34943416479033,"ISTAT intercensal reconstruction, January 1",202,202,12
2017,180,antibiotics,direct,5156965.83,737857.0,-0.009252937645021393,1935097,2.664965027592932,"ISTAT intercensal reconstruction, January 1",61,61,12
2017,180,antifungals,convenzionata,3731633.769703997,190645.0,-0.08412361835980826,1935097,1.9283962352812272,"ISTAT intercensal reconstruction, January 1",45,45,12
2017,180,antifungals,direct,4398274.95,18386.0,-0.13888764544224103,1935097,2.2728963716030774,"ISTAT intercensal reconstruction, January 1",12,12,12
2017,190,antibiotics,convenzionata,61318228.79969445,7024397.0,-0.09661720029469935,4977900,12.318091725365003,"ISTAT intercensal reconstruction, January 1",240,240,12
2017,190,antibiotics,direct,15777142.97,2420934.0,0.14398801985963333,4977900,3.1694375077844072,"ISTAT intercensal reconstruction, January 1",52,52,12
2017,190,antifungals,convenzionata,8295387.99522281,415197.0,-0.05683185424885835,4977900,1.6664432783348018,"ISTAT intercensal reconstruction, January 1",48,48,12
2017,190,antifungals,direct,9588527.83,44708.0,0.006859035453517001,4977900,1.9262194559955002,"ISTAT intercensal reconstruction, January 1",8,8,12
2017,200,antibiotics,convenzionata,16405941.190501854,1860760.0,0.026897045034564426,1636839,10.02294128530775,"ISTAT intercensal reconstruction, January 1",222,222,12
2017,200,antibiotics,direct,5711428.86,881683.0,0.11491323476423741,1636839,3.4893039938564514,"ISTAT intercensal reconstruction, January 1",42,42,12
2017,200,antifungals,convenzionata,2018415.113891263,125669.0,-0.042337479049503815,1636839,1.2331176822468568,"ISTAT intercensal reconstruction, January 1",51,51,12
2017,200,antifungals,direct,3458121.98,19480.0,-0.1843302133358372,1636839,2.1126830311350107,"ISTAT intercensal reconstruction, January 1",5,5,12
2018,000,antibiotics,convenzionata,653063989.87,79532823.0,-0.011017777071217148,59937769,10.895700670306898,"ISTAT intercensal reconstruction, January 1",0,0,12
2018,000,antibiotics,direct,211211227.63,29846585.0,0.0026241103789480776,59937769,3.523841997355624,"ISTAT intercensal reconstruction, January 1",0,0,12
2018,000,antifungals,convenzionata,63168087.97,3420132.0,-0.006852980583623353,59937769,1.053894548026971,"ISTAT intercensal reconstruction, January 1",0,0,12
2018,000,antifungals,direct,113335583.06,736270.0,-0.17197425200395028,59937769,1.890887581417987,"ISTAT intercensal reconstruction, January 1",0,0,12
2018,010,antibiotics,convenzionata,35616598.43,4306734.0,-0.01083309794711371,4349911,8.187891299385205,"ISTAT intercensal reconstruction, January 1",0,0,12
2018,010,antibiotics,direct,15381617.96,2488553.0,0.004625331662036431,4349911,3.536076476047441,"ISTAT intercensal reconstruction, January 1",0,0,12
2018,010,antifungals,convenzionata,3774752.22,216793.0,0.0034781150308541464,4349911,0.8677768855500723,"ISTAT intercensal reconstruction, January 1",0,0,12
2018,010,antifungals,direct,8169996.63,72752.0,-0.15487966610032822,4349911,1.8781985723386065,"ISTAT intercensal reconstruction, January 1",0,0,12
2018,020,antibiotics,convenzionata,939106.48,111872.0,0.02012080812560267,126213,7.440647793808878,"ISTAT intercensal reconstruction, January 1",0,0,12
2018,020,antibiotics,direct,419478.58,69218.0,0.03626438615924751,126213,3.323576652167368,"ISTAT intercensal reconstruction, January 1",0,0,12
2018,020,antifungals,convenzionata,76151.35,4010.0,-0.007156073876069479,126213,0.6033558349773795,"ISTAT intercensal reconstruction, January 1",0,0,12
2018,020,antifungals,direct,50195.81,1630.0,-0.28450702980633324,126213,0.3977071300103793,"ISTAT intercensal reconstruction, January 1",0,0,12
2018,030,antibiotics,convenzionata,80654744.04,9874845.0,-0.002091235350020542,9986962,8.076003897882059,"ISTAT intercensal reconstruction, January 1",0,0,12
2018,030,antibiotics,direct,25989093.92,4769760.0,0.01661937483656951,9986962,2.602302273704456,"ISTAT intercensal reconstruction, January 1",0,0,12
2018,030,antifungals,convenzionata,7260496.58,404381.0,-0.011652354566790887,9986962,0.7269975173631381,"ISTAT intercensal reconstruction, January 1",0,0,12
2018,030,antifungals,direct,17190103.78,101560.0,-0.11439737742324073,9986962,1.7212545496818754,"ISTAT intercensal reconstruction, January 1",0,0,12
2018,041,antibiotics,convenzionata,2501351.18,282278.0,0.0179711933600003,526772,4.748451284426659,"ISTAT intercensal reconstruction, January 1",0,0,12
2018,041,antibiotics,direct,1574973.91,267668.0,-0.05522841089323731,526772,2.9898588193753652,"ISTAT intercensal reconstruction, January 1",0,0,12
2018,041,antifungals,convenzionata,171276.8,10442.0,0.07171171218469032,526772,0.3251440851070292,"ISTAT intercensal reconstruction, January 1",0,0,12
2018,041,antifungals,direct,1022346.7,7250.0,-0.23089815023693883,526772,1.9407764649601724,"ISTAT intercensal reconstruction, January 1",0,0,12
2018,042,antibiotics,convenzionata,4070975.46,482342.0,-0.017639731128207926,541966,7.511496034806611,"ISTAT intercensal reconstruction, January 1",0,0,12
2018,042,antibiotics,direct,2020344.12,249242.0,-0.002551630785311182,541966,3.727806024732179,"ISTAT intercensal reconstruction, January 1",0,0,12
2018,042,antifungals,convenzionata,466042.39,26820.0,0.10724396677688039,541966,0.85991075085891,"ISTAT intercensal reconstruction, January 1",0,0,12
2018,042,antifungals,direct,522038.29,5511.0,-0.12736395770325734,541966,0.9632307008188705,"ISTAT intercensal reconstruction, January 1",0,0,12
2018,050,antibiotics,convenzionata,33475754.72,4008625.0,-0.0074737741618036094,4880936,6.858470326183339,"ISTAT intercensal reconstruction, January 1",0,0,12
2018,050,antibiotics,direct,21024932.0,3405263.0,-0.085409377421986,4880936,4.307561500499085,"ISTAT intercensal reconstruction, January 1",0,0,12
2018,050,antifungals,convenzionata,3419402.18,207343.0,-0.010323711383475822,4880936,0.7005627977912433,"ISTAT intercensal reconstruction, January 1",0,0,12
2018,050,antifungals,direct,9273507.61,81172.0,-0.34991043902893737,4880936,1.8999445208869772,"ISTAT intercensal reconstruction, January 1",0,0,12
2018,060,antibiotics,convenzionata,8087592.8,999205.0,-0.030018172577990238,1211155,6.677586931482758,"ISTAT intercensal reconstruction, January 1",0,0,12
2018,060,antibiotics,direct,5553756.51,785118.0,0.03207839159307977,1211155,4.585504340897738,"ISTAT intercensal reconstruction, January 1",0,0,12
2018,060,antifungals,convenzionata,991736.69,63246.0,0.011601633965200838,1211155,0.8188354834847728,"ISTAT intercensal reconstruction, January 1",0,0,12
2018,060,antifungals,direct,2460979.47,19395.0,-0.3286488390029198,1211155,2.0319277631682158,"ISTAT intercensal reconstruction, January 1",0,0,12
2018,070,antibiotics,convenzionata,13400718.2,1576136.0,-0.006939006420961407,1541541,8.69306635373305,"ISTAT intercensal reconstruction, January 1",0,0,12
2018,070,antibiotics,direct,6976332.34,1086743.0,0.11015974684382226,1541541,4.525557438952321,"ISTAT intercensal reconstruction, January 1",0,0,12
2018,070,antifungals,convenzionata,1404354.85,80761.0,-0.030981992782051146,1541541,0.9110071350680911,"ISTAT intercensal reconstruction, January 1",0,0,12
2018,070,antifungals,direct,5912639.05,28878.0,-0.056838269476094105,1541541,3.8355379779065233,"ISTAT intercensal reconstruction, January 1",0,0,12
2018,080,antibiotics,convenzionata,34052546.13,4348234.0,0.007012828407580107,4445920,7.659279998290568,"ISTAT intercensal reconstruction, January 1",0,0,12
2018,080,antibiotics,direct,18717292.01,3112359.0,0.06006297171942405,4445920,4.20999298457912,"ISTAT intercensal reconstruction, January 1",0,0,12
2018,080,antifungals,convenzionata,3209112.27,188458.0,0.005834617720504491,4445920,0.7218106196242847,"ISTAT intercensal reconstruction, January 1",0,0,12
2018,080,antifungals,direct,10087282.33,63859.0,-0.07901631162543139,4445920,2.268885254345557,"ISTAT intercensal reconstruction, January 1",0,0,12
2018,090,antibiotics,convenzionata,36874837.0,4649027.0,-0.046030008857657186,3712048,9.933825478549846,"ISTAT intercensal reconstruction, January 1",0,0,12
2018,090,antibiotics,direct,14250953.18,1886189.0,0.04963695633390591,3712048,3.839108001836183,"ISTAT intercensal reconstruction, January 1",0,0,12
2018,090,antifungals,convenzionata,2909798.58,165583.0,-0.021787192724257182,3712048,0.7838795672900781,"ISTAT intercensal reconstruction, January 1",0,0,12
2018,090,antifungals,direct,4758495.55,44406.0,-0.3903272673886901,3712048,1.2819057161976353,"ISTAT intercensal reconstruction, January 1",0,0,12
2018,100,antibiotics,convenzionata,10436844.85,1335548.0,-0.012664738225557451,876477,11.907722450218317,"ISTAT intercensal reconstruction, January 1",0,0,12
2018,100,antibiotics,direct,6990302.36,575878.0,0.0554659848286936,876477,7.975454415803267,"ISTAT intercensal reconstruction, January 1",0,0,12
2018,100,antifungals,convenzionata,895937.04,50565.0,0.021203993317404708,876477,1.0222025677798734,"ISTAT intercensal reconstruction, January 1",0,0,12
2018,100,antifungals,direct,3466594.78,14274.0,-0.1715626524921411,876477,3.9551463187282723,"ISTAT intercensal reconstruction, January 1",0,0,12
2018,110,antibiotics,convenzionata,19821687.9,2465036.0,-0.015837554623808682,1526331,12.98649368976978,"ISTAT intercensal reconstruction, January 1",0,0,12
2018,110,antibiotics,direct,7140388.68,822197.0,-0.0396287397126182,1526331,4.678139066821023,"ISTAT intercensal reconstruction, January 1",0,0,12
2018,110,antifungals,convenzionata,1727152.85,101035.0,-0.03765787801847164,1526331,1.131571625027599,"ISTAT intercensal reconstruction, January 1",0,0,12
2018,110,antifungals,direct,3013863.92,18370.0,-0.19725736214689815,1526331,1.9745808215911227,"ISTAT intercensal reconstruction, January 1",0,0,12
2018,120,antibiotics,convenzionata,77594652.05,9071717.0,-0.004895146246205445,5774606,13.437220141079754,"ISTAT intercensal reconstruction, January 1",0,0,12
2018,120,antibiotics,direct,20212238.84,1976068.0,0.03977059906799711,5774606,3.500193578574885,"ISTAT intercensal reconstruction, January 1",0,0,12
2018,120,antifungals,convenzionata,6559926.19,342748.0,-0.059419620909707635,5774606,1.135995458391447,"ISTAT intercensal reconstruction, January 1",0,0,12
2018,120,antifungals,direct,11229956.4,54289.0,-0.12396311153634507,5774606,1.9447138731196554,"ISTAT intercensal reconstruction, January 1",0,0,12
2018,130,antibiotics,convenzionata,19000449.8,2333541.0,0.028697888260979944,1306059,14.547926089097048,"ISTAT intercensal reconstruction, January 1",0,0,12
2018,130,antibiotics,direct,5353775.35,715067.0,0.12527076334999412,1306059,4.099183382986526,"ISTAT intercensal reconstruction, January 1",0,0,12
2018,130,antifungals,convenzionata,1614911.4,90304.0,0.008795626393025904,1306059,1.2364766063401422,"ISTAT intercensal reconstruction, January 1",0,0,12
2018,130,antifungals,direct,3128484.68,15163.0,0.09983038623458555,1306059,2.39536244534129,"ISTAT intercensal reconstruction, January 1",0,0,12
2018,140,antibiotics,convenzionata,4178123.76,531025.0,0.027895516301638557,306564,13.628879320468156,"ISTAT intercensal reconstruction, January 1",0,0,12
2018,140,antibiotics,direct,854697.89,108089.0,0.1494010566178042,306564,2.787991708093579,"ISTAT intercensal reconstruction, January 1",0,0,12
2018,140,antifungals,convenzionata,324170.39,18643.0,0.09105702658935397,306564,1.0574313683276575,"ISTAT intercensal reconstruction, January 1",0,0,12
2018,140,antifungals,direct,382259.39,1522.0,0.004766062036215584,306564,1.2469154564789082,"ISTAT intercensal reconstruction, January 1",0,0,12
2018,150,antibiotics,convenzionata,99572087.9,12457235.0,0.005132875738146353,5762889,17.2781547414847,"ISTAT intercensal reconstruction, January 1",0,0,12
2018,150,antibiotics,direct,16777916.97,1662131.0,-0.030356245948124746,5762889,2.9113725719860297,"ISTAT intercensal reconstruction, January 1",0,0,12
2018,150,antifungals,convenzionata,8235674.2,409221.0,0.02607720227985485,5762889,1.4290877717755799,"ISTAT intercensal reconstruction, January 1",0,0,12
2018,150,antifungals,direct,10261665.57,50706.0,-0.061155169709491905,5762889,1.7806460561707853,"ISTAT intercensal reconstruction, January 1",0,0,12
2018,160,antibiotics,convenzionata,58480269.88,7123483.0,-0.04579721799602719,4000966,14.616537576175354,"ISTAT intercensal reconstruction, January 1",0,0,12
2018,160,antibiotics,direct,14463664.32,1719101.0,-0.0019354641475702308,4000966,3.6150430471041246,"ISTAT intercensal reconstruction, January 1",0,0,12
2018,160,antifungals,convenzionata,5571814.61,292909.0,0.004026008258055146,4000966,1.3926173354134976,"ISTAT intercensal reconstruction, January 1",0,0,12
2018,160,antifungals,direct,6573311.98,61561.0,-0.3055834566420577,4000966,1.6429312271086534,"ISTAT intercensal reconstruction, January 1",0,0,12
2018,170,antibiotics,convenzionata,7023479.82,885126.0,0.00018289178528682035,562968,12.475806475678903,"ISTAT intercensal reconstruction, January 1",0,0,12
2018,170,antibiotics,direct,2706773.51,269082.0,0.14705292974309597,562968,4.808041505023375,"ISTAT intercensal reconstruction, January 1",0,0,12
2018,170,antifungals,convenzionata,642182.68,32807.0,0.03021201446955575,562968,1.1407090278665928,"ISTAT intercensal reconstruction, January 1",0,0,12
2018,170,antifungals,direct,881011.24,4677.0,-0.1342447356511445,562968,1.5649401742194937,"ISTAT intercensal reconstruction, January 1",0,0,12
2018,180,antibiotics,convenzionata,30477954.4,3839068.0,-0.0366583253790861,1924257,15.838816956362896,"ISTAT intercensal reconstruction, January 1",0,0,12
2018,180,antibiotics,direct,5474835.27,715442.0,0.06163884936968838,1924257,2.8451684312438514,"ISTAT intercensal reconstruction, January 1",0,0,12
2018,180,antifungals,convenzionata,3722101.31,186970.0,-0.0025545003321033673,1924257,1.934305713841758,"ISTAT intercensal reconstruction, January 1",0,0,12
2018,180,antifungals,direct,4098213.22,20641.0,-0.06822259486074193,1924257,2.1297639660398793,"ISTAT intercensal reconstruction, January 1",0,0,12
2018,190,antibiotics,convenzionata,60722027.0,7001476.0,-0.009723076014508404,4942188,12.286466439560778,"ISTAT intercensal reconstruction, January 1",0,0,12
2018,190,antibiotics,direct,15443185.83,2217998.0,-0.02116714925097747,4942188,3.1247669716328073,"ISTAT intercensal reconstruction, January 1",0,0,12
2018,190,antifungals,convenzionata,8216920.77,405245.0,-0.009459138652465454,4942188,1.6626078914845004,"ISTAT intercensal reconstruction, January 1",0,0,12
2018,190,antifungals,direct,7534183.48,41699.0,-0.214250235950976,4942188,1.5244631487106521,"ISTAT intercensal reconstruction, January 1",0,0,12
2018,200,antibiotics,convenzionata,16082188.07,1850270.0,-0.019733894980026426,1631040,9.8600819538454,"ISTAT intercensal reconstruction, January 1",0,0,12
2018,200,antibiotics,direct,3884674.08,945419.0,-0.31984199134365127,1631040,2.381716009417304,"ISTAT intercensal reconstruction, January 1",0,0,12
2018,200,antifungals,convenzionata,1974172.62,121848.0,-0.02191942261370049,1631040,1.2103765818128311,"ISTAT intercensal reconstruction, January 1",0,0,12
2018,200,antifungals,direct,3318453.18,26955.0,-0.04038862735547576,1631040,2.0345627207180694,"ISTAT intercensal reconstruction, January 1",0,0,12
2019,000,antibiotics,convenzionata,629366084.8,76287352.0,-0.03628726348043986,59816673,10.521582917190997,"ISTAT POSAS, January 1",6091,6091,12
2019,000,antibiotics,direct,204039547.28,27463068.0,-0.03395501475216722,59816673,3.4110815103340837,"ISTAT POSAS, January 1",1894,1894,12
2019,000,antifungals,convenzionata,60024928.75,3220726.0,-0.0497586569581267,59816673,1.0034815669203134,"ISTAT POSAS, January 1",1278,1278,12
2019,000,antifungals,direct,105056041.0,717163.0,-0.07305333273502286,59816673,1.756300304431843,"ISTAT POSAS, January 1",138,138,12
2019,010,antibiotics,convenzionata,33606309.35,4036564.0,-0.056442478187549924,4328565,7.76384537369775,"ISTAT POSAS, January 1",326,326,12
2019,010,antibiotics,direct,14790507.61,2404987.0,-0.038429660100594516,4328565,3.4169540274894796,"ISTAT POSAS, January 1",53,53,12
2019,010,antifungals,convenzionata,3594112.48,207616.0,-0.04785472779985543,4328565,0.8303242483363424,"ISTAT POSAS, January 1",69,69,12
2019,010,antifungals,direct,7014730.73,62859.0,-0.1414034732594498,4328565,1.6205672618985738,"ISTAT POSAS, January 1",0,0,12
2019,020,antibiotics,convenzionata,875697.23,102777.0,-0.06752083107764308,125653,6.969170891264037,"ISTAT POSAS, January 1",236,236,12
2019,020,antibiotics,direct,464646.51,53193.0,0.10767636812349274,125653,3.6978544881538844,"ISTAT POSAS, January 1",127,127,12
2019,020,antifungals,convenzionata,71756.45,3786.0,-0.057712699774856255,125653,0.5710683389970792,"ISTAT POSAS, January 1",40,40,12
2019,020,antifungals,direct,83892.02,1443.0,0.6712952734501146,125653,0.6676483649415454,"ISTAT POSAS, January 1",7,7,12
2019,030,antibiotics,convenzionata,76847121.71,9334474.0,-0.04720890724185602,10010833,7.676396330854784,"ISTAT POSAS, January 1",293,293,12
2019,030,antibiotics,direct,26551709.45,4466968.0,0.021648139474652373,10010833,2.652297710889793,"ISTAT POSAS, January 1",39,39,12
2019,030,antifungals,convenzionata,6678168.05,374804.0,-0.08020505534071885,10010833,0.6670941419160623,"ISTAT POSAS, January 1",67,67,12
2019,030,antifungals,direct,15836751.53,105043.0,-0.07872856774573818,10010833,1.5819614141999971,"ISTAT POSAS, January 1",2,2,12
2019,041,antibiotics,convenzionata,2359286.82,265115.0,-0.056795047866889284,530313,4.448857222055653,"ISTAT POSAS, January 1",310,310,12
2019,041,antibiotics,direct,1394014.16,206023.0,-0.11489698264271565,530313,2.628662997135654,"ISTAT POSAS, January 1",89,89,12
2019,041,antifungals,convenzionata,158798.35,9882.0,-0.07285545970032135,530313,0.2994426876203299,"ISTAT POSAS, January 1",59,59,12
2019,041,antifungals,direct,732751.52,7438.0,-0.2832651389200943,530313,1.3817340325430454,"ISTAT POSAS, January 1",21,21,12
2019,042,antibiotics,convenzionata,4021744.03,470808.0,-0.012093276042494248,543721,7.396705350722153,"ISTAT POSAS, January 1",273,273,12
2019,042,antibiotics,direct,1767978.37,201679.0,-0.12491225999657919,543721,3.2516278937175502,"ISTAT POSAS, January 1",87,87,12
2019,042,antifungals,convenzionata,431516.36,25110.0,-0.07408345408236362,543721,0.7936356329808854,"ISTAT POSAS, January 1",50,50,12
2019,042,antifungals,direct,417534.07,4095.0,-0.2001849711062382,543721,0.767919705142895,"ISTAT POSAS, January 1",24,24,12
2019,050,antibiotics,convenzionata,32970155.42,3901167.0,-0.015103447382410502,4884590,6.74983067565548,"ISTAT POSAS, January 1",328,328,12
2019,050,antibiotics,direct,21908799.67,2764425.0,0.04203902633311727,4884590,4.485289383551128,"ISTAT POSAS, January 1",71,71,12
2019,050,antifungals,convenzionata,3268048.24,194193.0,-0.04426327528398546,4884590,0.6690527229511587,"ISTAT POSAS, January 1",71,71,12
2019,050,antifungals,direct,10604512.62,94748.0,0.1435276775494014,4884590,2.1710138660563114,"ISTAT POSAS, January 1",1,1,12
2019,060,antibiotics,convenzionata,7866302.81,970028.0,-0.027361663163852662,1210414,6.498853127938044,"ISTAT POSAS, January 1",316,316,12
2019,060,antibiotics,direct,5001680.6,427795.0,-0.09940585421884116,1210414,4.132206501246681,"ISTAT POSAS, January 1",188,188,12
2019,060,antifungals,convenzionata,926306.26,58809.0,-0.06597560689218829,1210414,0.765280523853822,"ISTAT POSAS, January 1",73,73,12
2019,060,antifungals,direct,2223821.64,18315.0,-0.09636725250698658,1210414,1.8372405144025103,"ISTAT POSAS, January 1",19,19,12
2019,070,antibiotics,convenzionata,12772818.72,1494364.0,-0.046855658825808305,1532980,8.332019152239429,"ISTAT POSAS, January 1",276,276,12
2019,070,antibiotics,direct,6838187.78,926055.0,-0.019801889197268375,1532980,4.460715586635182,"ISTAT POSAS, January 1",57,57,12
2019,070,antifungals,convenzionata,1324555.15,75713.0,-0.056823031586354406,1532980,0.8640394199532935,"ISTAT POSAS, January 1",67,67,12
2019,070,antifungals,direct,3820325.68,28633.0,-0.3538713174111313,1532980,2.492091012276742,"ISTAT POSAS, January 1",4,4,12
2019,080,antibiotics,convenzionata,33026032.02,4225287.0,-0.030145003139593427,4459453,7.4058482105316505,"ISTAT POSAS, January 1",324,324,12
2019,080,antibiotics,direct,18117572.73,3051150.0,-0.03204092128709595,4459453,4.062734315172736,"ISTAT POSAS, January 1",59,59,12
2019,080,antifungals,convenzionata,3002306.98,175737.0,-0.06444314582985905,4459453,0.67324557070116,"ISTAT POSAS, January 1",71,71,12
2019,080,antifungals,direct,9906190.75,65827.0,-0.017952464705129356,4459453,2.2213914464397315,"ISTAT POSAS, January 1",1,1,12
2019,090,antibiotics,convenzionata,34718737.22,4372738.0,-0.058470760969058656,3701343,9.380037791688043,"ISTAT POSAS, January 1",310,310,12
2019,090,antibiotics,direct,12791611.6,1698393.0,-0.10240308571415853,3701343,3.455937912265899,"ISTAT POSAS, January 1",63,63,12
2019,090,antifungals,convenzionata,2708891.02,153647.0,-0.06904517769061527,3701343,0.7318670601454661,"ISTAT POSAS, January 1",74,74,12
2019,090,antifungals,direct,5162001.55,44900.0,0.08479696907565669,3701343,1.3946293412958486,"ISTAT POSAS, January 1",1,1,12
2019,100,antibiotics,convenzionata,10451261.36,1324264.0,0.0013813092181781355,873744,11.96146853082825,"ISTAT POSAS, January 1",300,300,12
2019,100,antibiotics,direct,6094348.63,617473.0,-0.12817095511158977,873744,6.9749819512351445,"ISTAT POSAS, January 1",90,90,12
2019,100,antifungals,convenzionata,835117.72,46541.0,-0.06788347538349347,873744,0.9557922228936622,"ISTAT POSAS, January 1",73,73,12
2019,100,antifungals,direct,2640527.06,12978.0,-0.238293706771231,873744,3.0220831959933343,"ISTAT POSAS, January 1",9,9,12
2019,110,antibiotics,convenzionata,19331119.59,2393202.0,-0.024749068418134058,1520321,12.715156595219035,"ISTAT POSAS, January 1",308,308,12
2019,110,antibiotics,direct,6522405.24,763515.0,-0.08654759113197183,1520321,4.290150066992432,"ISTAT POSAS, January 1",61,61,12
2019,110,antifungals,convenzionata,1597120.52,94823.0,-0.07528710038604863,1520321,1.0505153319595006,"ISTAT POSAS, January 1",71,71,12
2019,110,antifungals,direct,2915976.22,18667.0,-0.0324791372796951,1520321,1.9180003565036596,"ISTAT POSAS, January 1",5,5,12
2019,120,antibiotics,convenzionata,77063582.47,8949212.0,-0.006844151832239577,5773076,13.34879057022634,"ISTAT POSAS, January 1",287,287,12
2019,120,antibiotics,direct,19553986.7,1869124.0,-0.03256700780209067,5773076,3.387100169822812,"ISTAT POSAS, January 1",91,91,12
2019,120,antifungals,convenzionata,6281225.36,324732.0,-0.04248536064702277,5773076,1.0880205561125473,"ISTAT POSAS, January 1",65,65,12
2019,120,antifungals,direct,9660048.38,62413.0,-0.13979644836377103,5773076,1.673293124843671,"ISTAT POSAS, January 1",2,2,12
2019,130,antibiotics,convenzionata,18579833.47,2269483.0,-0.022137177510397676,1300645,14.2850919889747,"ISTAT POSAS, January 1",311,311,12
2019,130,antibiotics,direct,5997619.72,652645.0,0.12025987791960677,1300645,4.611265733539898,"ISTAT POSAS, January 1",91,91,12
2019,130,antifungals,convenzionata,1542214.42,86472.0,-0.045016079519904315,1300645,1.1857304798772916,"ISTAT POSAS, January 1",58,58,12
2019,130,antifungals,direct,3085405.99,14486.0,-0.013769826099963514,1300645,2.3722122408497324,"ISTAT POSAS, January 1",2,2,12
2019,140,antibiotics,convenzionata,4066624.43,519024.0,-0.026686459378599165,303790,13.3863011619869,"ISTAT POSAS, January 1",229,229,12
2019,140,antibiotics,direct,1083837.25,148523.0,0.26809398113759236,303790,3.5677186543335857,"ISTAT POSAS, January 1",123,123,12
2019,140,antifungals,convenzionata,303216.93,18008.0,-0.06463718046549533,303790,0.9981135982092892,"ISTAT POSAS, January 1",29,29,12
2019,140,antifungals,direct,298527.3,1430.0,-0.21904521429807128,303790,0.982676519964449,"ISTAT POSAS, January 1",7,7,12
2019,150,antibiotics,convenzionata,93147398.65,11629962.0,-0.0645229941994618,5740291,16.22694714431725,"ISTAT POSAS, January 1",255,255,12
2019,150,antibiotics,direct,14769026.34,1612962.0,-0.11973420977061851,5740291,2.572870668054982,"ISTAT POSAS, January 1",94,94,12
2019,150,antifungals,convenzionata,7883880.64,383894.0,-0.04271581797152685,5740291,1.3734287408077395,"ISTAT POSAS, January 1",67,67,12
2019,150,antifungals,direct,7631698.91,44827.0,-0.25629042790955037,5740291,1.3294968687127535,"ISTAT POSAS, January 1",4,4,12
2019,160,antibiotics,convenzionata,56909499.82,6911301.0,-0.026859829190651472,3975528,14.314953842609082,"ISTAT POSAS, January 1",317,317,12
2019,160,antibiotics,direct,13277701.49,1644858.0,-0.08199601454799249,3975528,3.3398586275835562,"ISTAT POSAS, January 1",102,102,12
2019,160,antifungals,convenzionata,5377644.49,279951.0,-0.03484863255347974,3975528,1.3526868607138474,"ISTAT POSAS, January 1",60,60,12
2019,160,antifungals,direct,6165395.02,35376.0,-0.06205653424653062,3975528,1.5508367743856915,"ISTAT POSAS, January 1",1,1,12
2019,170,antibiotics,convenzionata,6974535.37,874399.0,-0.00696868948930788,558587,12.486032381705984,"ISTAT POSAS, January 1",243,243,12
2019,170,antibiotics,direct,3050783.68,238712.0,0.1270923365878514,558587,5.461608809370787,"ISTAT POSAS, January 1",103,103,12
2019,170,antifungals,convenzionata,594425.96,30148.0,-0.07436625354019202,558587,1.064160032367384,"ISTAT POSAS, January 1",50,50,12
2019,170,antifungals,direct,881748.48,5163.0,0.0008368111171884709,558587,1.5785338362690144,"ISTAT POSAS, January 1",9,9,12
2019,180,antibiotics,convenzionata,29857315.12,3757792.0,-0.020363547758310185,1912021,15.61557907575283,"ISTAT POSAS, January 1",266,266,12
2019,180,antibiotics,direct,5301070.65,737077.0,-0.03173878508311721,1912021,2.772496039530947,"ISTAT POSAS, January 1",102,102,12
2019,180,antifungals,convenzionata,3747094.94,179686.0,0.006714924693976156,1912021,1.9597561637659837,"ISTAT POSAS, January 1",49,49,12
2019,180,antifungals,direct,4018179.42,21704.0,-0.019528949740687234,1912021,2.1015351923435985,"ISTAT POSAS, January 1",2,2,12
2019,190,antibiotics,convenzionata,58932090.2,6775356.0,-0.02947755350788932,4908548,12.006012816824853,"ISTAT POSAS, January 1",302,302,12
2019,190,antibiotics,direct,14768972.6,2103181.0,-0.04365765182273922,4908548,3.00882717251619,"ISTAT POSAS, January 1",116,116,12
2019,190,antifungals,convenzionata,7870733.62,384745.0,-0.042131007428467634,4908548,1.6034749217080082,"ISTAT POSAS, January 1",51,51,12
2019,190,antifungals,direct,8097154.59,46065.0,0.07472224581395515,4908548,1.649602813296315,"ISTAT POSAS, January 1",6,6,12
2019,200,antibiotics,convenzionata,14988618.99,1710035.0,-0.06799877449760479,1622257,9.239361574645695,"ISTAT POSAS, January 1",281,281,12
2019,200,antibiotics,direct,3993086.5,874330.0,0.027907726045321157,1622257,2.4614389088781863,"ISTAT POSAS, January 1",88,88,12
2019,200,antifungals,convenzionata,1827794.81,112429.0,-0.07414640873704346,1622257,1.126698673514739,"ISTAT POSAS, January 1",64,64,12
2019,200,antifungals,direct,3858867.52,20753.0,0.1628512775943399,1622257,2.3787029552037686,"ISTAT POSAS, January 1",11,11,12
2020,000,antibiotics,convenzionata,477131786.626289,57606200.0,-0.24188513148446508,59641488,7.999998032012364,"ISTAT POSAS, January 1",5324,5324,12
2020,000,antibiotics,direct,212270092.44,25277721.0,0.04033798971679428,59641488,3.5591012155833535,"ISTAT POSAS, January 1",1424,1424,12
2020,000,antifungals,convenzionata,52032330.2118329,2760334.0,-0.13315465265199664,59641488,0.8724183778217086,"ISTAT POSAS, January 1",1174,1174,12
2020,000,antifungals,direct,97653296.79,732925.0,-0.07046471711226963,59641488,1.6373383707328029,"ISTAT POSAS, January 1",32,32,12
2020,010,antibiotics,convenzionata,25302887.143756554,3056212.0,-0.24707926478226758,4311217,5.8690822437739865,"ISTAT POSAS, January 1",306,306,12
2020,010,antibiotics,direct,17430351.66,2728519.0,0.17848231579389315,4311217,4.0430235035721935,"ISTAT POSAS, January 1",35,35,12
2020,010,antifungals,convenzionata,3125097.6562934,176761.0,-0.130495310404587,4311217,0.7248759819543762,"ISTAT POSAS, January 1",69,69,12
2020,010,antifungals,direct,6724533.19,68707.0,-0.04136973337535367,4311217,1.5597760887470986,"ISTAT POSAS, January 1",0,0,12
2020,020,antibiotics,convenzionata,681015.4758008322,80396.0,-0.22231628413300783,125034,5.4466423196957,"ISTAT POSAS, January 1",184,184,12
2020,020,antibiotics,direct,391749.48,60004.0,-0.15688707099080546,125034,3.133143624934018,"ISTAT POSAS, January 1",106,106,12
2020,020,antifungals,convenzionata,67091.0947463,3192.0,-0.06501652818248395,125034,0.5365828074467746,"ISTAT POSAS, January 1",32,32,12
2020,020,antifungals,direct,57965.22,1977.0,-0.30904965692803676,125034,0.46359566197994145,"ISTAT POSAS, January 1",1,1,12
2020,030,antibiotics,convenzionata,59034586.790467136,7145216.0,-0.2317918293251437,10027602,5.887208805302318,"ISTAT POSAS, January 1",273,273,12
2020,030,antibiotics,direct,27682412.72,5028934.0,0.042584951907870476,10027602,2.760621404798475,"ISTAT POSAS, January 1",31,31,12
2020,030,antifungals,convenzionata,5636530.012238192,311973.0,-0.15597661364059384,10027602,0.5621014886947241,"ISTAT POSAS, January 1",68,68,12
2020,030,antifungals,direct,14561844.05,111288.0,-0.08050309292186009,10027602,1.4521761085053038,"ISTAT POSAS, January 1",0,0,12
2020,041,antibiotics,convenzionata,1703936.600364064,192962.0,-0.2777747131380728,532644,3.1990158536734934,"ISTAT POSAS, January 1",235,235,12
2020,041,antibiotics,direct,1475008.44,177836.0,0.05810147581284253,532644,2.769220041904161,"ISTAT POSAS, January 1",71,71,12
2020,041,antifungals,convenzionata,138658.960706,8296.0,-0.1268236684701069,532644,0.2603220175314094,"ISTAT POSAS, January 1",42,42,12
2020,041,antifungals,direct,995500.2,7243.0,0.35857814392524223,532644,1.8689785297497015,"ISTAT POSAS, January 1",0,0,12
2020,042,antibiotics,convenzionata,3053995.628299998,363261.0,-0.2406290391633905,545425,5.599295280377683,"ISTAT POSAS, January 1",219,219,12
2020,042,antibiotics,direct,1681518.42,198575.0,-0.04890328494233784,545425,3.082950763166338,"ISTAT POSAS, January 1",69,69,12
2020,042,antifungals,convenzionata,382112.161792,22293.0,-0.1144897454363028,545425,0.7005769112013568,"ISTAT POSAS, January 1",31,31,12
2020,042,antifungals,direct,354794.81,4863.0,-0.15026141459546044,545425,0.6504923866709447,"ISTAT POSAS, January 1",0,0,12
2020,050,antibiotics,convenzionata,24656273.203000907,2913447.0,-0.25216387703031007,4879133,5.053412809817012,"ISTAT POSAS, January 1",284,284,12
2020,050,antibiotics,direct,22794923.48,2440396.0,0.04044602275556797,4879133,4.6719209088991835,"ISTAT POSAS, January 1",36,36,12
2020,050,antifungals,convenzionata,2821410.27019,164704.0,-0.13666810799891987,4879133,0.5782605783015138,"ISTAT POSAS, January 1",72,72,12
2020,050,antifungals,direct,10324555.83,94427.0,-0.02639977904048173,4879133,2.116063618269885,"ISTAT POSAS, January 1",0,0,12
2020,060,antibiotics,convenzionata,5880173.826082751,728824.0,-0.25248570159190825,1206216,4.874892909796215,"ISTAT POSAS, January 1",259,259,12
2020,060,antibiotics,direct,4968835.02,366050.0,-0.006566908730637458,1206216,4.119357577747269,"ISTAT POSAS, January 1",139,139,12
2020,060,antifungals,convenzionata,782020.475772904,49187.0,-0.15576466494687838,1206216,0.6483254042169098,"ISTAT POSAS, January 1",60,60,12
2020,060,antifungals,direct,2932739.18,17960.0,0.318783452435511,1206216,2.4313548982935065,"ISTAT POSAS, January 1",11,11,12
2020,070,antibiotics,convenzionata,9492573.810605885,1115610.0,-0.256814488743806,1524826,6.225348866431898,"ISTAT POSAS, January 1",265,265,12
2020,070,antibiotics,direct,10746781.55,872161.0,0.571583275532688,1524826,7.047874019724218,"ISTAT POSAS, January 1",45,45,12
2020,070,antifungals,convenzionata,1155530.024281,65037.0,-0.12760897552585862,1524826,0.7578110710867995,"ISTAT POSAS, January 1",61,61,12
2020,070,antifungals,direct,5045377.83,33076.0,0.32066694114937344,1524826,3.3088220098555507,"ISTAT POSAS, January 1",1,1,12
2020,080,antibiotics,convenzionata,24013858.766729105,3029565.0,-0.27288089734223225,4464119,5.37930524852252,"ISTAT POSAS, January 1",309,309,12
2020,080,antibiotics,direct,16043533.05,2360856.0,-0.11447668575193296,4464119,3.5938856132643417,"ISTAT POSAS, January 1",51,51,12
2020,080,antifungals,convenzionata,2576839.1425,150955.0,-0.14171363565893585,4464119,0.5772335241287251,"ISTAT POSAS, January 1",68,68,12
2020,080,antifungals,direct,10155162.22,65604.0,0.025132917009497317,4464119,2.2748412889530947,"ISTAT POSAS, January 1",0,0,12
2020,090,antibiotics,convenzionata,25293917.95621149,3199941.0,-0.2714620409166055,3692555,6.849977307368879,"ISTAT POSAS, January 1",295,295,12
2020,090,antibiotics,direct,14666410.02,1344126.0,0.1465646768074165,3692555,3.971886680090073,"ISTAT POSAS, January 1",40,40,12
2020,090,antifungals,convenzionata,2425601.11147,134277.0,-0.10457781669267743,3692555,0.6568896364360178,"ISTAT POSAS, January 1",71,71,12
2020,090,antifungals,direct,5350467.59,49826.0,0.03651026412419423,3692555,1.4489879202882556,"ISTAT POSAS, January 1",0,0,12
2020,100,antibiotics,convenzionata,7928917.806380305,997974.0,-0.24134345766850998,870165,9.11197049568795,"ISTAT POSAS, January 1",271,271,12
2020,100,antibiotics,direct,6106641.41,630085.0,0.0020170785667704737,870165,7.017797095953067,"ISTAT POSAS, January 1",63,63,12
2020,100,antifungals,convenzionata,723908.892453,40681.0,-0.13316545067083477,870165,0.8319214085294168,"ISTAT POSAS, January 1",66,66,12
2020,100,antifungals,direct,2456684.09,11907.0,-0.06962358870883906,870165,2.8232393741416857,"ISTAT POSAS, January 1",1,1,12
2020,110,antibiotics,convenzionata,14104501.383424854,1733068.0,-0.27037327984246085,1512672,9.32422982869046,"ISTAT POSAS, January 1",264,264,12
2020,110,antibiotics,direct,7066950.93,661428.0,0.08348847855396363,1512672,4.671832975026972,"ISTAT POSAS, January 1",57,57,12
2020,110,antifungals,convenzionata,1418128.321381691,81596.0,-0.11207181698367322,1512672,0.9374988902959075,"ISTAT POSAS, January 1",63,63,12
2020,110,antifungals,direct,2171874.91,18511.0,-0.2551808567218014,1512672,1.4357870774364834,"ISTAT POSAS, January 1",0,0,12
2020,120,antibiotics,convenzionata,56421639.95650206,6528624.0,-0.2678559943866303,5755700,9.802741622478944,"ISTAT POSAS, January 1",262,262,12
2020,120,antibiotics,direct,20246448.94,1476921.0,0.03541284192445523,5755700,3.5176345084003686,"ISTAT POSAS, January 1",58,58,12
2020,120,antifungals,convenzionata,5265722.57346281,271326.0,-0.16167271962634852,5755700,0.9148709233390917,"ISTAT POSAS, January 1",61,61,12
2020,120,antifungals,direct,8441613.29,61032.0,-0.1261313651930178,5755700,1.4666527598728216,"ISTAT POSAS, January 1",1,1,12
2020,130,antibiotics,convenzionata,13617386.908967014,1628380.0,-0.2670877846696322,1293941,10.523962768756082,"ISTAT POSAS, January 1",265,265,12
2020,130,antibiotics,direct,6420826.91,546637.0,0.07056252476107305,1293941,4.962225410586727,"ISTAT POSAS, January 1",52,52,12
2020,130,antifungals,convenzionata,1295060.582284,72401.0,-0.1602590628843945,1293941,1.0008652498715165,"ISTAT POSAS, January 1",61,61,12
2020,130,antifungals,direct,2372461.48,14882.0,-0.23106991828974832,1293941,1.8335159640199978,"ISTAT POSAS, January 1",1,1,12
2020,140,antibiotics,convenzionata,3089787.283014271,389716.0,-0.24020835063584395,300516,10.281606580063194,"ISTAT POSAS, January 1",188,188,12
2020,140,antibiotics,direct,865907.89,119994.0,-0.20107203364711815,300516,2.881403619108467,"ISTAT POSAS, January 1",100,100,12
2020,140,antifungals,convenzionata,265389.740615,15286.0,-0.12475289353071413,300516,0.8831135134734923,"ISTAT POSAS, January 1",30,30,12
2020,140,antifungals,direct,182031.17,2128.0,-0.3902361023598177,300516,0.6057287132798254,"ISTAT POSAS, January 1",2,2,12
2020,150,antibiotics,convenzionata,73877037.0705557,9108138.0,-0.20688029787984102,5712143,12.933331163200169,"ISTAT POSAS, January 1",247,247,12
2020,150,antibiotics,direct,14820602.33,1546333.0,0.0034921726600428016,5712143,2.5945783097516992,"ISTAT POSAS, January 1",83,83,12
2020,150,antifungals,convenzionata,6952408.09265304,332976.0,-0.1181489915792231,5712143,1.2171278087143547,"ISTAT POSAS, January 1",64,64,12
2020,150,antifungals,direct,7611934.93,47925.0,-0.0025897221880835444,5712143,1.3325883000478105,"ISTAT POSAS, January 1",1,1,12
2020,160,antibiotics,convenzionata,43375052.364677235,5216148.0,-0.23782404516172334,3953305,10.971845674613327,"ISTAT POSAS, January 1",257,257,12
2020,160,antibiotics,direct,12033033.96,1305771.0,-0.09374118938713993,3953305,3.0437909445388103,"ISTAT POSAS, January 1",67,67,12
2020,160,antifungals,convenzionata,4617907.140148967,238231.0,-0.14127697568401978,3953305,1.1681130446927233,"ISTAT POSAS, January 1",59,59,12
2020,160,antifungals,direct,5308064.02,33466.0,-0.13905532366034837,3953305,1.3426902351323764,"ISTAT POSAS, January 1",0,0,12
2020,170,antibiotics,convenzionata,5355032.081250144,662379.0,-0.2322023192707468,553254,9.679156556030582,"ISTAT POSAS, January 1",228,228,12
2020,170,antibiotics,direct,2756955.96,206996.0,-0.09631221050717041,553254,4.983164983895281,"ISTAT POSAS, January 1",95,95,12
2020,170,antifungals,convenzionata,536115.356278,26877.0,-0.09809565470862006,553254,0.9690221060814744,"ISTAT POSAS, January 1",41,41,12
2020,170,antifungals,direct,601977.31,4141.0,-0.3172913550131666,553254,1.0880668011437786,"ISTAT POSAS, January 1",4,4,12
2020,180,antibiotics,convenzionata,22531666.013851713,2814957.0,-0.24535525303282144,1894110,11.895648095333277,"ISTAT POSAS, January 1",219,219,12
2020,180,antibiotics,direct,5269302.23,634624.0,-0.005992830901055808,1894110,2.781940980196504,"ISTAT POSAS, January 1",81,81,12
2020,180,antifungals,convenzionata,3363691.6569,159071.0,-0.10232014113312005,1894110,1.775869224543453,"ISTAT POSAS, January 1",51,51,12
2020,180,antifungals,direct,3636449.41,20075.0,-0.0950007379212549,1894110,1.9198723463790384,"ISTAT POSAS, January 1",1,1,12
2020,190,antibiotics,convenzionata,46090065.136259034,5372868.0,-0.21791226172631095,4875290,9.45380995515324,"ISTAT POSAS, January 1",248,248,12
2020,190,antibiotics,direct,15014761.78,1846398.0,0.016642266639454662,4875290,3.079767927651483,"ISTAT POSAS, January 1",65,65,12
2020,190,antifungals,convenzionata,6777861.4250566,332106.0,-0.13885264674265524,4875290,1.3902478468063644,"ISTAT POSAS, January 1",49,49,12
2020,190,antifungals,direct,5210110.74,43893.0,-0.3565504175461222,4875290,1.0686770920293973,"ISTAT POSAS, January 1",4,4,12
2020,200,antibiotics,convenzionata,11627481.420087948,1328514.0,-0.22424598104431842,1611621,7.214774081553882,"ISTAT POSAS, January 1",246,246,12
2020,200,antibiotics,direct,3787136.26,725077.0,-0.05157670388557824,1611621,2.3498925988182084,"ISTAT POSAS, January 1",80,80,12
2020,200,antifungals,convenzionata,1705245.52061,103108.0,-0.06704761864927278,1611621,1.0580933858580894,"ISTAT POSAS, January 1",55,55,12
2020,200,antifungals,direct,3157155.32,19994.0,-0.1818440763677733,1611621,1.9589936591791741,"ISTAT POSAS, January 1",4,4,12
2021,000,antibiotics,convenzionata,451430075.4516473,54378258.0,-0.05386711155082285,59236213,7.620846313245029,"ISTAT POSAS, January 1",0,0,12
2021,000,antibiotics,direct,202375451.2,23016011.0,-0.04661344952679477,59236213,3.4164144017781823,"ISTAT POSAS, January 1",0,0,12
2021,000,antifungals,convenzionata,50616716.409525655,2699760.0,-0.027206427168339983,59236213,0.85448940514691,"ISTAT POSAS, January 1",0,0,12
2021,000,antifungals,direct,95998714.15,772016.0,-0.016943438617931374,59236213,1.6206085650681283,"ISTAT POSAS, January 1",0,0,12
2021,010,antibiotics,convenzionata,23467970.360296212,2817995.0,-0.07251807957864224,4274945,5.489654337142633,"ISTAT POSAS, January 1",0,0,12
2021,010,antibiotics,direct,15003361.59,2161163.0,-0.13923930608752846,4274945,3.509603419459198,"ISTAT POSAS, January 1",0,0,12
2021,010,antifungals,convenzionata,3110444.0320716,178381.0,-0.004689013219247778,4274945,0.7275986081859767,"ISTAT POSAS, January 1",0,0,12
2021,010,antifungals,direct,6303826.53,65140.0,-0.06256295390520632,4274945,1.4745982767029753,"ISTAT POSAS, January 1",0,0,12
2021,020,antibiotics,convenzionata,603676.642387116,70407.0,-0.11356398813517478,124089,4.864868299261949,"ISTAT POSAS, January 1",0,0,12
2021,020,antibiotics,direct,437815.81,86083.0,0.11759129839814976,124089,3.528240295271942,"ISTAT POSAS, January 1",0,0,12
2021,020,antifungals,convenzionata,66568.1528831,3221.0,-0.007794504847140531,124089,0.5364549064228095,"ISTAT POSAS, January 1",0,0,12
2021,020,antifungals,direct,56650.93,2064.0,-0.022673768856566058,124089,0.45653466463586617,"ISTAT POSAS, January 1",0,0,12
2021,030,antibiotics,convenzionata,52973271.62589585,6389633.0,-0.10267396612912447,9981554,5.307116669999066,"ISTAT POSAS, January 1",0,0,12
2021,030,antibiotics,direct,27106286.67,4526059.0,-0.0208119883128453,9981554,2.7156379327307154,"ISTAT POSAS, January 1",0,0,12
2021,030,antifungals,convenzionata,5621457.471832578,312656.0,-0.0026740814602047853,9981554,0.5631845974917912,"ISTAT POSAS, January 1",0,0,12
2021,030,antifungals,direct,16598204.24,123482.0,0.13984219189601882,9981554,1.6628877868115526,"ISTAT POSAS, January 1",0,0,12
2021,041,antibiotics,convenzionata,1577270.9876641643,180917.0,-0.07433704556427526,534912,2.9486550828251454,"ISTAT POSAS, January 1",0,0,12
2021,041,antibiotics,direct,1410087.6,187066.0,-0.044013876964663336,534912,2.6361113603732953,"ISTAT POSAS, January 1",0,0,12
2021,041,antifungals,convenzionata,122981.4052644,7261.0,-0.11306557731123688,534912,0.22990960244750538,"ISTAT POSAS, January 1",0,0,12
2021,041,antifungals,direct,731239.38,7881.0,-0.2654553158301726,534912,1.3670274362885857,"ISTAT POSAS, January 1",0,0,12
2021,042,antibiotics,convenzionata,2854022.211880032,339020.0,-0.06547927396061169,542166,5.264111382639324,"ISTAT POSAS, January 1",0,0,12
2021,042,antibiotics,direct,1610386.39,197844.0,-0.04230226035823027,542166,2.9702828838400044,"ISTAT POSAS, January 1",0,0,12
2021,042,antifungals,convenzionata,374282.306558,21881.0,-0.02049098672306098,542166,0.6903463266933005,"ISTAT POSAS, January 1",0,0,12
2021,042,antifungals,direct,389274.25,4545.0,0.09718135392115798,542166,0.717998269902576,"ISTAT POSAS, January 1",0,0,12
2021,050,antibiotics,convenzionata,22891984.650171015,2697936.0,-0.07155536192773704,4869830,4.700776957341636,"ISTAT POSAS, January 1",0,0,12
2021,050,antibiotics,direct,21155112.78,2025890.0,-0.07193753913842925,4869830,4.344117305942918,"ISTAT POSAS, January 1",0,0,12
2021,050,antifungals,convenzionata,2765041.79618,162429.0,-0.01997882924208822,4869830,0.5677902095514628,"ISTAT POSAS, January 1",0,0,12
2021,050,antifungals,direct,10544294.06,91787.0,0.021283068600540467,4869830,2.16522836731467,"ISTAT POSAS, January 1",0,0,12
2021,060,antibiotics,convenzionata,5605220.298834977,690392.0,-0.046759421639571176,1201510,4.665146606216325,"ISTAT POSAS, January 1",0,0,12
2021,060,antibiotics,direct,4963367.07,422564.0,-0.0011004490948061303,1201510,4.130941124085526,"ISTAT POSAS, January 1",0,0,12
2021,060,antifungals,convenzionata,805285.735882,50982.0,0.029750193031840958,1201510,0.6702280762390658,"ISTAT POSAS, January 1",0,0,12
2021,060,antifungals,direct,1935616.19,16630.0,-0.33999715924278,1201510,1.610986333863222,"ISTAT POSAS, January 1",0,0,12
2021,070,antibiotics,convenzionata,8743691.147578498,1023553.0,-0.07889142375597577,1518495,5.7581296926091285,"ISTAT POSAS, January 1",0,0,12
2021,070,antibiotics,direct,7966832.78,617842.0,-0.2586773311680463,1518495,5.2465321123875945,"ISTAT POSAS, January 1",0,0,12
2021,070,antifungals,convenzionata,1155241.607717,65707.0,-0.0002495967719916755,1518495,0.7607806464407192,"ISTAT POSAS, January 1",0,0,12
2021,070,antifungals,direct,4833070.29,39674.0,-0.04207961170670146,1518495,3.1828029002400404,"ISTAT POSAS, January 1",0,0,12
2021,080,antibiotics,convenzionata,23099745.2572091,2909020.0,-0.03806608169056521,4438937,5.203891214768108,"ISTAT POSAS, January 1",0,0,12
2021,080,antibiotics,direct,17200032.45,2258364.0,0.07208508228179827,4438937,3.8748088675284196,"ISTAT POSAS, January 1",0,0,12
2021,080,antifungals,convenzionata,2592199.02239,154663.0,0.005960744555866277,4438937,0.5839684191034926,"ISTAT POSAS, January 1",0,0,12
2021,080,antifungals,direct,9900372.51,83582.0,-0.02508967404757026,4438937,2.230347605744348,"ISTAT POSAS, January 1",0,0,12
2021,090,antibiotics,convenzionata,23140089.109868664,2919422.0,-0.08515204524943516,3692865,6.266161668479261,"ISTAT POSAS, January 1",0,0,12
2021,090,antibiotics,direct,15121743.69,1181727.0,0.03104602076302787,3692865,4.094854182321856,"ISTAT POSAS, January 1",0,0,12
2021,090,antifungals,convenzionata,2464806.46362,136718.0,0.016163148987938983,3692865,0.6674510071773542,"ISTAT POSAS, January 1",0,0,12
2021,090,antifungals,direct,4595503.93,44565.0,-0.1411023704565604,3692865,1.2444278168847223,"ISTAT POSAS, January 1",0,0,12
2021,100,antibiotics,convenzionata,7298080.657224998,909035.0,-0.07956157000993011,865452,8.432681023586516,"ISTAT POSAS, January 1",0,0,12
2021,100,antibiotics,direct,5842601.15,681645.0,-0.04323821267245492,865452,6.7509245457864795,"ISTAT POSAS, January 1",0,0,12
2021,100,antifungals,convenzionata,686113.873466,38931.0,-0.05220963491542391,865452,0.7927809670160794,"ISTAT POSAS, January 1",0,0,12
2021,100,antifungals,direct,2222094.99,13561.0,-0.09549013686981626,865452,2.5675542837731036,"ISTAT POSAS, January 1",0,0,12
2021,110,antibiotics,convenzionata,13181073.093745518,1597300.0,-0.06547046680888108,1498236,8.797728190849451,"ISTAT POSAS, January 1",0,0,12
2021,110,antibiotics,direct,7063033.96,642985.0,-0.0005542659116779801,1498236,4.714233244962743,"ISTAT POSAS, January 1",0,0,12
2021,110,antifungals,convenzionata,1378293.802152076,78941.0,-0.02808950264162554,1498236,0.9199443893699497,"ISTAT POSAS, January 1",0,0,12
2021,110,antifungals,direct,2088918.52,20267.0,-0.03819574949645696,1498236,1.3942519870033827,"ISTAT POSAS, January 1",0,0,12
2021,120,antibiotics,convenzionata,52816923.69242125,6103561.0,-0.06388889558793125,5730399,9.216971399796288,"ISTAT POSAS, January 1",0,0,12
2021,120,antibiotics,direct,17386994.18,1277667.0,-0.14123240912388857,5730399,3.0341681582730975,"ISTAT POSAS, January 1",0,0,12
2021,120,antifungals,convenzionata,5011747.625061862,264733.0,-0.04823173740312161,5730399,0.8745896446411258,"ISTAT POSAS, January 1",0,0,12
2021,120,antifungals,direct,8031598.66,60502.0,-0.04857064827711387,5730399,1.4015775620510893,"ISTAT POSAS, January 1",0,0,12
2021,130,antibiotics,convenzionata,12578080.135730773,1495536.0,-0.07632204182667832,1281012,9.818862068216983,"ISTAT POSAS, January 1",0,0,12
2021,130,antibiotics,direct,5833500.19,493485.0,-0.09147213096264574,1281012,4.553821658188995,"ISTAT POSAS, January 1",0,0,12
2021,130,antifungals,convenzionata,1268470.814768,69262.0,-0.020531678501947488,1281012,0.9902099393042376,"ISTAT POSAS, January 1",0,0,12
2021,130,antifungals,direct,2574454.14,14239.0,0.08514054356743445,1281012,2.009703375144027,"ISTAT POSAS, January 1",0,0,12
2021,140,antibiotics,convenzionata,2863089.3862409163,357021.0,-0.07337006596525235,294294,9.72867060232596,"ISTAT POSAS, January 1",0,0,12
2021,140,antibiotics,direct,552837.64,137429.0,-0.361551446309145,294294,1.878521614439982,"ISTAT POSAS, January 1",0,0,12
2021,140,antifungals,convenzionata,273952.420726,15411.0,0.03226454832487986,294294,0.9308800747755646,"ISTAT POSAS, January 1",0,0,12
2021,140,antifungals,direct,96016.65,1268.0,-0.4725263261231579,294294,0.3262609839140451,"ISTAT POSAS, January 1",0,0,12
2021,150,antibiotics,convenzionata,73514635.00835907,9056298.0,-0.0049054764046711635,5624260,13.070988007019425,"ISTAT POSAS, January 1",0,0,12
2021,150,antibiotics,direct,13422627.72,1731337.0,-0.09432643686621339,5624260,2.3865588930810455,"ISTAT POSAS, January 1",0,0,12
2021,150,antifungals,convenzionata,6629722.779166788,321898.0,-0.04641345979492341,5624260,1.1787724570284426,"ISTAT POSAS, January 1",0,0,12
2021,150,antifungals,direct,8111611.59,51269.0,0.06564384280673298,5624260,1.442254019195414,"ISTAT POSAS, January 1",0,0,12
2021,160,antibiotics,convenzionata,42191631.71591619,5020521.0,-0.027283440232219097,3933777,10.725476232108782,"ISTAT POSAS, January 1",0,0,12
2021,160,antibiotics,direct,13395930.93,1127264.0,0.113262953842773,3933777,3.4053610385133677,"ISTAT POSAS, January 1",0,0,12
2021,160,antifungals,convenzionata,4373216.616763129,225745.0,-0.052987320004434874,3933777,1.1117093360307737,"ISTAT POSAS, January 1",0,0,12
2021,160,antifungals,direct,5721633.84,38850.0,0.0779134950975968,3933777,1.454488609801725,"ISTAT POSAS, January 1",0,0,12
2021,170,antibiotics,convenzionata,5251281.741534081,643211.0,-0.019374363802474467,545130,9.633081542997232,"ISTAT POSAS, January 1",0,0,12
2021,170,antibiotics,direct,2175464.25,260637.0,-0.21091802641635232,545130,3.990725606736008,"ISTAT POSAS, January 1",0,0,12
2021,170,antifungals,convenzionata,540835.093873539,27202.0,0.00880358590790226,545130,0.9921213176188047,"ISTAT POSAS, January 1",0,0,12
2021,170,antifungals,direct,368280.21,5832.0,-0.38821579504383646,545130,0.6755823565021188,"ISTAT POSAS, January 1",0,0,12
2021,180,antibiotics,convenzionata,21341477.655790906,2664127.0,-0.052822918524050536,1860601,11.47020648478148,"ISTAT POSAS, January 1",0,0,12
2021,180,antibiotics,direct,5642014.23,663011.0,0.07073270496386008,1860601,3.0323611725458606,"ISTAT POSAS, January 1",0,0,12
2021,180,antifungals,convenzionata,3305725.107159499,148879.0,-0.01723301528592646,1860601,1.7766974795560677,"ISTAT POSAS, January 1",0,0,12
2021,180,antifungals,direct,3558908.8,21734.0,-0.021323164784519854,1860601,1.912773775785351,"ISTAT POSAS, January 1",0,0,12
2021,190,antibiotics,convenzionata,44698981.48594471,5275669.0,-0.030181854727299146,4833705,9.247354045384382,"ISTAT POSAS, January 1",0,0,12
2021,190,antibiotics,direct,15230034.75,1667914.0,0.014337421609095952,4833705,3.1507993868057733,"ISTAT POSAS, January 1",0,0,12
2021,190,antifungals,convenzionata,6383192.081640085,311894.0,-0.058229184497264816,4833705,1.3205588842596072,"ISTAT POSAS, January 1",0,0,12
2021,190,antifungals,direct,4590449.62,44812.0,-0.11893434725727155,4833705,0.9496751704955102,"ISTAT POSAS, January 1",0,0,12
2021,200,antibiotics,convenzionata,10737878.586953238,1217684.0,-0.07650864370316773,1590044,6.75319587819786,"ISTAT POSAS, January 1",0,0,12
2021,200,antibiotics,direct,3855385.37,668035.0,0.01802129770741336,1590044,2.424703574240713,"ISTAT POSAS, January 1",0,0,12
2021,200,antifungals,convenzionata,1687138.20035,102965.0,-0.010618600102536938,1590044,1.0610638449942267,"ISTAT POSAS, January 1",0,0,12
2021,200,antifungals,direct,2746694.82,20332.0,-0.1300095999078056,1590044,1.7274332156845973,"ISTAT POSAS, January 1",0,0,12
2022,000,antibiotics,convenzionata,541377690.71,65208265.0,0.19925038261653663,59030133,9.171209062158136,"ISTAT POSAS, January 1",5260,5260,12
2022,000,antibiotics,direct,233973487.55,22648485.0,0.15613571785825375,59030133,3.963627992334017,"ISTAT POSAS, January 1",947,947,12
2022,000,antifungals,convenzionata,49017245.16,2623735.0,-0.031599664359591856,59030133,0.8303766681332058,"ISTAT POSAS, January 1",1129,1129,12
2022,000,antifungals,direct,97626505.89,729434.0,0.01695639107682777,59030133,1.6538418758094278,"ISTAT POSAS, January 1",0,0,12
2022,010,antibiotics,convenzionata,29376716.17,3533462.0,0.2517791576769831,4256350,6.901856325255207,"ISTAT POSAS, January 1",310,310,12
2022,010,antibiotics,direct,18106610.61,1674153.0,0.2068369146064152,4256350,4.254022956288839,"ISTAT POSAS, January 1",25,25,12
2022,010,antifungals,convenzionata,3048299.79,176949.0,-0.01997921886098399,4256350,0.7161769567822195,"ISTAT POSAS, January 1",66,66,12
2022,010,antifungals,direct,7113658.53,65914.0,0.1284667330463486,4256350,1.6713048809425917,"ISTAT POSAS, January 1",0,0,12
2022,020,antibiotics,convenzionata,735499.68,86822.0,0.21836696727509072,123360,5.962221789883269,"ISTAT POSAS, January 1",148,148,12
2022,020,antibiotics,direct,474599.34,54581.0,0.08401599293547668,123360,3.8472709143968875,"ISTAT POSAS, January 1",78,78,12
2022,020,antifungals,convenzionata,66672.09,3242.0,0.0015613639916150814,123360,0.5404676556420234,"ISTAT POSAS, January 1",29,29,12
2022,020,antifungals,direct,82665.15,1918.0,0.4592019936830693,123360,0.6701130836575875,"ISTAT POSAS, January 1",0,0,12
2022,030,antibiotics,convenzionata,67188477.92,8064353.0,0.26834676918755906,9943004,6.757362052755887,"ISTAT POSAS, January 1",302,302,12
2022,030,antibiotics,direct,31402786.01,4255894.0,0.15850564086135668,9943004,3.158279531014973,"ISTAT POSAS, January 1",11,11,12
2022,030,antifungals,convenzionata,5577105.49,310154.0,-0.007889765608796714,9943004,0.5609074973720216,"ISTAT POSAS, January 1",66,66,12
2022,030,antifungals,direct,16230282.04,114305.0,-0.022166385874042,9943004,1.6323318425699114,"ISTAT POSAS, January 1",0,0,12
2022,041,antibiotics,convenzionata,2084687.57,240284.0,0.321705392608081,532616,3.9140535958364002,"ISTAT POSAS, January 1",235,235,12
2022,041,antibiotics,direct,1395269.53,155912.0,-0.010508616627789649,532616,2.61965380311519,"ISTAT POSAS, January 1",24,24,12
2022,041,antifungals,convenzionata,137467.79,7997.0,0.11779329325807794,532616,0.25809924974090154,"ISTAT POSAS, January 1",39,39,12
2022,041,antifungals,direct,356958.22,5954.0,-0.5118449173237908,532616,0.6701980789161421,"ISTAT POSAS, January 1",0,0,12
2022,042,antibiotics,convenzionata,3606708.65,424967.0,0.26372830421111204,540958,6.667261876153047,"ISTAT POSAS, January 1",202,202,12
2022,042,antibiotics,direct,1544289.84,153605.0,-0.04104390748111079,540958,2.8547314948665146,"ISTAT POSAS, January 1",35,35,12
2022,042,antifungals,convenzionata,386742.51,22529.0,0.03329092298427718,540958,0.714921509618122,"ISTAT POSAS, January 1",39,39,12
2022,042,antifungals,direct,354661.06,3982.0,-0.08891723508554701,540958,0.655616628277981,"ISTAT POSAS, January 1",0,0,12
2022,050,antibiotics,convenzionata,28319406.83,3345526.0,0.23708831989752535,4847745,5.841769076137462,"ISTAT POSAS, January 1",290,290,12
2022,050,antibiotics,direct,22700964.1,2279467.0,0.07307223251777908,4847745,4.682788409868919,"ISTAT POSAS, January 1",5,5,12
2022,050,antifungals,convenzionata,2700242.31,160036.0,-0.0234352646204201,4847745,0.5570099726780183,"ISTAT POSAS, January 1",68,68,12
2022,050,antifungals,direct,11485691.44,91418.0,0.0892802661461435,4847745,2.3692853976436465,"ISTAT POSAS, January 1",0,0,12
2022,060,antibiotics,convenzionata,6734343.58,840285.0,0.2014413744629639,1194647,5.637099143094153,"ISTAT POSAS, January 1",186,186,12
2022,060,antibiotics,direct,5821455.86,456367.0,0.17288441050159928,1194647,4.872950637301228,"ISTAT POSAS, January 1",67,67,12
2022,060,antifungals,convenzionata,784258.63,49187.0,-0.026111360160837545,1194647,0.656477294129563,"ISTAT POSAS, January 1",51,51,12
2022,060,antifungals,direct,1996514.89,12652.0,0.03146217742681724,1194647,1.671217430755696,"ISTAT POSAS, January 1",0,0,12
2022,070,antibiotics,convenzionata,11383148.62,1333855.0,0.3018699343185835,1509227,7.542370113972251,"ISTAT POSAS, January 1",274,274,12
2022,070,antibiotics,direct,9060128.33,545180.0,0.1372308896384292,1509227,6.00315812664364,"ISTAT POSAS, January 1",31,31,12
2022,070,antifungals,convenzionata,1160888.59,65640.0,0.004888139628349798,1509227,0.769194157008853,"ISTAT POSAS, January 1",59,59,12
2022,070,antifungals,direct,4002501.64,27306.0,-0.17185114226840678,1509227,2.6520209617241144,"ISTAT POSAS, January 1",0,0,12
2022,080,antibiotics,convenzionata,28982318.31,3680410.0,0.25465965045458816,4425366,6.549134763090781,"ISTAT POSAS, January 1",313,313,12
2022,080,antibiotics,direct,20421882.18,2524345.0,0.1873164913709218,4425366,4.6147329237852865,"ISTAT POSAS, January 1",21,21,12
2022,080,antifungals,convenzionata,2580669.38,157083.0,-0.004447822983657213,4425366,0.5831538860288618,"ISTAT POSAS, January 1",67,67,12
2022,080,antifungals,direct,10005456.19,78370.0,0.010614113751160259,4425366,2.260933036951068,"ISTAT POSAS, January 1",0,0,12
2022,090,antibiotics,convenzionata,28203119.34,3571492.0,0.2187990809409666,3663191,7.699057826905559,"ISTAT POSAS, January 1",315,315,12
2022,090,antibiotics,direct,15542083.91,967680.0,0.027797073447156147,3663191,4.242771919345729,"ISTAT POSAS, January 1",40,40,12
2022,090,antifungals,convenzionata,2357497.79,132341.0,-0.04353634867639807,3663191,0.6435639828772237,"ISTAT POSAS, January 1",65,65,12
2022,090,antifungals,direct,5519168.16,33827.0,0.20099302363125168,3663191,1.5066558527797214,"ISTAT POSAS, January 1",0,0,12
2022,100,antibiotics,convenzionata,8499807.08,1081458.0,0.16466335180679456,858812,9.897168507193658,"ISTAT POSAS, January 1",258,258,12
2022,100,antibiotics,direct,6602131.04,797716.0,0.12999858633170605,858812,7.687516057064876,"ISTAT POSAS, January 1",39,39,12
2022,100,antifungals,convenzionata,627538.89,36348.0,-0.08537210182050436,858812,0.7307057772830375,"ISTAT POSAS, January 1",57,57,12
2022,100,antifungals,direct,1918081.54,14449.0,-0.13681388571061942,858812,2.233412597867752,"ISTAT POSAS, January 1",0,0,12
2022,110,antibiotics,convenzionata,15926555.83,1931404.0,0.20828977403647245,1487150,10.709448159230744,"ISTAT POSAS, January 1",290,290,12
2022,110,antibiotics,direct,7233976.78,687378.0,0.024202463271180422,1487150,4.864322213630098,"ISTAT POSAS, January 1",23,23,12
2022,110,antifungals,convenzionata,1339717.23,76646.0,-0.027988642255985127,1487150,0.9008622062333994,"ISTAT POSAS, January 1",64,64,12
2022,110,antifungals,direct,2345093.0,19267.0,0.12263497955870485,1487150,1.57690414551323,"ISTAT POSAS, January 1",0,0,12
2022,120,antibiotics,convenzionata,63309844.02,7317262.0,0.19866587438306998,5714882,11.0780667072391,"ISTAT POSAS, January 1",255,255,12
2022,120,antibiotics,direct,22203827.76,1396549.0,0.2770365901163487,5714882,3.8852644306566613,"ISTAT POSAS, January 1",42,42,12
2022,120,antifungals,convenzionata,4770053.82,254886.0,-0.04822545410172738,5714882,0.8346723204433618,"ISTAT POSAS, January 1",59,59,12
2022,120,antifungals,direct,8988226.71,59848.0,0.11910804940544677,5714882,1.5727755551208233,"ISTAT POSAS, January 1",0,0,12
2022,130,antibiotics,convenzionata,16172786.57,1919563.0,0.28579134458347755,1275950,12.675094298365924,"ISTAT POSAS, January 1",277,277,12
2022,130,antibiotics,direct,7992792.51,495051.0,0.3701538098347092,1275950,6.264189435322701,"ISTAT POSAS, January 1",37,37,12
2022,130,antifungals,convenzionata,1239590.19,68332.0,-0.022768064059307657,1275950,0.9715037344723539,"ISTAT POSAS, January 1",62,62,12
2022,130,antifungals,direct,2664893.59,15240.0,0.03512956342659885,1275950,2.0885564402993846,"ISTAT POSAS, January 1",0,0,12
2022,140,antibiotics,convenzionata,3386112.23,425413.0,0.18267779073631546,292150,11.590320828341605,"ISTAT POSAS, January 1",173,173,12
2022,140,antibiotics,direct,542609.57,79788.0,-0.018501037664512134,292150,1.8572978606880026,"ISTAT POSAS, January 1",101,101,12
2022,140,antifungals,convenzionata,267527.07,14606.0,-0.023454257892564733,292150,0.9157181927092247,"ISTAT POSAS, January 1",29,29,12
2022,140,antifungals,direct,82030.48,1495.0,-0.145664007232079,292150,0.2807820640082149,"ISTAT POSAS, January 1",0,0,12
2022,150,antibiotics,convenzionata,81536352.55,10005416.0,0.10911728720041679,5624420,14.496846350379238,"ISTAT POSAS, January 1",233,233,12
2022,150,antibiotics,direct,16354794.44,1846040.0,0.21844953023848002,5624420,2.907818839987056,"ISTAT POSAS, January 1",65,65,12
2022,150,antifungals,convenzionata,6436225.91,309759.0,-0.029186268508063672,5624420,1.144335933305123,"ISTAT POSAS, January 1",54,54,12
2022,150,antifungals,direct,7405876.01,53910.0,-0.08700312782111402,5624420,1.3167359496623652,"ISTAT POSAS, January 1",0,0,12
2022,160,antibiotics,convenzionata,48476082.06,5781246.0,0.14895016116935558,3922941,12.357076504591836,"ISTAT POSAS, January 1",286,286,12
2022,160,antibiotics,direct,14242005.3,1122681.0,0.06315905736011435,3922941,3.63044086056864,"ISTAT POSAS, January 1",51,51,12
2022,160,antifungals,convenzionata,4181126.61,216215.0,-0.04392419209851671,3922941,1.065814298507166,"ISTAT POSAS, January 1",59,59,12
2022,160,antifungals,direct,4922228.21,38916.0,-0.1397163209591196,3922941,1.2547290948296188,"ISTAT POSAS, January 1",0,0,12
2022,170,antibiotics,convenzionata,6284299.88,770525.0,0.1967173328933096,541168,11.612475017000266,"ISTAT POSAS, January 1",213,213,12
2022,170,antibiotics,direct,2241520.3,281233.0,0.030364116532827418,541168,4.142004516157644,"ISTAT POSAS, January 1",91,91,12
2022,170,antifungals,convenzionata,510418.58,25805.0,-0.056239904211266206,541168,0.9431795302013423,"ISTAT POSAS, January 1",39,39,12
2022,170,antifungals,direct,359485.28,6267.0,-0.02388108228785902,541168,0.664276675634923,"ISTAT POSAS, January 1",0,0,12
2022,180,antibiotics,convenzionata,25172967.34,3132932.0,0.17953253968660582,1855454,13.567012353849785,"ISTAT POSAS, January 1",232,232,12
2022,180,antibiotics,direct,7681463.14,667362.0,0.36147532190821857,1855454,4.13993725524858,"ISTAT POSAS, January 1",63,63,12
2022,180,antifungals,convenzionata,3201197.87,140622.0,-0.0316200633056618,1855454,1.725290882986051,"ISTAT POSAS, January 1",50,50,12
2022,180,antifungals,direct,4162440.99,21558.0,0.1695834942440784,1855454,2.2433544512555956,"ISTAT POSAS, January 1",0,0,12
2022,190,antibiotics,convenzionata,52739630.32,6227892.0,0.17988438587988,4833329,10.91165743527908,"ISTAT POSAS, January 1",255,255,12
2022,190,antibiotics,direct,17955371.24,1577885.0,0.17894486353683467,4833329,3.714907725089684,"ISTAT POSAS, January 1",44,44,12
2022,190,antifungals,convenzionata,5990521.52,294532.0,-0.06151633173777108,4833329,1.2394193567208025,"ISTAT POSAS, January 1",56,56,12
2022,190,antifungals,direct,5143093.63,42619.0,0.12038995212848018,4833329,1.064089291252468,"ISTAT POSAS, January 1",0,0,12
2022,200,antibiotics,convenzionata,13258826.16,1493698.0,0.23477147302724868,1587413,8.352474220634454,"ISTAT POSAS, January 1",213,213,12
2022,200,antibiotics,direct,4452925.76,629618.0,0.15498849859462946,1587413,2.8051463355787054,"ISTAT POSAS, January 1",54,54,12
2022,200,antifungals,convenzionata,1653483.1,100826.0,-0.019948040026014576,1587413,1.0416212416050519,"ISTAT POSAS, January 1",51,51,12
2022,200,antifungals,direct,2487499.13,20219.0,-0.09436639560852268,1587413,1.567014463154831,"ISTAT POSAS, January 1",0,0,12
2023,000,antibiotics,convenzionata,577829467.15,69611852.0,0.06733150823447237,58997201,9.794184424952634,"ISTAT POSAS, January 1",5243,5243,12
2023,000,antibiotics,direct,239362630.25,20159646.0,0.023033134037668875,58997201,4.0571862087152235,"ISTAT POSAS, January 1",994,994,12
2023,000,antifungals,convenzionata,49187957.4,2651154.0,0.0034826975576201474,58997201,0.8337337461144978,"ISTAT POSAS, January 1",1031,1031,12
2023,000,antifungals,direct,95270340.75,679612.0,-0.024134481906530517,58997201,1.6148281466776704,"ISTAT POSAS, January 1",7,7,12
2023,010,antibiotics,convenzionata,31137347.11,3735947.0,0.05993287097888722,4251351,7.324106409938864,"ISTAT POSAS, January 1",294,294,12
2023,010,antibiotics,direct,17210953.73,1323438.0,-0.049465739297742596,4251351,4.048349272972286,"ISTAT POSAS, January 1",27,27,12
2023,010,antifungals,convenzionata,3048145.74,180451.0,-5.0536368012543804e-05,4251351,0.7169828461587858,"ISTAT POSAS, January 1",57,57,12
2023,010,antifungals,direct,5363598.58,68366.0,-0.24601405066318244,4251351,1.2616221478772278,"ISTAT POSAS, January 1",1,1,12
2023,020,antibiotics,convenzionata,818278.66,97435.0,0.11254794835532764,123130,6.645648176723788,"ISTAT POSAS, January 1",136,136,12
2023,020,antibiotics,direct,565647.76,45235.0,0.19184270252040383,123130,4.593906927637456,"ISTAT POSAS, January 1",76,76,12
2023,020,antifungals,convenzionata,69873.48,3442.0,0.04801694382162011,123130,0.5674773004141963,"ISTAT POSAS, January 1",27,27,12
2023,020,antifungals,direct,58455.7,1903.0,-0.29286162306606833,123130,0.4747478274993909,"ISTAT POSAS, January 1",4,4,12
2023,030,antibiotics,convenzionata,74017377.39,8836649.0,0.10163795462268153,9976509,7.41916610209042,"ISTAT POSAS, January 1",293,293,12
2023,030,antibiotics,direct,30419421.26,2047970.0,-0.03131457029598757,9976509,3.04910477803408,"ISTAT POSAS, January 1",10,10,12
2023,030,antifungals,convenzionata,5684060.76,318317.0,0.019177559074644652,9976509,0.5697444627173693,"ISTAT POSAS, January 1",56,56,12
2023,030,antifungals,direct,16970123.64,106276.0,0.04558402609250036,9976509,1.7010082023681832,"ISTAT POSAS, January 1",0,0,12
2023,041,antibiotics,convenzionata,2419126.14,275305.0,0.160426231159425,534147,4.528952030059141,"ISTAT POSAS, January 1",227,227,12
2023,041,antibiotics,direct,1463790.19,174768.0,0.04910926421506531,534147,2.7404257442239683,"ISTAT POSAS, January 1",29,29,12
2023,041,antifungals,convenzionata,148898.01,8917.0,0.08314835060634931,534147,0.2787584878320013,"ISTAT POSAS, January 1",38,38,12
2023,041,antifungals,direct,533970.71,4889.0,0.4958913398884609,534147,0.9996699597676294,"ISTAT POSAS, January 1",0,0,12
2023,042,antibiotics,convenzionata,3889334.68,462450.0,0.07836120336473533,542996,7.162731732830445,"ISTAT POSAS, January 1",206,206,12
2023,042,antibiotics,direct,1558018.82,160802.0,0.008890157562650287,542996,2.8693007314971015,"ISTAT POSAS, January 1",51,51,12
2023,042,antifungals,convenzionata,371457.38,22035.0,-0.03952275636831338,542996,0.6840886120708072,"ISTAT POSAS, January 1",35,35,12
2023,042,antifungals,direct,237423.81,3795.0,-0.33056138161883347,542996,0.4372478066136767,"ISTAT POSAS, January 1",0,0,12
2023,050,antibiotics,convenzionata,30425746.55,3587200.0,0.07437796040871383,4849553,6.273928040378155,"ISTAT POSAS, January 1",311,311,12
2023,050,antibiotics,direct,19022551.03,2132323.0,-0.16203774666997514,4849553,3.922536990522632,"ISTAT POSAS, January 1",12,12,12
2023,050,antifungals,convenzionata,2726785.32,161332.0,0.009829862268916155,4849553,0.562275599421225,"ISTAT POSAS, January 1",58,58,12
2023,050,antifungals,direct,10383413.88,71593.0,-0.09596963019232911,4849553,2.1411074134049057,"ISTAT POSAS, January 1",0,0,12
2023,060,antibiotics,convenzionata,7651223.46,946614.0,0.13614985174249158,1194248,6.406729138336426,"ISTAT POSAS, January 1",215,215,12
2023,060,antibiotics,direct,6662190.16,522428.0,0.14441993896695113,1194248,5.578565055164422,"ISTAT POSAS, January 1",61,61,12
2023,060,antifungals,convenzionata,791609.21,50421.0,0.009372647898053733,1194248,0.6628516103857824,"ISTAT POSAS, January 1",38,38,12
2023,060,antifungals,direct,2548412.35,12066.0,0.2764304252196186,1194248,2.1339054785940608,"ISTAT POSAS, January 1",1,1,12
2023,070,antibiotics,convenzionata,12323734.01,1433817.0,0.0826296327491857,1507636,8.174210492453085,"ISTAT POSAS, January 1",267,267,12
2023,070,antibiotics,direct,11094763.59,622889.0,0.22457024733997338,1507636,7.359046606740619,"ISTAT POSAS, January 1",29,29,12
2023,070,antifungals,convenzionata,1181758.82,66590.0,0.017977806121774357,1507636,0.7838488998670767,"ISTAT POSAS, January 1",51,51,12
2023,070,antifungals,direct,4599593.06,35772.0,0.14917955661349835,1507636,3.050864439427023,"ISTAT POSAS, January 1",0,0,12
2023,080,antibiotics,convenzionata,31602852.55,4001638.0,0.09041837895679368,4437578,7.12164440827857,"ISTAT POSAS, January 1",297,297,12
2023,080,antibiotics,direct,18735746.16,2620819.0,-0.08256516246339445,4437578,4.222065766505963,"ISTAT POSAS, January 1",18,18,12
2023,080,antifungals,convenzionata,2606393.61,159351.0,0.009968045577384267,4437578,0.5873459824255484,"ISTAT POSAS, January 1",58,58,12
2023,080,antifungals,direct,8116227.91,60726.0,-0.18881980432718282,4437578,1.8289769577008,"ISTAT POSAS, January 1",0,0,12
2023,090,antibiotics,convenzionata,29967458.9,3834511.0,0.06255831274300455,3661981,8.183400978869088,"ISTAT POSAS, January 1",304,304,12
2023,090,antibiotics,direct,17022852.29,1113051.0,0.0952747642191825,3661981,4.648536486125952,"ISTAT POSAS, January 1",34,34,12
2023,090,antifungals,convenzionata,2309196.87,132412.0,-0.020488214328294237,3661981,0.6305867971461349,"ISTAT POSAS, January 1",57,57,12
2023,090,antifungals,direct,5866981.36,32496.0,0.06301913439071587,3661981,1.6021332060433957,"ISTAT POSAS, January 1",0,0,12
2023,100,antibiotics,convenzionata,9246045.16,1188158.0,0.08779470792412385,856407,10.796321328527208,"ISTAT POSAS, January 1",251,251,12
2023,100,antibiotics,direct,6593968.3,755870.0,-0.0012363795796455444,856407,7.699573100173165,"ISTAT POSAS, January 1",37,37,12
2023,100,antifungals,convenzionata,628969.23,36689.0,0.002279285033633533,856407,0.7344279413876813,"ISTAT POSAS, January 1",52,52,12
2023,100,antifungals,direct,2279980.49,15604.0,0.1886775626858908,856407,2.662262790939355,"ISTAT POSAS, January 1",0,0,12
2023,110,antibiotics,convenzionata,17770146.78,2161219.0,0.11575578359053164,1484298,11.972088340750982,"ISTAT POSAS, January 1",289,289,12
2023,110,antibiotics,direct,7156221.71,664023.0,-0.010748592698689862,1484298,4.82128367079926,"ISTAT POSAS, January 1",25,25,12
2023,110,antifungals,convenzionata,1409693.46,80227.0,0.05223208930439747,1484298,0.9497374920669569,"ISTAT POSAS, January 1",59,59,12
2023,110,antifungals,direct,2189478.78,18474.0,-0.06635737687162087,1484298,1.4750938019184825,"ISTAT POSAS, January 1",0,0,12
2023,120,antibiotics,convenzionata,68643241.01,7959660.0,0.08424277570981133,5720536,11.999442186885984,"ISTAT POSAS, January 1",252,252,12
2023,120,antibiotics,direct,24328775.78,1468519.0,0.09570187820624672,5720536,4.252883957027803,"ISTAT POSAS, January 1",51,51,12
2023,120,antifungals,convenzionata,4964312.48,264194.0,0.0407246264571497,5720536,0.8678054783677615,"ISTAT POSAS, January 1",55,55,12
2023,120,antifungals,direct,8994573.49,58152.0,0.0007061214858920709,5720536,1.5723305455992236,"ISTAT POSAS, January 1",0,0,12
2023,130,antibiotics,convenzionata,17640973.54,2104347.0,0.09078132353044463,1272627,13.861857040593984,"ISTAT POSAS, January 1",271,271,12
2023,130,antibiotics,direct,9134386.85,530044.0,0.14282797139694547,1272627,7.177583730346755,"ISTAT POSAS, January 1",36,36,12
2023,130,antifungals,convenzionata,1301554.86,71763.0,0.04998802870487382,1272627,1.0227308237213262,"ISTAT POSAS, January 1",57,57,12
2023,130,antifungals,direct,2864913.27,15203.0,0.07505728587084035,1272627,2.2511806444464875,"ISTAT POSAS, January 1",0,0,12
2023,140,antibiotics,convenzionata,3936826.78,494358.0,0.16263918990068443,290636,13.54555794877441,"ISTAT POSAS, January 1",189,189,12
2023,140,antibiotics,direct,667645.18,56654.0,0.230433845831359,290636,2.2971867903494405,"ISTAT POSAS, January 1",100,100,12
2023,140,antifungals,convenzionata,279145.91,15253.0,0.04343052088149435,290636,0.9604657028035067,"ISTAT POSAS, January 1",22,22,12
2023,140,antifungals,direct,53794.86,1342.0,-0.34420888430739405,290636,0.18509358785559946,"ISTAT POSAS, January 1",1,1,12
2023,150,antibiotics,convenzionata,82062913.81,10108031.0,0.0064579938092901605,5609536,14.629180347536767,"ISTAT POSAS, January 1",245,245,12
2023,150,antibiotics,direct,17309675.55,1404650.0,0.058385393561693706,5609536,3.0857588845137993,"ISTAT POSAS, January 1",77,77,12
2023,150,antifungals,convenzionata,6361936.83,305269.0,-0.011542335685355084,5609536,1.1341288887351824,"ISTAT POSAS, January 1",56,56,12
2023,150,antifungals,direct,7441942.48,51705.0,0.004869980263145129,5609536,1.3266591889240038,"ISTAT POSAS, January 1",0,0,12
2023,160,antibiotics,convenzionata,51629188.61,6206449.0,0.06504458314302969,3907683,13.212225405694372,"ISTAT POSAS, January 1",263,263,12
2023,160,antibiotics,direct,12939476.7,1164004.0,-0.09145682595694582,3907683,3.3112912946111543,"ISTAT POSAS, January 1",47,47,12
2023,160,antifungals,convenzionata,4422110.02,225528.0,0.057635999212183625,3907683,1.1316450234064532,"ISTAT POSAS, January 1",58,58,12
2023,160,antifungals,direct,3528167.59,32427.0,-0.28321738865496443,3907683,0.9028796834338916,"ISTAT POSAS, January 1",0,0,12
2023,170,antibiotics,convenzionata,6974215.34,852448.0,0.109783981218923,537577,12.97342583481064,"ISTAT POSAS, January 1",207,207,12
2023,170,antibiotics,direct,2494442.06,283047.0,0.11283491833645228,537577,4.640157707640022,"ISTAT POSAS, January 1",84,84,12
2023,170,antifungals,convenzionata,529830.39,26529.0,0.03803115866197504,537577,0.9855897666752856,"ISTAT POSAS, January 1",43,43,12
2023,170,antifungals,direct,406457.41,5452.0,0.13066496074609787,537577,0.7560915180522976,"ISTAT POSAS, January 1",0,0,12
2023,180,antibiotics,convenzionata,26655378.01,3317760.0,0.05888899190857171,1846610,14.434763166017731,"ISTAT POSAS, January 1",234,234,12
2023,180,antibiotics,direct,8462529.87,683600.0,0.10168202538559601,1846610,4.5827380280622325,"ISTAT POSAS, January 1",76,76,12
2023,180,antifungals,convenzionata,3028809.16,138792.0,-0.053851313477226576,1846610,1.6401996956585312,"ISTAT POSAS, January 1",52,52,12
2023,180,antifungals,direct,4590471.76,22101.0,0.10283167281609919,1846610,2.4858913143544115,"ISTAT POSAS, January 1",0,0,12
2023,190,antibiotics,convenzionata,54534918.17,6393804.0,0.0340405846439767,4814016,11.328362467012989,"ISTAT POSAS, January 1",273,273,12
2023,190,antibiotics,direct,21823840.49,1757789.0,0.21544913765870985,4814016,4.533395919332216,"ISTAT POSAS, January 1",62,62,12
2023,190,antifungals,convenzionata,5664451.64,282885.0,-0.054430967138901123,4814016,1.1766582495778992,"ISTAT POSAS, January 1",53,53,12
2023,190,antifungals,direct,5177662.16,44690.0,0.006721349539187759,4814016,1.0755390426620934,"ISTAT POSAS, January 1",0,0,12
2023,200,antibiotics,convenzionata,14483140.49,1614052.0,0.09233957178604414,1578146,9.177313436145958,"ISTAT POSAS, January 1",219,219,12
2023,200,antibiotics,direct,4695732.77,627723.0,0.05452752259673874,1578146,2.9754742400259544,"ISTAT POSAS, January 1",52,52,12
2023,200,antifungals,convenzionata,1658964.22,100757.0,0.003314893269849568,1578146,1.0512108638871183,"ISTAT POSAS, January 1",49,49,12
2023,200,antifungals,direct,3064697.46,16580.0,0.2320396108038036,1578146,1.941960667770916,"ISTAT POSAS, January 1",0,0,12
2024,000,antibiotics,convenzionata,561870160.69,68161110.0,-0.027619405667757488,58971230,9.527869109903254,"ISTAT POSAS, January 1",5271,5271,12
2024,000,antibiotics,direct,250289250.05,19134206.0,0.04564881238390386,58971230,4.244260295232099,"ISTAT POSAS, January 1",1008,1008,12
2024,000,antifungals,convenzionata,51795885.67,2709806.0,0.053019649683603245,58971230,0.8783246622124042,"ISTAT POSAS, January 1",1047,1047,12
2024,000,antifungals,direct,95024283.19,714149.0,-0.0025827299247903656,58971230,1.6113668171750868,"ISTAT POSAS, January 1",4,4,12
2024,010,antibiotics,convenzionata,30324512.87,3661570.0,-0.02610480067966201,4251623,7.1324557398433495,"ISTAT POSAS, January 1",300,300,12
2024,010,antibiotics,direct,17327337.88,1229355.0,0.006762213868318848,4251623,4.07546432973949,"ISTAT POSAS, January 1",21,21,12
2024,010,antifungals,convenzionata,3267756.85,188269.0,0.07204744416190546,4251623,0.768590453575023,"ISTAT POSAS, January 1",57,57,12
2024,010,antifungals,direct,6686353.56,62756.0,0.24661707252521498,4251623,1.5726590904226456,"ISTAT POSAS, January 1",0,0,12
2024,020,antibiotics,convenzionata,809037.15,95482.0,-0.01129384212463759,122877,6.584121926804854,"ISTAT POSAS, January 1",149,149,12
2024,020,antibiotics,direct,434600.03,30810.0,-0.23167727208890565,122877,3.536870447683456,"ISTAT POSAS, January 1",64,64,12
2024,020,antifungals,convenzionata,70305.22,3508.0,0.006178882173894874,122877,0.57215931378533,"ISTAT POSAS, January 1",21,21,12
2024,020,antifungals,direct,111464.75,1721.0,0.9068243131123227,122877,0.9071246042790758,"ISTAT POSAS, January 1",2,2,12
2024,030,antibiotics,convenzionata,74977312.28,8907831.0,0.01296904759191982,10012054,7.488704343784003,"ISTAT POSAS, January 1",298,298,12
2024,030,antibiotics,direct,31532517.57,1958810.0,0.03659163336758367,10012054,3.1494554034566735,"ISTAT POSAS, January 1",24,24,12
2024,030,antifungals,convenzionata,6040335.89,331968.0,0.06267968360000431,10012054,0.6033063635094257,"ISTAT POSAS, January 1",57,57,12
2024,030,antifungals,direct,15335290.04,114128.0,-0.09633598638884165,10012054,1.5316827136569577,"ISTAT POSAS, January 1",0,0,12
2024,041,antibiotics,convenzionata,2706390.58,306741.0,0.11874719356304421,537533,5.034836149594537,"ISTAT POSAS, January 1",224,224,12
2024,041,antibiotics,direct,1780989.23,165431.0,0.21669706640129893,537533,3.3132649158284235,"ISTAT POSAS, January 1",31,31,12
2024,041,antifungals,convenzionata,173979.88,9864.0,0.1684500014472994,537533,0.3236636262331801,"ISTAT POSAS, January 1",44,44,12
2024,041,antifungals,direct,598618.52,7219.0,0.12106995531646296,537533,1.1136405020715008,"ISTAT POSAS, January 1",0,0,12
2024,042,antibiotics,convenzionata,3904810.63,465720.0,0.003979073870804042,545169,7.162569093253651,"ISTAT POSAS, January 1",210,210,12
2024,042,antibiotics,direct,1386944.92,178547.0,-0.10980220380136357,545169,2.5440641709268133,"ISTAT POSAS, January 1",35,35,12
2024,042,antifungals,convenzionata,395187.19,23354.0,0.06388299513661568,545169,0.7248893278964872,"ISTAT POSAS, January 1",34,34,12
2024,042,antifungals,direct,226880.04,3693.0,-0.04440906748147964,545169,0.4161646021692356,"ISTAT POSAS, January 1",0,0,12
2024,050,antibiotics,convenzionata,30423960.66,3631895.0,-5.8696669843915465e-05,4852216,6.270116717804814,"ISTAT POSAS, January 1",291,291,12
2024,050,antibiotics,direct,16512258.18,1813872.0,-0.1319640486726033,4852216,3.4030344444682594,"ISTAT POSAS, January 1",15,15,12
2024,050,antifungals,convenzionata,2931016.11,169943.0,0.07489800847248217,4852216,0.6040572204535,"ISTAT POSAS, January 1",58,58,12
2024,050,antifungals,direct,9921769.03,73941.0,-0.04445983328172988,4852216,2.0447912932977426,"ISTAT POSAS, January 1",0,0,12
2024,060,antibiotics,convenzionata,7541493.6,944138.0,-0.01434147892473134,1194616,6.312901886463934,"ISTAT POSAS, January 1",240,240,12
2024,060,antibiotics,direct,7255588.56,634020.0,0.08906956807729427,1194616,6.073573901571718,"ISTAT POSAS, January 1",68,68,12
2024,060,antifungals,convenzionata,815249.75,49985.0,0.02986390216455415,1194616,0.682436657469848,"ISTAT POSAS, January 1",49,49,12
2024,060,antifungals,direct,2484766.93,13448.0,-0.024974537578269073,1194616,2.0799712459903437,"ISTAT POSAS, January 1",0,0,12
2024,070,antibiotics,convenzionata,12578073.07,1476397.0,0.02063814910266795,1509140,8.334596571557311,"ISTAT POSAS, January 1",282,282,12
2024,070,antibiotics,direct,10434462.62,624831.0,-0.05951464982950574,1509140,6.914178021919768,"ISTAT POSAS, January 1",19,19,12
2024,070,antifungals,convenzionata,1260628.39,69888.0,0.0667391422557777,1509140,0.8353289886955484,"ISTAT POSAS, January 1",52,52,12
2024,070,antifungals,direct,3977544.75,31698.0,-0.1352398575016547,1509140,2.6356366871198165,"ISTAT POSAS, January 1",0,0,12
2024,080,antibiotics,convenzionata,31157644.21,3969834.0,-0.014087599823326708,4451938,6.998669839966325,"ISTAT POSAS, January 1",312,312,12
2024,080,antibiotics,direct,19591785.54,2762007.0,0.04569016748463462,4451938,4.400731892492662,"ISTAT POSAS, January 1",19,19,12
2024,080,antifungals,convenzionata,2726053.21,163042.0,0.04591002661336328,4451938,0.6123295540054691,"ISTAT POSAS, January 1",57,57,12
2024,080,antifungals,direct,9762733.64,72882.0,0.20286588157182492,4451938,2.192917700111727,"ISTAT POSAS, January 1",0,0,12
2024,090,antibiotics,convenzionata,29282607.02,3804978.0,-0.022853184925866372,3660530,7.999553895200968,"ISTAT POSAS, January 1",303,303,12
2024,090,antibiotics,direct,17912899.71,1354099.0,0.05228544575475488,3660530,4.89352626805408,"ISTAT POSAS, January 1",31,31,12
2024,090,antifungals,convenzionata,2413374.54,136328.0,0.04511424355083246,3660530,0.659296478925183,"ISTAT POSAS, January 1",59,59,12
2024,090,antifungals,direct,6496344.76,34367.0,0.10727209809986511,3660530,1.7747005925371462,"ISTAT POSAS, January 1",0,0,12
2024,100,antibiotics,convenzionata,9553523.95,1244436.0,0.033255168526561685,853068,11.199018073588505,"ISTAT POSAS, January 1",247,247,12
2024,100,antibiotics,direct,7090334.26,594312.0,0.07527575769510447,853068,8.311569839684527,"ISTAT POSAS, January 1",46,46,12
2024,100,antifungals,convenzionata,648579.25,37204.0,0.031178027580140922,853068,0.7602902113313358,"ISTAT POSAS, January 1",53,53,12
2024,100,antifungals,direct,2414732.67,17175.0,0.059102339073085666,853068,2.830645001336353,"ISTAT POSAS, January 1",0,0,12
2024,110,antibiotics,convenzionata,17801250.61,2160784.0,0.001750341760542284,1482746,12.005596784614491,"ISTAT POSAS, January 1",299,299,12
2024,110,antibiotics,direct,7720527.39,619384.0,0.07885525391303172,1482746,5.2069116288292125,"ISTAT POSAS, January 1",29,29,12
2024,110,antifungals,convenzionata,1460814.95,82319.0,0.03626425989094111,1482746,0.9852091659663894,"ISTAT POSAS, January 1",58,58,12
2024,110,antifungals,direct,2449748.74,20694.0,0.11887302237293207,1482746,1.6521701896346375,"ISTAT POSAS, January 1",0,0,12
2024,120,antibiotics,convenzionata,68756769.7,8012538.0,0.0016538946636197008,5714745,12.031467668286162,"ISTAT POSAS, January 1",251,251,12
2024,120,antibiotics,direct,25550014.03,1204558.0,0.05019727507226013,5714745,4.470893107216508,"ISTAT POSAS, January 1",51,51,12
2024,120,antifungals,convenzionata,5286199.62,270152.0,0.06484022536792446,5714745,0.9250105857741684,"ISTAT POSAS, January 1",55,55,12
2024,120,antifungals,direct,8541498.13,58278.0,-0.05037207828739415,5714745,1.494642040895963,"ISTAT POSAS, January 1",0,0,12
2024,130,antibiotics,convenzionata,16822991.12,2035384.0,-0.04636832645008321,1269571,13.250925800920154,"ISTAT POSAS, January 1",277,277,12
2024,130,antibiotics,direct,8156996.56,665441.0,-0.10700119297005688,1269571,6.425002272421156,"ISTAT POSAS, January 1",48,48,12
2024,130,antifungals,convenzionata,1294352.78,69875.0,-0.0055334432849031044,1269571,1.0195198062967727,"ISTAT POSAS, January 1",59,59,12
2024,130,antifungals,direct,2889542.07,14576.0,0.008596700032039713,1269571,2.2759987980191734,"ISTAT POSAS, January 1",1,1,12
2024,140,antibiotics,convenzionata,3887809.21,491921.0,-0.012451035501236862,289224,13.442208150084364,"ISTAT POSAS, January 1",185,185,12
2024,140,antibiotics,direct,820620.1,55200.0,0.22912607561998724,289224,2.837316751030343,"ISTAT POSAS, January 1",121,121,12
2024,140,antifungals,convenzionata,303436.43,15577.0,0.08701728784061354,289224,1.049139870826764,"ISTAT POSAS, January 1",26,26,12
2024,140,antifungals,direct,179879.66,1681.0,2.3438075682323554,289224,0.6219389124000775,"ISTAT POSAS, January 1",1,1,12
2024,150,antibiotics,convenzionata,77198981.35,9606055.0,-0.059270774509194823,5593906,13.800550339959234,"ISTAT POSAS, January 1",235,235,12
2024,150,antibiotics,direct,20587342.72,1098947.0,0.1893546277359312,5593906,3.6803161726350067,"ISTAT POSAS, January 1",66,66,12
2024,150,antifungals,convenzionata,6985251.32,313294.0,0.09797558615494772,5593906,1.2487251877310774,"ISTAT POSAS, January 1",49,49,12
2024,150,antifungals,direct,7567535.84,59601.0,0.0168764217591749,5593906,1.352817841415283,"ISTAT POSAS, January 1",0,0,12
2024,160,antibiotics,convenzionata,48187644.82,5858469.0,-0.0666588781008542,3890661,12.385464788631031,"ISTAT POSAS, January 1",260,260,12
2024,160,antibiotics,direct,14416852.52,963054.0,0.11417585534969896,3890661,3.705502103627121,"ISTAT POSAS, January 1",62,62,12
2024,160,antifungals,convenzionata,4633032.55,229009.0,0.047697259689617584,3890661,1.1908085926787246,"ISTAT POSAS, January 1",59,59,12
2024,160,antifungals,direct,4748992.18,38407.0,0.34602227894735577,3890661,1.2206132017155953,"ISTAT POSAS, January 1",0,0,12
2024,170,antibiotics,convenzionata,6417803.73,789534.0,-0.07978124891107821,533233,12.035646199691318,"ISTAT POSAS, January 1",193,193,12
2024,170,antibiotics,direct,2940888.3,325956.0,0.1789763920193039,533233,5.515203110085085,"ISTAT POSAS, January 1",93,93,12
2024,170,antifungals,convenzionata,542324.0,26662.0,0.023580395227989846,533233,1.0170488323115787,"ISTAT POSAS, January 1",40,40,12
2024,170,antifungals,direct,498427.44,6284.0,0.2262722433821541,533233,0.9347272955724796,"ISTAT POSAS, January 1",0,0,12
2024,180,antibiotics,convenzionata,24789811.33,3117041.0,-0.0699883783039999,1838568,13.483217009107086,"ISTAT POSAS, January 1",237,237,12
2024,180,antibiotics,direct,8876252.33,576822.0,0.048888744424603135,1838568,4.827807472989849,"ISTAT POSAS, January 1",62,62,12
2024,180,antifungals,convenzionata,2954712.64,138659.0,-0.024463911750715914,1838568,1.607072808838183,"ISTAT POSAS, January 1",56,56,12
2024,180,antifungals,direct,2431000.69,17725.0,-0.47042464977499393,1838568,1.322225063201361,"ISTAT POSAS, January 1",0,0,12
2024,190,antibiotics,convenzionata,51066789.93,6045091.0,-0.06359463544419214,4797359,10.644771410686587,"ISTAT POSAS, January 1",261,261,12
2024,190,antibiotics,direct,25199150.23,1644348.0,0.1546615840390978,4797359,5.252713051076644,"ISTAT POSAS, January 1",58,58,12
2024,190,antifungals,convenzionata,5910872.87,282482.0,0.043503104212219916,4797359,1.2321097649769384,"ISTAT POSAS, January 1",54,54,12
2024,190,antifungals,direct,5131690.89,46775.0,-0.00887876971872572,4797359,1.0696908215541092,"ISTAT POSAS, January 1",0,0,12
2024,200,antibiotics,convenzionata,13680942.87,1535271.0,-0.05538837523214552,1570453,8.711462788125464,"ISTAT POSAS, January 1",217,217,12
2024,200,antibiotics,direct,4760887.37,634402.0,0.013875278511643243,1570453,3.0315376327722,"ISTAT POSAS, January 1",45,45,12
2024,200,antifungals,convenzionata,1682422.23,98424.0,0.014140154270476069,1570453,1.0712974090915168,"ISTAT POSAS, January 1",50,50,12
2024,200,antifungals,direct,2569468.86,17100.0,-0.16159135003166022,1570453,1.6361322879449431,"ISTAT POSAS, January 1",0,0,12
2025,000,antibiotics,convenzionata,511440533.2,62501879.0,-0.08975316900272888,58943464,8.67679804498765,"ISTAT POSAS, January 1",5389,5389,12
2025,000,antibiotics,direct,253431274.59,15575253.0,0.012553573672749913,58943464,4.299565335861496,"ISTAT POSAS, January 1",979,979,12
2025,000,antifungals,convenzionata,43858744.8,2458886.0,-0.15323882905620753,58943464,0.7440815626309305,"ISTAT POSAS, January 1",966,966,12
2025,000,antifungals,direct,88935961.27,655176.0,-0.06407122175103881,58943464,1.5088349960226293,"ISTAT POSAS, January 1",1,1,12
2025,010,antibiotics,convenzionata,26884118.51,3303144.0,-0.11345258453940665,4251868,6.322895844838081,"ISTAT POSAS, January 1",309,309,12
2025,010,antibiotics,direct,15737686.21,969849.0,-0.09174240619125043,4251868,3.7013581348245057,"ISTAT POSAS, January 1",27,27,12
2025,010,antifungals,convenzionata,2796295.16,170171.0,-0.1442768576860301,4251868,0.6576627402355859,"ISTAT POSAS, January 1",53,53,12
2025,010,antifungals,direct,5743858.05,55754.0,-0.1409580725192761,4251868,1.350902250493195,"ISTAT POSAS, January 1",0,0,12
2025,020,antibiotics,convenzionata,743063.74,87659.0,-0.08154558786330146,122532,6.064242320373453,"ISTAT POSAS, January 1",175,175,12
2025,020,antibiotics,direct,451730.17,25357.0,0.03941587394736259,122532,3.6866301864002873,"ISTAT POSAS, January 1",79,79,12
2025,020,antifungals,convenzionata,61519.59,3268.0,-0.12496412072958452,122532,0.5020695818235236,"ISTAT POSAS, January 1",25,25,12
2025,020,antifungals,direct,73124.51,1366.0,-0.3439673977647642,122532,0.596778882251167,"ISTAT POSAS, January 1",1,1,12
2025,030,antibiotics,convenzionata,66555711.24,7936677.0,-0.11232199159860308,10033918,6.6330730667721225,"ISTAT POSAS, January 1",323,323,12
2025,030,antibiotics,direct,32438392.93,1831484.0,0.028728291611636134,10033918,3.232874030862122,"ISTAT POSAS, January 1",31,31,12
2025,030,antifungals,convenzionata,5395777.85,313263.0,-0.10670897309983866,10033918,0.5377538315541347,"ISTAT POSAS, January 1",54,54,12
2025,030,antifungals,direct,15094039.46,106568.0,-0.01573172593219502,10033918,1.5043016556443856,"ISTAT POSAS, January 1",0,0,12
2025,041,antibiotics,convenzionata,2230028.04,255648.0,-0.17601396617335255,539679,4.132137881963167,"ISTAT POSAS, January 1",223,223,12
2025,041,antibiotics,direct,1393306.3,108918.0,-0.21767842470333187,539679,2.581731547827505,"ISTAT POSAS, January 1",36,36,12
2025,041,antifungals,convenzionata,152646.23,9040.0,-0.12262136288403004,539679,0.28284634013923093,"ISTAT POSAS, January 1",36,36,12
2025,041,antifungals,direct,460604.0,5122.0,-0.23055504530665039,539679,0.8534777154567808,"ISTAT POSAS, January 1",0,0,12
2025,042,antibiotics,convenzionata,3220896.83,391616.0,-0.17514647054727978,546573,5.8928941422280285,"ISTAT POSAS, January 1",210,210,12
2025,042,antibiotics,direct,1214105.16,147796.0,-0.12461905120211983,546573,2.2213046747643954,"ISTAT POSAS, January 1",30,30,12
2025,042,antifungals,convenzionata,366051.81,22839.0,-0.07372551726689319,546573,0.6697217206118853,"ISTAT POSAS, January 1",29,29,12
2025,042,antifungals,direct,221013.58,3199.0,-0.025857100518846876,546573,0.4043624181948248,"ISTAT POSAS, January 1",0,0,12
2025,050,antibiotics,convenzionata,26311103.74,3203462.0,-0.13518479615336185,4853472,5.421089014214978,"ISTAT POSAS, January 1",320,320,12
2025,050,antibiotics,direct,16084306.59,1238610.0,-0.025917205589623356,4853472,3.313979474899618,"ISTAT POSAS, January 1",15,15,12
2025,050,antifungals,convenzionata,2539713.17,157210.0,-0.13350419285139992,4853472,0.5232775979752227,"ISTAT POSAS, January 1",49,49,12
2025,050,antifungals,direct,8537107.46,66013.0,-0.1395579322410411,4853472,1.7589691379696846,"ISTAT POSAS, January 1",0,0,12
2025,060,antibiotics,convenzionata,6783450.75,852888.0,-0.10051627571493264,1193284,5.684690945323997,"ISTAT POSAS, January 1",236,236,12
2025,060,antibiotics,direct,6859483.31,381281.0,-0.05459312455831977,1193284,5.748408015191689,"ISTAT POSAS, January 1",61,61,12
2025,060,antifungals,convenzionata,677178.87,44160.0,-0.16936022366152212,1193284,0.5674917873699806,"ISTAT POSAS, January 1",48,48,12
2025,060,antifungals,direct,1895541.59,10709.0,-0.23713505395051276,1193284,1.588508343361681,"ISTAT POSAS, January 1",0,0,12
2025,070,antibiotics,convenzionata,11058553.18,1313350.0,-0.12080704902440195,1510143,7.322851663716615,"ISTAT POSAS, January 1",263,263,12
2025,070,antibiotics,direct,10361228.47,498531.0,-0.007018487934359959,1510143,6.861090949665032,"ISTAT POSAS, January 1",16,16,12
2025,070,antifungals,convenzionata,1134198.11,65433.0,-0.10029147447647122,1510143,0.7510534499050753,"ISTAT POSAS, January 1",53,53,12
2025,070,antifungals,direct,2850145.43,26621.0,-0.28344101471139954,1510143,1.887334795446524,"ISTAT POSAS, January 1",0,0,12
2025,080,antibiotics,convenzionata,27466798.33,3500670.0,-0.1184571546912853,4461998,6.155717310944558,"ISTAT POSAS, January 1",292,292,12
2025,080,antibiotics,direct,20583865.57,2171700.0,0.050637550517001015,4461998,4.613149887113352,"ISTAT POSAS, January 1",23,23,12
2025,080,antifungals,convenzionata,2362858.33,147612.0,-0.1332310310993526,4461998,0.5295516335955328,"ISTAT POSAS, January 1",54,54,12
2025,080,antifungals,direct,7869407.69,62765.0,-0.1939339963391647,4461998,1.7636511020399384,"ISTAT POSAS, January 1",0,0,12
2025,090,antibiotics,convenzionata,25535055.83,3361545.0,-0.12797874135456672,3657716,6.981147751766402,"ISTAT POSAS, January 1",298,298,12
2025,090,antibiotics,direct,17692138.46,862208.0,-0.012324149276443418,3657716,4.836936071581282,"ISTAT POSAS, January 1",30,30,12
2025,090,antifungals,convenzionata,2105200.1,124368.0,-0.1276944108310681,3657716,0.5755504527962259,"ISTAT POSAS, January 1",54,54,12
2025,090,antifungals,direct,6012652.39,39011.0,-0.07445608074532055,3657716,1.6438270193749323,"ISTAT POSAS, January 1",0,0,12
2025,100,antibiotics,convenzionata,8387490.24,1094758.0,-0.12205273322206933,851473,9.850565126551283,"ISTAT POSAS, January 1",253,253,12
2025,100,antibiotics,direct,6375598.18,318727.0,-0.10080428563603432,851473,7.487727949095273,"ISTAT POSAS, January 1",40,40,12
2025,100,antifungals,convenzionata,568688.74,34135.0,-0.12317771498240192,851473,0.6678881655671994,"ISTAT POSAS, January 1",45,45,12
2025,100,antifungals,direct,2151310.85,13606.0,-0.10908943390408513,851473,2.52657553439745,"ISTAT POSAS, January 1",0,0,12
2025,110,antibiotics,convenzionata,16100294.4,1964700.0,-0.09555262420969872,1480545,10.874572809337103,"ISTAT POSAS, January 1",300,300,12
2025,110,antibiotics,direct,7882560.62,439852.0,0.020987326618369783,1480545,5.324093911363721,"ISTAT POSAS, January 1",26,26,12
2025,110,antifungals,convenzionata,1282976.62,75567.0,-0.1217391223987679,1480545,0.8665569908378334,"ISTAT POSAS, January 1",50,50,12
2025,110,antifungals,direct,2052904.3,18280.0,-0.1619939357535908,1480545,1.3865868987433683,"ISTAT POSAS, January 1",0,0,12
2025,120,antibiotics,convenzionata,62243627.28,7327620.0,-0.09472728937700516,5709178,10.902379866243441,"ISTAT POSAS, January 1",249,249,12
2025,120,antibiotics,direct,26658232.11,1167056.0,0.04337446072236071,5709178,4.669364330556868,"ISTAT POSAS, January 1",46,46,12
2025,120,antifungals,convenzionata,4405220.59,245692.0,-0.16665640598718062,5709178,0.7716033008604741,"ISTAT POSAS, January 1",51,51,12
2025,120,antifungals,direct,8416001.76,47948.0,-0.014692547851672948,5709178,1.474117948328113,"ISTAT POSAS, January 1",0,0,12
2025,130,antibiotics,convenzionata,15179851.75,1858697.0,-0.09767224854839013,1269118,11.960945908891057,"ISTAT POSAS, January 1",284,284,12
2025,130,antibiotics,direct,7449539.1,749847.0,-0.08673014078113084,1269118,5.869855364119018,"ISTAT POSAS, January 1",51,51,12
2025,130,antifungals,convenzionata,1136701.39,62727.0,-0.1217993984607504,1269118,0.8956624915886465,"ISTAT POSAS, January 1",52,52,12
2025,130,antifungals,direct,2436842.84,14459.0,-0.15666815676436924,1269118,1.9201073816619099,"ISTAT POSAS, January 1",0,0,12
2025,140,antibiotics,convenzionata,3767590.52,479881.0,-0.030921962345986622,287814,13.090365722306768,"ISTAT POSAS, January 1",200,200,12
2025,140,antibiotics,direct,643237.25,35693.0,-0.21615708657392135,287814,2.2349060504353506,"ISTAT POSAS, January 1",100,100,12
2025,140,antifungals,convenzionata,255265.12,14680.0,-0.1587525598030533,287814,0.8869100182756919,"ISTAT POSAS, January 1",21,21,12
2025,140,antifungals,direct,202668.7,1249.0,0.12669047740027972,287814,0.7041655374651685,"ISTAT POSAS, January 1",0,0,12
2025,150,antibiotics,convenzionata,70842054.54,8851294.0,-0.08234469806252177,5582337,12.690393743695518,"ISTAT POSAS, January 1",250,250,12
2025,150,antibiotics,direct,22069657.29,1046487.0,0.07200125777087175,5582337,3.95347992964237,"ISTAT POSAS, January 1",68,68,12
2025,150,antifungals,convenzionata,5426897.67,273080.0,-0.2230919946342031,5582337,0.9721551511490617,"ISTAT POSAS, January 1",54,54,12
2025,150,antifungals,direct,7892218.31,57736.0,0.0429046491308061,5582337,1.4137839241880237,"ISTAT POSAS, January 1",0,0,12
2025,160,antibiotics,convenzionata,46255924.76,5642247.0,-0.04008745534702395,3877395,11.929639554391544,"ISTAT POSAS, January 1",252,252,12
2025,160,antibiotics,direct,17729126.46,818967.0,0.22975014382681636,3877395,4.57243238308194,"ISTAT POSAS, January 1",58,58,12
2025,160,antifungals,convenzionata,3767766.59,201968.0,-0.18676017288071933,3877395,0.9717262724071186,"ISTAT POSAS, January 1",47,47,12
2025,160,antifungals,direct,4176194.5,35907.0,-0.1206145763752342,3877395,1.0770619191493258,"ISTAT POSAS, January 1",0,0,12
2025,170,antibiotics,convenzionata,5836231.27,725975.0,-0.09061861104935971,530004,11.011674006233914,"ISTAT POSAS, January 1",213,213,12
2025,170,antibiotics,direct,3082148.75,225920.0,0.04803325920267016,530004,5.815331110708598,"ISTAT POSAS, January 1",71,71,12
2025,170,antifungals,convenzionata,428894.26,22264.0,-0.20915493321335585,530004,0.8092283454464495,"ISTAT POSAS, January 1",43,43,12
2025,170,antifungals,direct,746487.49,5568.0,0.4976853802431102,530004,1.4084563324050385,"ISTAT POSAS, January 1",0,0,12
2025,180,antibiotics,convenzionata,22950428.05,2910095.0,-0.07419916414507056,1834646,12.509458527694171,"ISTAT POSAS, January 1",242,242,12
2025,180,antibiotics,direct,8239686.46,473779.0,-0.07171561221266003,1834646,4.491158763052927,"ISTAT POSAS, January 1",63,63,12
2025,180,antifungals,convenzionata,2531818.84,120684.0,-0.1431251872940172,1834646,1.3800040116730965,"ISTAT POSAS, January 1",47,47,12
2025,180,antifungals,direct,3304826.88,18419.0,0.3594512307604487,1834646,1.801343081989659,"ISTAT POSAS, January 1",0,0,12
2025,190,antibiotics,convenzionata,50143699.68,5984417.0,-0.01807613619860049,4787390,10.474120487363678,"ISTAT POSAS, January 1",251,251,12
2025,190,antibiotics,direct,24685220.31,1666863.0,-0.0203947321758556,4787390,5.156300261729251,"ISTAT POSAS, January 1",53,53,12
2025,190,antifungals,convenzionata,4958542.42,258850.0,-0.16111502834605881,4787390,1.035750674166926,"ISTAT POSAS, January 1",53,53,12
2025,190,antifungals,direct,5486662.05,46871.0,0.06917235811917737,4787390,1.1460654030693134,"ISTAT POSAS, January 1",0,0,12
2025,200,antibiotics,convenzionata,12944560.52,1455536.0,-0.05382540933013925,1562381,8.285149729803422,"ISTAT POSAS, January 1",246,246,12
2025,200,antibiotics,direct,5800024.89,396328.0,0.21826551212867698,1562381,3.7122986582658135,"ISTAT POSAS, January 1",55,55,12
2025,200,antifungals,convenzionata,1504533.34,91875.0,-0.10573379668194233,1562381,0.9629746777514576,"ISTAT POSAS, January 1",48,48,12
2025,200,antifungals,direct,3312349.43,18005.0,0.2891183394221014,1562381,2.120065099357967,"ISTAT POSAS, January 1",0,0,12
